360,-22.8,-19.5,4.5,106.8,3.9,-28.4,30.5,108.3,36.6,-57.8,14.3,137.4
361,0.7,-1.1,10.1,118.8,36.3,-2.7,38.9,108.6,38.7,-22.9,13.1,114.6
362,24.1,17.2,15.6,130.7,68.6,23.0,47.3,109.0,40.8,11.9,12.0,91.8
363,19.6,21.5,20.6,139.4,86.2,30.2,45.1,115.7,48.5,31.7,8.4,81.3
364,-21.8,6.9,24.8,143.7,84.1,12.8,28.7,130.9,63.7,31.3,1.4,87.3
365,-63.3,-7.6,29.0,148.0,82.0,-4.6,12.3,146.0,79.0,30.8,-5.6,93.3
366,-53.5,-5.5,32.9,144.7,68.9,-4.6,17.9,125.5,57.5,20.5,1.7,111.1
367,-29.2,1.2,36.6,139.3,52.7,0.2,29.7,94.9,25.7,7.3,13.1,132.3
368,-5.2,8.0,40.3,137.4,38.7,8.7,43.0,73.6,2.2,-2.9,22.7,147.2
369,16.3,14.5,43.5,158.1,38.6,40.7,66.2,111.8,32.5,5.4,21.0,121.4
370,37.8,20.9,46.6,178.7,38.4,72.7,89.3,150.0,62.7,13.7,19.4,95.7
371,42.3,17.3,42.1,191.1,41.5,82.6,94.3,182.7,78.7,26.6,28.9,90.5
372,29.2,3.2,29.9,194.9,48.0,69.8,80.7,209.7,80.0,44.3,50.0,106.6
373,16.0,-10.8,17.6,198.7,54.4,57.0,67.0,236.8,81.3,61.9,71.2,122.6
374,29.8,9.0,18.8,181.0,49.8,48.0,58.7,205.0,64.6,61.0,65.8,120.9
375,48.1,34.6,22.4,159.6,43.2,39.6,51.4,163.3,44.9,57.0,55.8,116.3
376,63.8,49.9,23.6,140.5,41.3,32.2,46.0,130.4,32.1,47.5,43.1,115.0
377,70.0,28.5,16.5,129.4,55.6,28.0,47.2,128.8,44.2,18.6,20.3,125.8
378,76.3,7.1,9.4,118.4,69.9,23.8,48.4,127.2,56.3,-10.4,-2.5,136.5
379,71.0,1.1,6.3,112.5,67.5,41.1,53.4,140.1,59.5,-8.9,-4.1,128.2
380,57.6,5.9,5.9,110.1,53.5,73.4,61.2,163.1,56.4,13.9,9.0,106.7
381,44.1,10.6,5.6,107.7,39.5,105.7,68.9,186.0,53.4,36.7,22.2,85.2
382,33.6,18.1,44.0,126.4,58.1,78.6,75.7,158.3,68.6,32.6,35.9,101.8
383,23.2,25.6,83.9,145.9,78.0,49.2,82.5,128.6,84.4,27.4,49.5,119.8
384,18.2,19.6,97.7,150.7,84.1,27.5,80.4,110.3,86.7,21.5,51.2,130.6
385,23.6,-12.8,60.3,126.8,63.2,21.0,61.1,114.1,62.4,14.0,29.4,127.2
386,28.9,-45.3,22.9,102.8,42.3,14.4,41.8,117.9,38.1,6.5,7.6,123.9
387,32.3,-37.8,19.0,95.8,41.5,9.8,24.9,119.6,39.0,11.3,21.6,129.7
388,35.0,-14.7,28.1,95.3,48.6,5.8,8.9,120.5,49.7,20.8,49.7,139.0
389,36.4,6.4,35.6,96.6,55.1,2.0,-3.5,123.0,58.8,28.5,71.3,146.1
390,27.5,10.1,30.1,113.3,57.5,-1.1,14.9,139.5,54.0,20.8,36.9,133.7
391,18.6,13.8,24.6,130.0,59.8,-4.2,33.2,156.0,49.2,13.1,2.4,121.4
392,25.6,20.7,23.5,142.8,63.2,-3.1,52.0,171.9,50.5,11.2,-10.5,122.9
393,49.0,31.0,26.9,151.5,67.8,2.4,71.3,187.1,58.1,15.1,-1.0,138.9
394,72.5,41.3,30.3,160.3,72.4,7.8,90.6,202.3,65.7,19.1,8.5,154.9
395,67.4,34.3,14.2,145.0,71.6,27.5,70.0,173.8,72.3,15.5,2.5,141.5
396,58.5,25.1,-4.6,126.5,70.0,49.0,44.2,139.5,78.7,10.9,-5.4,124.3
397,49.3,19.2,-11.2,115.9,75.0,61.5,28.9,123.7,84.3,12.1,-11.6,121.4
398,39.2,21.6,13.5,125.6,96.5,50.5,40.8,155.8,87.7,28.5,-13.1,155.3
399,29.2,24.0,38.2,135.3,118.1,39.6,52.7,187.9,91.0,44.9,-14.6,189.2
400,13.5,11.3,25.5,115.1,99.2,18.7,39.3,169.1,82.9,26.5,-7.6,165.3
401,-4.9,-8.4,-4.7,80.8,61.2,-6.9,13.9,126.4,69.4,-8.3,3.4,114.1
402,-19.2,-25.8,-33.3,51.6,26.6,-29.6,-8.7,89.1,57.5,-40.5,11.6,68.5
403,11.0,-18.6,-43.0,77.3,29.9,-19.3,-1.6,111.6,62.8,-43.7,-10.7,83.5
404,41.3,-11.4,-52.7,103.0,33.3,-9.0,5.6,134.0,68.0,-46.9,-33.0,98.4
405,62.0,-5.1,-38.5,122.6,45.4,3.1,15.4,160.0,82.7,-25.5,-31.0,122.5
406,72.7,0.5,0.3,136.0,66.6,17.1,28.0,189.7,107.1,21.3,-3.8,156.1
407,83.5,6.0,39.2,149.3,87.9,31.1,40.6,219.4,131.5,68.1,23.3,189.7
408,60.4,32.9,31.6,163.0,94.3,37.1,47.0,206.6,127.6,50.5,27.8,210.2
409,33.7,62.0,19.1,176.7,99.1,42.1,52.7,189.4,120.7,26.1,29.9,229.2
410,33.0,77.7,18.4,184.1,107.7,43.3,63.6,190.2,126.1,14.9,37.2,238.8
411,87.9,64.7,42.6,178.3,124.7,36.5,85.3,229.4,157.9,32.1,55.6,228.3
412,142.9,51.8,66.9,172.5,141.7,29.6,107.0,268.5,189.7,49.4,74.1,217.7
413,144.3,39.6,54.2,192.6,165.9,23.4,80.0,281.0,207.2,37.7,48.8,233.9
414,126.9,27.7,28.6,221.8,192.6,17.5,35.8,284.0,219.8,15.8,8.1,259.5
415,119.4,22.4,14.5,256.3,227.1,16.1,1.9,297.2,241.0,3.6,-17.3,291.7
416,162.5,50.7,59.5,317.8,300.5,38.1,20.9,362.3,306.4,41.2,36.1,357.6
417,205.7,79.0,104.4,379.4,373.9,60.0,39.8,427.3,371.9,78.8,89.4,423.4
418,256.4,86.2,107.2,415.4,412.2,72.6,58.8,482.0,418.8,74.2,88.4,470.7
419,312.3,78.8,81.0,433.9,426.1,78.7,77.9,529.4,452.9,40.4,49.9,505.1
420,368.3,70.8,55.3,453.3,442.2,84.6,95.9,578.2,488.0,7.9,12.2,541.2
421,423.2,39.0,49.5,512.8,547.6,83.1,73.9,681.5,565.8,28.3,6.5,645.2
422,478.0,7.2,43.8,572.4,652.9,81.6,51.9,784.7,643.6,48.6,0.8,749.3
423,553.7,14.5,44.7,662.0,773.4,70.6,46.7,895.4,761.1,58.6,6.9,878.3
424,653.6,67.6,53.5,786.8,911.5,48.6,61.2,1015.1,925.1,56.7,26.8,1036.7
425,753.6,120.7,62.3,911.6,1049.6,26.5,75.8,1134.7,1089.2,54.8,46.6,1195.1
426,934.1,107.2,64.3,1090.4,1286.3,33.5,85.8,1400.9,1334.5,46.2,63.1,1441.4
427,1123.3,86.4,65.5,1275.2,1533.8,43.8,95.4,1683.2,1588.8,37.0,79.2,1697.3
428,1333.6,75.8,73.5,1484.7,1809.9,56.8,104.1,1987.4,1864.3,33.8,86.0,1979.8
429,1583.4,84.3,94.1,1740.8,2140.0,74.8,111.1,2332.9,2180.1,42.3,75.2,2312.3
430,1833.2,92.8,114.7,1996.9,2470.1,92.9,118.1,2678.5,2495.8,50.8,64.4,2644.8
431,2167.0,99.1,134.5,2387.9,2976.1,81.7,123.3,3179.9,2990.9,61.0,75.9,3128.0
432,2522.2,104.9,154.1,2813.5,3527.1,63.1,128.1,3721.3,3531.8,71.6,93.2,3649.7
433,2941.5,107.2,170.4,3287.8,4154.1,45.1,134.9,4338.6,4141.3,72.9,107.0,4255.7
434,3553.0,99.2,177.0,3908.6,5008.8,29.3,148.0,5183.6,4956.5,46.3,110.6,5114.9
435,4164.6,91.1,183.6,4529.3,5863.6,13.6,161.1,6028.6,5771.7,19.6,114.1,5974.1
436,4901.2,91.7,198.0,5278.4,6817.3,30.7,179.0,7016.7,6740.6,52.3,112.1,6990.6
437,5689.4,95.8,215.5,6080.4,7811.9,61.5,198.8,8063.6,7772.8,109.4,107.8,8072.0
438,6512.0,96.9,234.0,6921.9,8883.5,86.4,220.0,9177.4,8871.8,151.8,108.3,9211.8
439,7502.0,83.8,257.1,7956.1,10329.8,83.3,247.5,10616.1,10296.1,122.6,132.1,10635.9
440,8492.0,70.7,280.1,8990.2,11776.1,80.1,275.0,12054.8,11720.4,93.3,156.0,12060.1
441,9810.2,78.6,324.0,10379.2,13589.8,85.6,294.1,13907.8,13578.9,84.6,187.5,13889.2
442,11315.4,98.5,379.8,11970.2,15612.8,96.2,308.6,15996.6,15684.6,87.5,223.3,15948.7
443,12862.0,117.1,434.7,13601.1,17693.4,105.8,328.7,18144.4,17833.0,91.7,258.3,18068.7
444,14748.8,125.0,482.6,15559.4,20248.2,108.1,394.8,20777.7,20332.6,105.3,287.3,20685.9
445,16635.6,132.8,530.5,17517.8,22803.0,110.3,461.0,23410.9,22832.2,118.9,316.3,23303.1
446,18373.7,137.4,567.4,19314.3,25093.3,128.8,502.5,25772.4,25117.5,133.5,343.2,25686.2
447,20005.9,139.7,596.3,20995.7,27195.2,158.9,526.5,27940.3,27250.2,148.8,368.7,27902.5
448,21602.7,142.2,624.4,22645.5,29261.3,186.1,550.7,30067.7,29341.6,162.9,392.4,30075.0
449,22682.3,149.5,640.0,23837.3,30806.6,173.4,577.8,31605.1,30831.9,159.8,390.3,31610.4
450,23761.9,156.8,655.6,25029.1,32351.8,160.7,604.8,33142.6,32322.2,156.8,388.3,33145.7
451,24427.0,164.0,680.8,25687.5,33251.6,160.5,634.2,34044.6,33232.5,153.3,406.4,34018.9
452,24751.5,171.3,714.0,25907.6,33621.3,170.7,665.4,34424.4,33666.5,149.5,441.1,34348.1
453,25018.1,178.3,743.5,26075.2,33916.2,180.6,692.9,34727.4,34024.4,146.5,472.8,34603.1
454,23824.2,178.0,679.7,24922.7,32328.0,182.0,626.8,33096.0,32466.3,164.5,429.6,32987.5
455,22630.2,177.8,615.9,23770.1,30739.9,183.4,560.6,31464.6,30908.3,182.5,386.3,31371.8
456,21355.7,166.8,584.2,22469.3,29056.7,178.1,516.6,29734.5,29219.6,180.5,349.8,29680.7
457,20010.2,146.6,580.6,21038.2,27289.8,166.9,492.0,27917.7,27415.8,160.9,319.3,27923.2
458,18661.1,127.8,575.0,19604.7,25515.3,156.3,468.0,26094.4,25605.7,142.2,289.6,26156.6
459,17196.3,158.4,508.2,18096.9,23500.0,166.2,460.4,24064.8,23589.8,148.1,287.4,24101.4
460,15731.6,189.0,441.3,16589.1,21484.6,176.1,452.7,22035.1,21573.9,154.0,285.3,22046.2
461,14432.9,211.9,394.7,15245.7,19718.8,200.0,423.5,20257.5,19796.8,164.7,268.8,20256.3
462,13279.5,228.0,365.9,14046.3,18171.5,236.0,375.3,18700.6,18228.8,179.7,239.8,18698.7
463,12134.9,244.7,337.9,12860.5,16636.9,271.6,328.5,17159.5,16675.6,195.0,212.0,17155.7
464,11194.8,274.6,329.8,11996.1,15401.7,296.3,313.6,15991.7,15471.4,217.0,211.3,15954.7
465,10254.8,304.5,321.7,11131.8,14166.6,321.1,298.8,14823.8,14267.2,238.9,210.5,14753.6
466,9438.9,343.6,307.1,10333.3,13024.9,356.4,274.6,13727.1,13114.0,265.6,208.6,13647.6
467,8723.4,390.0,287.4,9587.9,11958.8,400.2,242.9,12687.9,12002.1,296.1,205.7,12618.2
468,8014.8,439.9,270.0,8857.7,10910.9,447.7,214.0,11669.7,10910.1,329.4,201.7,11603.4
469,7400.1,535.7,283.2,8327.8,10105.1,543.6,222.2,10931.6,10083.0,400.7,184.4,10781.5
470,6785.3,631.6,296.4,7798.0,9299.2,639.4,230.4,10193.4,9256.0,472.0,167.0,9959.7
471,6195.5,715.4,284.5,7283.9,8513.5,726.7,220.8,9489.8,8460.1,549.1,157.6,9238.0
472,5622.8,790.8,255.3,6780.7,7741.6,808.1,198.9,8809.9,7685.6,630.3,153.7,8585.4
473,5063.2,871.1,229.8,6297.7,6981.1,894.5,180.7,8142.6,6929.7,710.7,149.0,7941.3
474,4600.8,987.7,231.4,5965.7,6305.9,1018.1,190.1,7568.9,6312.0,785.6,138.4,7361.6
475,4138.3,1104.2,233.0,5633.8,5630.7,1141.6,199.4,6995.3,5694.4,860.5,127.8,6781.8
476,3743.7,1204.4,226.0,5290.6,5065.4,1269.7,199.2,6522.3,5129.1,942.4,131.9,6272.9
477,3385.7,1295.8,214.2,4941.3,4559.5,1400.1,193.8,6103.7,4592.2,1027.9,144.0,5802.4
478,3037.4,1385.2,206.4,4632.0,4078.9,1518.3,189.3,5709.2,4083.0,1108.4,153.4,5361.0
479,2731.8,1466.2,215.6,4498.8,3709.5,1582.1,188.8,5420.2,3695.5,1166.8,151.0,5048.0
480,2426.3,1547.1,224.9,4365.6,3340.1,1645.9,188.3,5131.1,3308.1,1225.2,148.6,4735.0
481,2227.8,1631.3,226.3,4227.7,3062.2,1690.8,203.8,4935.3,3047.9,1268.8,155.2,4532.4
482,2069.8,1716.8,224.6,4087.9,2818.8,1728.6,225.4,4774.7,2835.6,1306.9,165.1,4371.4
483,1911.8,1780.4,221.3,3955.2,2585.1,1771.1,234.5,4610.3,2617.2,1342.1,166.9,4191.9
484,1753.7,1785.8,213.5,3841.1,2377.4,1826.5,210.3,4435.8,2382.2,1369.5,146.7,3962.8
485,1595.7,1791.1,205.7,3727.0,2169.6,1881.8,186.0,4261.2,2147.3,1396.9,126.6,3733.6
486,1473.4,1832.2,210.9,3612.8,2006.8,1910.7,199.9,4128.6,1990.7,1431.7,137.9,3610.6
487,1358.8,1880.9,219.0,3498.6,1853.7,1933.7,222.0,4005.1,1851.2,1468.0,155.9,3510.5
488,1263.0,1949.8,225.5,3443.0,1731.8,1975.6,235.5,3931.9,1740.1,1516.6,168.5,3442.0
489,1198.3,2051.8,229.5,3483.9,1661.1,2048.5,235.2,3941.6,1676.0,1585.1,172.0,3425.7
490,1133.6,2153.8,233.5,3524.7,1590.5,2121.3,234.8,3951.4,1611.9,1653.7,175.4,3409.3
491,1090.8,2217.5,241.1,3570.6,1502.8,2206.8,236.4,3990.2,1521.1,1703.4,159.3,3391.5
492,1049.3,2278.6,249.0,3616.7,1414.0,2293.1,238.1,4031.0,1428.5,1752.0,141.8,3373.6
493,1023.8,2400.7,262.0,3724.2,1368.0,2436.4,239.1,4123.2,1370.2,1851.9,137.5,3423.0
494,1013.8,2582.9,279.9,3892.3,1364.1,2636.1,239.6,4266.1,1345.8,2002.4,146.1,3538.8
495,1003.1,2769.1,297.3,4069.6,1361.4,2838.9,241.5,4419.9,1326.1,2156.3,155.4,3665.8
496,981.6,3005.7,307.0,4362.7,1372.4,3080.8,260.7,4709.7,1365.2,2351.8,173.0,3934.1
497,960.1,3242.3,316.7,4655.8,1383.4,3322.7,280.0,4999.5,1404.3,2547.3,190.6,4202.4
498,989.4,3560.2,342.5,5036.0,1397.3,3662.2,303.4,5397.3,1419.5,2788.6,209.3,4535.2
499,1046.3,3921.9,377.1,5463.3,1412.8,4054.4,329.2,5853.4,1421.7,3054.7,228.7,4902.8
500,1097.1,4316.7,411.1,5922.1,1437.7,4471.1,359.7,6340.9,1436.1,3350.9,246.9,5276.7
501,1127.5,4822.0,443.6,6486.6,1494.0,4969.9,406.4,6933.7,1491.2,3747.8,261.1,5672.3
502,1157.9,5327.4,476.0,7051.1,1550.4,5468.6,453.0,7526.4,1546.3,4144.8,275.3,6067.8
503,1196.6,5947.8,531.0,7775.6,1615.2,6062.6,476.2,8261.4,1632.2,4624.9,314.0,6671.9
504,1237.1,6594.2,591.1,8536.4,1682.0,6678.3,494.0,9028.7,1725.1,5123.8,358.2,7323.3
505,1277.7,7308.1,646.2,9373.6,1738.9,7387.0,536.2,9875.7,1799.9,5656.3,398.1,8000.9
506,1318.3,8120.8,693.9,10322.7,1781.2,8232.0,614.0,10839.7,1848.1,6237.9,431.4,8716.8
507,1359.0,8933.8,741.5,11272.0,1823.5,9077.3,691.8,11803.9,1896.3,6819.8,464.7,9432.7
508,1414.8,9908.3,817.2,12343.1,1907.6,10119.3,772.4,12944.3,1948.0,7597.7,507.0,10296.3
509,1470.7,10882.8,892.9,13414.3,1991.7,11161.4,853.0,14084.7,1999.7,8375.6,549.2,11159.9
510,1509.2,11786.5,973.3,14459.6,2053.8,12070.5,928.2,15133.2,2052.6,9077.7,595.9,11974.2
511,1536.3,12643.5,1056.9,15487.9,2101.3,12891.6,999.7,16120.8,2106.2,9729.7,645.6,12756.0
512,1554.5,13505.5,1134.9,16488.5,2135.8,13721.4,1064.9,17093.9,2146.6,10382.6,694.2,13517.9
513,1539.4,14386.6,1191.5,17383.5,2120.6,14584.5,1106.2,18011.8,2136.2,11039.2,738.5,14204.0
514,1524.2,15267.8,1248.2,18278.4,2105.4,15447.6,1147.4,18929.7,2125.7,11695.7,782.8,14890.1
515,1538.2,16129.3,1308.5,19227.2,2092.8,16352.3,1191.9,19893.0,2118.1,12384.3,823.1,15614.1
516,1558.5,16986.5,1369.5,20187.9,2080.8,17266.1,1237.0,20866.5,2111.1,13080.1,862.6,16346.4
517,1546.0,17796.6,1423.5,21075.7,2066.4,18106.8,1277.9,21744.5,2102.4,13728.1,901.2,17012.6
518,1490.7,18545.3,1468.3,21868.8,2048.8,18852.3,1313.3,22498.7,2091.4,14314.2,938.7,17592.9
519,1437.3,19277.8,1514.6,22646.2,2028.9,19585.1,1349.8,23239.0,2076.5,14889.0,974.7,18164.1
520,1413.4,19737.8,1586.6,23159.3,1969.2,20103.9,1406.0,23749.1,1996.6,15275.5,985.9,18584.5
521,1389.6,20197.8,1658.7,23672.3,1909.5,20622.6,1462.2,24259.1,1916.6,15662.0,997.2,19004.8
522,1353.5,20680.4,1692.3,24114.9,1831.9,21083.5,1494.5,24747.9,1846.7,16035.4,1016.2,19332.3
523,1311.7,21173.3,1708.1,24524.7,1745.9,21517.5,1515.9,25226.8,1781.4,16402.7,1038.9,19616.7
524,1265.1,21581.6,1738.5,24869.1,1665.0,21900.3,1530.3,25609.5,1710.4,16704.7,1054.2,19835.2
525,1208.0,21805.8,1800.4,25071.6,1594.9,22172.0,1529.8,25782.9,1626.8,16864.7,1053.9,19910.2
526,1150.9,22029.9,1862.4,25274.0,1524.9,22443.8,1529.2,25956.4,1543.2,17024.8,1053.5,19985.2
527,1074.7,21950.1,1819.9,25097.5,1445.8,22372.7,1537.3,25785.9,1451.2,16979.0,1069.8,19853.3
528,997.6,21855.1,1772.1,24902.0,1366.3,22284.6,1545.8,25598.1,1358.9,16922.9,1087.0,19711.1
529,935.8,21773.1,1747.0,24732.7,1270.1,22219.9,1543.9,25409.0,1279.2,16869.4,1076.2,19552.9
530,884.4,21700.0,1737.4,24581.4,1162.5,22171.2,1535.0,25218.9,1208.3,16817.5,1046.4,19383.9
531,832.8,21585.0,1726.2,24393.6,1066.9,22078.8,1528.7,24993.9,1136.7,16726.0,1022.9,19196.3
532,780.4,21339.4,1710.6,24092.3,1008.5,21849.8,1530.8,24659.8,1062.5,16511.1,1019.2,18951.0
533,728.0,21093.9,1694.9,23790.9,950.2,21620.9,1532.9,24325.8,988.4,16296.1,1015.4,18705.7
534,648.3,20739.2,1676.5,23360.5,891.7,21217.0,1479.0,23867.2,903.7,16049.5,1003.5,18326.0
535,565.4,20371.8,1657.9,22915.2,833.1,20793.0,1418.5,23394.1,817.8,15799.3,990.6,17930.8
536,513.1,19881.1,1618.9,22331.7,767.8,20293.4,1389.7,22800.3,752.2,15423.3,975.5,17462.6
537,485.4,19291.6,1563.7,21637.5,697.1,19733.2,1386.5,22109.7,702.7,14946.4,958.6,16936.0
538,459.5,18732.1,1518.4,20973.1,633.2,19180.3,1373.9,21439.2,651.5,14494.6,935.3,16430.2
539,439.8,18279.7,1508.3,20415.3,593.4,18653.3,1328.6,20840.3,594.1,14132.4,889.1,15998.7
540,420.2,17827.4,1498.2,19857.5,553.6,18126.3,1283.2,20241.4,536.7,13770.2,842.9,15567.2
541,368.7,17174.5,1431.6,19154.4,516.2,17529.4,1232.7,19532.3,498.5,13291.5,843.3,14968.1
542,313.3,16496.6,1357.9,18433.0,479.0,16923.7,1181.5,18809.4,462.7,12798.3,849.6,14348.0
543,273.2,15862.3,1305.1,17730.0,434.9,16269.2,1140.2,18067.8,424.1,12292.0,836.0,13768.3
544,245.0,15261.7,1268.5,17041.1,385.3,15577.0,1106.7,17311.6,383.4,11775.6,807.2,13219.9
545,227.0,14644.0,1232.3,16334.4,341.3,14894.0,1077.3,16558.0,345.4,11265.7,769.7,12665.6
546,240.5,13973.3,1197.8,15572.0,314.5,14239.8,1060.8,15812.7,316.0,10775.9,705.6,12092.8
547,253.9,13302.5,1163.2,14809.7,287.7,13585.7,1044.3,15067.3,286.6,10286.2,641.5,11520.0
548,222.0,12677.7,1111.5,14096.2,269.2,12908.9,1011.1,14311.0,261.2,9768.2,646.6,10929.6
549,186.7,12056.3,1058.6,13386.4,251.3,12230.5,976.6,13553.9,236.2,9247.9,656.8,10337.9
550,156.7,11460.3,1009.6,12714.1,231.4,11599.6,931.0,12877.5,221.0,8788.5,654.1,9795.8
551,129.9,10879.8,962.9,12064.7,210.4,10997.5,878.8,12250.2,211.7,8366.0,643.5,9283.9
552,128.1,10281.8,920.0,11409.4,193.7,10397.0,831.7,11591.2,203.9,7930.6,616.7,8774.1
553,180.0,9646.8,885.0,10741.5,186.3,9799.9,795.7,10864.1,199.1,7467.4,555.2,8269.0
554,228.9,9013.0,849.4,10074.9,178.4,9203.4,759.2,10140.5,193.5,7005.5,494.3,7765.5
555,146.8,8440.4,788.7,9466.2,143.9,8636.6,695.8,9574.8,147.1,6598.7,456.1,7335.2
556,64.7,7867.7,728.0,8857.6,109.5,8069.9,632.5,9009.2,100.7,6191.8,417.8,6904.8
557,25.7,7354.2,677.5,8246.8,91.7,7518.1,580.7,8382.2,79.4,5746.9,381.4,6416.5
558,2.8,6862.7,630.8,7635.2,80.0,6971.9,533.3,7732.5,67.4,5287.9,345.7,5906.6
559,9.4,6368.0,590.7,7075.4,77.6,6445.6,511.7,7136.0,60.7,4877.3,329.0,5453.1
560,53.2,5869.4,558.8,6580.6,86.7,5944.5,522.7,6606.3,60.8,4527.3,336.4,5070.3
561,90.7,5389.6,529.5,6097.9,93.6,5464.0,530.2,6102.2,63.1,4190.4,341.7,4692.7
562,95.2,5006.9,513.1,5677.0,89.1,5090.1,519.4,5729.3,76.6,3921.0,336.6,4342.3
563,99.7,4624.2,496.8,5256.2,84.6,4716.2,508.6,5356.5,90.1,3651.5,331.5,3992.0
564,73.5,4260.3,472.2,4863.8,69.2,4320.4,445.6,4918.0,79.7,3307.9,318.2,3703.7
565,43.4,3898.7,446.6,4475.1,52.4,3921.9,375.9,4471.2,66.3,2954.8,303.9,3423.3
566,30.6,3576.7,431.5,4124.7,40.8,3611.4,361.8,4113.0,50.4,2716.9,290.2,3171.7
567,28.4,3279.1,422.9,3797.9,32.3,3355.3,382.0,3809.6,33.2,2550.0,277.0,2937.7
568,25.2,3011.4,423.7,3497.0,29.2,3098.1,386.8,3519.7,23.3,2381.2,263.4,2706.6
569,19.9,2798.1,441.6,3242.8,35.7,2839.0,363.6,3254.6,26.8,2208.7,249.2,2480.9
570,13.2,2579.8,456.1,2992.6,41.4,2581.6,346.5,2996.8,31.2,2031.7,237.6,2261.1
571,-6.6,2314.7,438.6,2779.9,39.2,2340.1,387.0,2807.0,43.9,1812.2,249.7,2096.7
572,-26.5,2049.6,421.1,2567.1,37.0,2098.6,427.5,2617.1,56.7,1592.7,261.8,1932.4
573,-3.8,1850.5,433.0,2370.6,28.1,1888.2,451.9,2399.9,32.6,1449.9,292.8,1784.6
574,26.7,1663.4,450.2,2177.0,18.0,1683.5,473.5,2177.8,1.8,1321.3,327.3,1639.8
575,50.2,1510.9,500.6,2025.6,27.5,1530.4,500.4,2040.8,17.0,1200.9,339.3,1525.1
576,69.1,1381.6,573.2,1902.4,50.2,1411.9,530.9,1961.1,63.1,1086.0,336.1,1430.7
577,71.8,1248.3,636.3,1803.0,73.6,1283.7,558.6,1876.8,85.0,977.5,348.4,1355.7
578,45.5,1107.8,682.3,1746.3,98.3,1138.2,581.2,1784.5,63.3,880.4,388.7,1315.7
579,20.4,971.8,730.3,1692.7,113.5,996.2,611.9,1692.5,43.0,780.4,430.7,1271.3
580,3.1,868.4,792.7,1661.5,60.8,879.1,699.6,1603.2,32.7,659.4,484.9,1195.7
581,-14.3,765.0,855.0,1630.3,8.1,762.0,787.3,1513.8,22.4,538.3,539.0,1120.1
582,7.5,681.2,925.9,1644.2,2.5,676.7,871.0,1514.3,8.9,476.0,576.2,1096.0
583,33.9,599.8,997.7,1663.4,2.4,595.2,954.2,1525.5,-5.1,420.7,611.3,1078.0
584,27.2,528.8,1141.9,1713.5,-13.6,537.0,1057.9,1555.9,-16.0,385.2,682.1,1107.3
585,4.3,462.9,1321.5,1778.6,-37.4,490.3,1171.6,1595.8,-25.6,359.5,770.4,1159.8
586,-10.3,409.8,1480.5,1860.0,-40.4,436.4,1305.0,1668.1,-21.5,328.9,877.4,1217.4
587,-14.7,372.3,1614.6,1961.1,-18.4,373.9,1462.1,1779.5,-1.1,292.6,1007.0,1281.4
588,-6.6,332.7,1752.8,2065.2,-2.6,316.7,1614.6,1890.3,14.6,248.1,1121.7,1340.3
589,40.5,286.7,1903.9,2178.9,-6.1,276.4,1752.9,1999.7,15.5,178.1,1189.4,1383.5
590,84.1,240.7,2058.3,2296.9,-9.5,236.7,1893.7,2111.6,15.9,111.4,1259.5,1429.7
591,35.4,194.1,2299.6,2529.9,-10.5,213.9,2100.2,2295.1,2.4,136.7,1395.2,1558.1
592,-13.4,147.4,2541.0,2762.9,-11.5,191.0,2306.8,2478.5,-11.0,161.9,1531.0,1686.4
593,-37.3,149.3,2815.0,3033.0,18.1,163.2,2534.6,2688.2,-14.3,134.8,1691.8,1833.3
594,-56.3,160.8,3095.4,3310.5,53.7,134.4,2766.4,2903.0,-15.6,97.4,1857.5,1983.8
595,-61.9,126.5,3386.1,3576.7,33.9,98.4,3008.4,3119.0,-18.5,65.5,2018.0,2144.8
596,-60.2,66.7,3682.6,3836.8,-16.9,58.5,3255.9,3335.6,-22.4,36.5,2175.6,2311.8
597,-41.5,48.6,4060.5,4174.0,-33.5,47.8,3573.4,3628.9,-25.9,28.8,2382.4,2532.8
598,-2.7,80.6,4536.1,4603.7,-9.0,72.0,3974.9,4014.0,-29.1,46.6,2648.4,2818.6
599,24.6,96.6,5071.2,5116.1,19.2,80.3,4448.4,4486.3,-24.1,61.0,2968.3,3143.8
600,21.4,70.2,5765.2,5849.1,57.4,45.8,5114.2,5191.8,2.5,65.9,3432.2,3573.9
601,17.6,46.3,6526.3,6642.9,85.6,16.1,5827.8,5942.0,24.1,67.9,3930.3,4038.8
602,9.6,46.5,7915.4,8006.6,19.8,30.4,6989.7,7112.2,-1.6,42.9,4748.9,4827.8
603,1.5,46.6,9304.5,9370.3,-46.1,44.7,8151.7,8282.4,-27.2,17.9,5567.4,5616.8
604,13.3,67.7,10858.8,10941.5,-15.7,88.1,9578.0,9681.6,12.0,64.9,6462.1,6591.7
605,26.6,90.4,12426.2,12529.2,22.2,133.8,11025.2,11098.9,56.3,117.6,7362.7,7581.5
606,0.4,83.2,14986.1,15103.2,34.0,106.3,13305.9,13398.6,55.9,98.4,8900.6,9074.9
607,-38.1,66.8,17855.3,17984.5,37.5,55.9,15846.3,15973.4,41.5,56.9,10637.1,10725.3
608,-46.2,60.1,20318.0,20458.4,35.5,49.1,17952.2,18151.6,28.5,53.2,12095.1,12159.9
609,-34.5,59.8,22514.6,22665.5,29.8,70.9,19773.4,20070.1,16.5,74.3,13370.9,13453.0
610,-12.8,49.6,23784.9,23958.1,37.5,83.7,20906.5,21180.2,16.0,82.6,14108.1,14212.3
611,21.1,27.4,23933.3,24143.3,61.5,85.6,21206.5,21311.5,29.5,75.4,14193.1,14325.0
612,41.4,18.2,23847.2,24083.6,78.6,87.5,21247.4,21253.1,39.5,75.2,14145.2,14303.4
613,30.7,38.4,23230.0,23469.1,80.4,89.4,20701.8,20765.6,41.3,91.0,13796.2,13977.8
614,23.1,56.7,22580.2,22818.3,79.6,86.4,20116.1,20235.2,46.0,98.4,13424.5,13624.1
615,30.3,65.3,21766.3,21985.6,65.3,58.6,19330.3,19490.7,65.4,63.4,12938.5,13130.0
616,38.8,73.3,20922.1,21122.0,52.0,31.8,18519.8,18718.4,83.3,29.7,12433.8,12618.7
617,82.5,60.2,19168.3,19338.0,68.9,32.9,16973.6,17116.1,54.7,36.9,11371.0,11597.2
618,126.3,47.2,17414.6,17554.0,85.7,34.1,15427.4,15513.8,26.1,44.1,10308.1,10575.6
619,68.5,39.9,17176.1,17293.7,55.1,19.9,15176.2,15294.8,4.4,30.7,10171.7,10404.6
620,0.1,33.3,17097.2,17193.9,19.5,4.2,15061.5,15221.6,-16.5,15.1,10132.9,10323.2
621,-30.5,27.9,18685.7,18835.5,-16.3,-14.1,16451.3,16638.1,-42.3,-10.3,11105.2,11287.7
622,-50.6,22.9,20736.5,20959.9,-52.1,-33.2,18258.2,18467.6,-69.5,-38.5,12357.6,12542.2
623,-31.1,17.5,25549.3,25752.8,-18.7,3.7,22559.6,22758.7,-45.7,-15.2,15255.5,15449.8
624,8.1,11.9,31738.8,31876.0,49.1,68.5,28104.4,28276.8,3.5,34.0,18973.5,19181.2
625,45.3,23.0,37970.8,38178.1,77.4,108.9,33680.8,33883.6,39.8,60.3,22729.9,23020.8
626,80.7,47.4,44236.3,44621.9,74.3,129.9,39282.2,39560.4,65.8,68.7,26516.6,26946.1
627,102.2,66.8,49321.3,49794.6,96.1,146.1,43849.9,44193.7,93.4,96.6,29655.1,30105.3
628,106.7,80.1,52990.2,53442.3,147.8,156.5,47177.9,47575.2,122.7,148.0,32015.9,32345.6
629,122.5,90.5,56261.6,56715.7,176.0,153.8,50126.6,50535.2,137.4,165.5,34047.3,34351.3
630,158.2,95.5,58818.7,59316.1,162.1,127.4,52393.6,52737.7,125.6,122.1,35486.7,35935.1
631,178.0,96.6,59964.4,60487.5,153.4,107.6,53423.9,53708.9,119.4,97.3,36098.9,36645.0
632,154.0,87.2,57225.3,57725.5,159.1,106.0,51049.8,51291.0,128.8,123.9,34434.1,34949.4
633,130.5,84.4,53600.4,54064.2,169.5,101.2,47868.7,48059.3,133.6,143.9,32226.8,32711.3
634,109.1,112.0,45984.2,46350.9,201.4,82.8,41051.4,41161.3,118.0,134.7,27575.3,28029.6
635,91.2,133.8,38527.7,38803.9,223.1,65.2,34375.0,34421.4,104.5,124.3,23027.8,23449.6
636,102.8,105.0,32461.0,32704.9,155.5,55.6,28927.0,29058.6,108.7,104.6,19385.0,19755.6
637,113.3,76.9,26416.3,26625.4,88.7,46.3,23500.1,23712.7,112.1,85.3,15754.3,16073.8
638,89.7,72.9,21067.0,21163.8,50.7,50.5,18746.3,18903.0,90.0,81.1,12505.1,12774.7
639,66.0,68.9,15717.6,15702.3,12.7,54.7,13992.4,14093.3,68.0,77.0,9255.9,9475.7
640,27.6,63.2,13194.3,13228.6,55.4,14.1,11709.4,11850.4,63.9,60.5,7795.4,7994.8
641,-11.3,57.4,10775.3,10865.2,101.0,-28.1,9517.6,9702.1,60.5,43.6,6401.0,6580.9
642,-6.1,47.2,10470.6,10593.9,47.4,-25.2,9269.0,9397.1,43.7,-1.9,6271.7,6402.7
643,3.8,36.5,10389.5,10543.7,-16.7,-17.5,9225.8,9286.9,25.5,-50.5,6276.2,6355.1
644,25.7,20.8,10249.2,10387.8,-19.6,35.9,9100.5,9200.7,29.4,-20.6,6158.3,6239.0
645,49.8,4.2,10098.5,10213.4,-11.8,97.4,8960.9,9118.8,37.1,23.0,6018.9,6110.9
646,36.0,17.1,9916.0,9993.1,17.9,74.5,8771.1,8926.8,29.8,43.7,5903.6,6030.0
647,12.9,37.3,9725.6,9761.6,53.0,30.9,8569.1,8707.9,18.8,58.7,5794.4,5960.6
648,4.8,48.5,9305.9,9341.0,76.3,-4.1,8240.8,8357.7,32.1,68.1,5573.9,5713.4
649,1.3,56.8,8814.6,8861.3,95.9,-36.5,7873.1,7966.5,52.9,75.7,5318.6,5410.8
650,17.8,34.3,7649.2,7772.3,44.4,-41.3,6895.0,6997.5,25.6,22.9,4604.9,4726.9
651,41.7,0.2,6230.7,6454.4,-33.8,-35.7,5687.6,5811.5,-19.9,-52.5,3719.0,3900.0
652,-3.7,-37.8,5126.1,5312.1,-65.4,-42.3,4671.1,4781.6,-61.0,-66.5,3045.6,3177.2
653,-79.0,-77.6,4157.1,4245.6,-76.8,-54.0,3737.1,3819.2,-100.2,-54.1,2463.9,2499.5
654,-92.2,-78.7,3559.7,3628.1,-40.2,-69.8,3175.5,3225.2,-62.9,-61.0,2101.1,2128.6
655,-75.6,-61.3,3140.3,3225.9,19.3,-87.6,2792.5,2807.9,11.2,-77.3,1843.2,1905.0
656,-25.1,-39.6,2788.3,2837.5,19.1,-55.5,2478.6,2489.1,34.6,-51.2,1648.0,1673.2
657,42.7,-15.6,2471.1,2456.4,-11.8,2.3,2200.4,2221.1,32.0,-3.3,1485.2,1437.3
658,53.2,4.2,2176.7,2132.7,4.1,29.5,1932.2,1972.2,24.6,30.4,1320.4,1284.8
659,32.8,21.9,1894.6,1840.0,45.4,40.2,1669.5,1733.5,14.7,56.4,1154.6,1177.3
660,4.5,22.2,1698.2,1663.5,57.8,12.2,1476.7,1516.0,0.9,51.6,1042.4,1051.3
661,-28.2,13.0,1548.7,1550.6,54.6,-36.9,1322.2,1310.0,-15.0,30.0,959.6,915.2
662,-10.7,24.7,1425.7,1433.1,42.1,-32.9,1256.0,1216.6,6.2,3.5,914.5,859.3
663,33.8,47.7,1317.1,1313.3,24.6,-0.4,1237.3,1183.9,47.3,-25.5,889.8,846.7
664,28.7,24.1,1226.9,1222.6,-8.3,-2.3,1162.6,1114.5,21.5,-29.4,781.7,779.6
665,-2.0,-23.7,1146.2,1147.0,-49.2,-22.2,1058.7,1026.1,-39.1,-20.3,630.5,684.4
666,-15.4,-50.8,1095.9,1102.1,-48.2,-42.9,995.9,996.2,-21.2,-14.8,608.6,659.7
667,-20.4,-67.9,1060.1,1072.0,-27.0,-64.0,952.9,994.5,34.6,-10.9,649.3,669.1
668,-46.7,-42.3,1036.3,1065.2,-45.5,-58.9,925.5,962.5,53.3,-11.7,649.4,679.4
669,-82.3,2.0,1017.8,1068.6,-81.4,-42.3,904.9,917.2,55.9,-14.5,631.9,690.2
670,-77.0,-8.4,1005.0,1045.7,-86.6,-27.6,909.7,890.1,28.4,-26.8,572.7,646.6
671,-56.1,-39.6,994.4,1012.8,-80.3,-13.7,924.2,869.9,-10.6,-42.7,497.5,582.3
672,-49.0,-72.5,926.8,935.8,-27.8,-5.4,825.4,806.1,-26.0,-7.8,490.8,545.3
673,-46.1,-105.8,841.0,844.9,39.5,1.1,690.6,728.5,-34.0,43.3,505.8,517.1
674,-91.0,-96.7,730.8,707.7,-7.2,-51.6,619.7,603.0,-67.6,-10.8,407.6,429.1
675,-147.8,-77.0,614.4,559.0,-82.4,-119.1,564.8,465.5,-107.6,-91.2,281.1,326.2
676,-53.7,-49.3,538.1,491.7,-94.5,-96.6,586.1,448.3,-72.4,-76.3,287.0,308.5
677,67.7,-20.2,469.0,439.0,-95.3,-57.9,621.0,452.8,-23.6,-44.2,316.8,306.1
678,58.9,-15.1,471.8,471.2,-62.8,-33.5,543.4,408.0,-32.3,-14.0,290.1,294.3
679,35.9,-12.6,482.4,512.6,-26.7,-10.7,453.5,357.9,-47.3,16.0,257.1,281.5
680,9.7,-3.2,478.2,448.5,40.2,36.0,425.3,343.4,10.4,59.3,305.8,311.9
681,-13.9,5.2,472.0,381.1,104.7,79.5,398.9,330.2,69.5,100.4,354.3,341.0
682,54.3,-26.1,417.7,347.5,39.8,-19.1,351.0,314.1,77.6,47.8,281.6,266.6
683,110.3,-53.8,364.9,315.7,-16.6,-101.8,307.2,297.6,83.4,1.8,214.7,200.1
684,56.8,-49.0,325.1,300.6,2.8,-42.6,298.4,276.8,68.6,14.4,199.7,203.1
685,6.3,-35.6,295.8,289.7,28.7,5.6,291.8,264.3,55.1,24.8,196.2,206.8
686,-30.3,17.3,314.5,298.9,84.2,3.6,294.5,289.3,47.4,25.1,244.9,213.6
687,-39.2,47.6,323.8,312.2,115.3,-12.2,296.8,301.2,43.1,21.8,275.6,220.2
688,28.1,15.5,307.3,336.7,78.8,-66.0,297.6,276.7,48.1,8.8,256.6,226.5
689,67.1,8.2,294.7,320.4,55.5,-85.1,286.4,260.5,45.4,8.9,228.1,237.7
690,55.3,45.4,289.2,231.0,55.7,-42.2,253.6,259.3,29.0,32.5,182.7,257.9
691,28.5,44.5,274.1,223.9,59.9,-19.3,220.1,250.7,35.3,41.6,162.6,253.5
692,-16.2,-1.9,247.5,314.9,69.0,-20.0,185.8,233.3,68.8,33.6,172.5,220.1
693,-17.3,1.4,217.9,321.6,67.9,-10.6,184.0,224.0,78.6,34.2,165.7,212.9
694,15.3,43.3,185.9,262.7,58.8,6.7,207.8,220.9,69.8,41.6,145.7,226.1
695,27.4,66.5,229.7,204.7,44.2,20.9,206.7,212.9,43.6,59.5,145.2,187.6
696,29.4,80.6,310.2,147.3,27.0,33.6,193.6,202.6,8.9,82.5,154.2,124.0
697,-15.5,-13.6,250.0,155.4,2.1,-24.6,178.9,172.5,9.2,20.5,132.3,79.6
698,-72.8,-136.4,152.6,180.8,-24.8,-101.4,163.7,137.1,18.7,-64.0,102.2,40.2
699,-88.0,-96.0,179.0,168.7,-15.5,-64.5,197.4,119.8,-52.6,-44.9,114.4,68.5
700,-92.1,-40.2,214.9,156.5,-5.7,-18.8,236.3,106.6,-123.8,-16.1,129.6,100.6
701,52.2,24.3,210.4,213.7,-56.3,-5.9,288.2,140.4,-36.9,12.1,125.7,82.5
702,151.1,68.2,208.4,257.1,-82.9,11.6,311.7,174.0,27.3,35.9,124.5,81.2
703,48.1,20.2,217.8,239.0,-2.9,49.6,209.2,206.3,-9.5,40.8,135.2,153.9
704,-20.7,-1.5,198.6,224.7,55.7,60.9,142.2,208.2,-23.9,43.8,149.1,196.6
705,-19.2,31.0,120.5,218.4,70.1,17.3,148.3,147.4,7.9,42.8,169.5,177.4
706,-14.8,13.3,119.4,183.7,34.1,14.5,150.1,114.5,24.6,27.8,159.4,147.4
707,-7.4,-59.4,203.0,117.6,-57.2,56.3,147.1,112.4,24.7,-2.5,115.7,105.5
708,-21.3,-86.2,164.5,108.1,-32.2,16.8,91.9,127.6,-11.5,9.0,81.0,97.6
709,-47.6,-86.6,55.6,131.2,60.1,-69.7,6.6,152.7,-68.6,44.7,51.5,109.3
710,-56.7,-54.7,41.7,171.7,41.7,-51.8,46.6,180.2,-39.5,60.0,78.9,132.5
711,-61.3,-14.6,52.1,216.6,-5.1,-7.2,118.7,208.3,11.6,70.1,120.7,158.7
712,38.1,-40.2,92.7,149.3,-39.2,-29.8,145.7,155.0,-15.7,69.5,121.5,116.7
713,113.4,-67.9,120.1,90.3,-65.4,-41.0,155.0,106.1,-40.0,61.4,116.2,73.0
714,19.5,-94.1,61.7,104.8,-47.6,30.6,67.0,101.5,-29.2,10.5,83.7,33.0
715,-38.3,-90.6,42.4,140.5,-18.1,47.5,37.9,105.1,-6.3,-5.4,61.5,23.7
716,-20.8,-25.3,104.8,220.3,35.9,-50.0,131.8,125.6,41.4,51.9,60.8,78.4
717,-23.4,-6.4,89.3,233.9,32.8,-66.3,148.2,102.7,21.4,23.0,46.9,123.1
718,-45.3,-31.5,-0.3,184.5,-24.7,-5.6,90.9,38.6,-63.1,-87.8,20.6,158.3
719,-11.9,-20.2,-1.7,130.9,13.3,55.2,107.3,57.0,-56.5,-42.8,40.5,115.5
720,44.2,6.2,33.3,75.6,90.7,116.1,154.0,109.5,-12.3,66.5,79.5,40.3
721,-51.3,-64.7,24.7,33.2,40.1,12.6,89.6,92.4,-64.7,24.7,85.4,18.9
722,-148.2,-129.0,11.4,-3.1,-21.6,-87.4,29.6,66.7,-118.3,-28.8,86.2,6.4
723,-141.3,-69.9,-4.4,-2.5,-70.0,-36.9,85.6,28.4,-108.3,-56.0,74.0,20.7
724,-95.3,-42.6,-11.4,31.6,-82.3,13.1,143.9,27.1,-77.4,-62.6,63.7,34.0
725,29.5,-79.5,-0.9,133.3,-21.5,62.6,206.7,100.6,-4.3,-27.7,57.6,45.3
726,60.1,-60.7,34.8,179.7,21.6,70.5,225.1,160.6,6.7,13.3,79.3,110.2
727,14.3,3.2,90.8,181.2,50.5,44.8,207.6,209.8,-32.4,59.2,123.6,218.6
728,-34.1,9.6,37.8,89.1,-15.0,-10.9,156.7,138.3,-34.5,2.5,76.9,164.9
729,-82.2,-1.4,-45.0,-27.0,-106.1,-73.7,96.1,33.9,-26.9,-82.6,5.5,66.5
730,-55.4,-101.8,-47.8,39.6,-105.4,-39.4,18.4,18.4,-74.2,-113.7,-3.1,50.7
731,-6.4,-155.3,-37.7,84.4,-111.3,-13.1,-25.3,18.5,-100.5,-109.6,-9.2,25.0
732,108.2,-71.0,10.5,65.0,-136.7,-10.6,31.5,64.2,-64.7,-1.7,-8.0,-30.3
733,80.7,-14.7,35.6,62.3,-78.5,-39.2,93.3,83.2,-2.3,43.2,30.2,-22.6
734,-89.1,13.5,37.5,76.3,63.3,-99.2,160.1,75.5,86.8,25.0,105.4,48.0
735,4.0,38.5,89.8,97.7,99.6,-38.0,163.0,118.5,100.5,30.0,165.0,105.8
736,181.6,61.9,158.6,121.1,100.2,61.5,145.0,177.3,89.1,43.0,218.3,158.5
737,202.1,45.4,218.0,120.9,15.2,49.2,139.7,161.9,60.5,85.6,158.2,140.8
738,170.5,13.8,229.3,94.6,-39.7,15.9,123.0,136.1,12.3,88.7,92.5,109.6
739,3.2,-57.2,115.2,0.2,-16.4,-72.1,76.0,83.2,-87.0,-11.2,12.2,43.4
740,-34.6,-31.5,73.3,-0.4,-55.1,-87.4,90.5,87.2,-98.6,-39.9,12.9,53.8
741,33.5,73.4,90.6,75.8,-144.4,-43.2,155.3,137.8,-38.5,-10.3,79.9,126.8
742,49.6,36.7,144.5,124.7,-67.4,0.8,106.5,161.6,12.3,104.8,56.4,126.7
743,38.8,-29.0,187.2,157.3,26.5,30.3,47.0,175.6,58.7,208.1,19.5,100.5
744,-98.9,-90.6,81.6,107.2,-19.7,-53.8,88.0,155.6,86.7,79.6,25.2,-11.3
745,-193.1,-114.5,3.1,41.7,-90.4,-132.2,68.5,80.9,55.3,-38.5,-4.5,-39.2
746,-223.1,-82.7,-35.3,-46.8,-197.1,-202.3,-40.3,-74.3,-63.8,-141.3,-86.1,56.6
747,-74.8,-15.1,17.0,33.0,-118.3,-120.7,-2.8,-56.8,-52.5,-125.6,-59.6,31.2
748,148.0,67.5,107.8,183.7,38.3,24.9,96.6,34.2,14.2,-59.2,12.7,-44.9
749,109.6,88.6,185.8,175.9,-14.7,63.7,96.6,137.5,73.4,41.9,40.8,47.2
750,62.1,98.8,243.3,173.6,-48.1,73.4,101.9,189.0,84.9,108.9,88.3,131.3
751,-5.0,85.3,256.2,182.9,-38.7,20.2,118.8,128.5,-7.3,101.5,178.2,197.8
752,-32.0,31.9,195.5,145.8,-61.9,48.4,117.7,99.0,-6.4,61.7,181.9,183.9
753,-35.7,-44.9,91.8,81.7,-104.0,124.0,106.2,87.6,48.9,3.0,135.6,123.3
754,17.2,-59.1,129.0,98.6,41.4,87.8,85.2,60.7,0.7,55.2,90.1,265.7
755,51.8,-13.1,194.6,137.1,147.2,52.4,88.7,71.4,-1.7,120.7,84.1,354.0
756,33.2,177.3,315.3,220.5,130.9,32.7,155.3,178.7,123.9,206.3,177.7,281.3
757,9.3,138.3,261.4,196.7,26.2,27.1,186.2,161.2,150.8,136.0,129.6,172.0
758,-17.9,-41.7,100.2,107.0,-132.9,30.2,195.1,67.0,117.3,-30.2,-5.6,40.2
759,16.2,18.3,127.3,133.0,18.4,74.4,174.0,99.1,61.5,68.4,108.5,108.1
760,3.1,67.1,135.2,145.1,90.3,70.7,128.2,92.6,26.2,110.5,159.6,157.6
761,-120.9,69.4,83.5,115.9,-43.3,-44.1,29.8,-11.3,38.6,2.7,47.2,148.2
762,-116.6,16.9,57.4,133.0,-73.9,-4.7,72.2,17.6,92.4,-45.7,-18.5,152.9
763,-46.7,-59.4,48.6,172.6,-49.4,111.3,184.7,114.4,163.0,-57.3,-56.3,165.4
764,41.5,26.0,215.1,173.5,92.4,161.7,243.6,230.9,58.7,202.2,74.2,205.5
765,62.5,41.4,263.0,191.3,125.5,130.8,233.7,229.0,11.8,280.9,136.1,207.3
766,-21.3,-52.3,125.9,235.6,-11.0,-26.7,116.4,42.2,54.7,77.4,90.9,149.5
767,-99.5,-30.3,39.1,161.6,-135.8,-102.6,16.8,20.9,-68.4,-10.5,-1.5,112.0
768,-141.5,26.2,-3.5,82.5,-213.9,-119.3,-44.2,59.3,-193.0,-46.9,-83.3,87.2
769,23.6,73.6,126.1,192.5,-33.6,67.7,93.2,148.1,-19.1,10.9,-13.4,101.0
770,30.8,83.9,181.1,239.7,37.3,86.7,127.9,174.5,40.9,11.5,5.0,108.9
771,-103.0,60.9,169.5,230.9,10.7,-44.3,70.9,145.3,-0.9,-39.1,-22.6,111.7
772,-15.0,62.2,129.9,179.5,10.1,-56.8,140.6,215.1,24.8,1.4,-14.8,147.6
773,71.6,53.1,101.2,118.8,-2.6,-52.2,212.4,266.2,29.9,11.4,-10.0,155.0
774,113.5,17.2,101.0,46.1,-46.6,-33.1,265.2,258.8,-21.9,-61.2,-18.2,94.6
775,14.1,-44.9,214.4,23.1,23.1,-53.4,228.3,193.9,-21.7,-31.0,26.1,95.4
776,-112.8,-91.1,352.3,41.2,122.9,-57.8,164.9,118.2,-4.7,48.5,96.7,149.3
777,-60.4,34.8,361.8,203.7,132.3,143.2,154.5,117.8,-8.6,192.5,207.1,398.5
778,54.2,86.1,360.1,302.2,133.0,171.2,202.3,156.0,-17.3,205.7,261.6,437.9
779,220.3,75.7,349.1,348.0,126.7,56.4,298.2,226.1,-29.9,111.0,269.9,304.0
780,69.6,23.0,199.1,125.0,-13.6,55.5,171.2,217.7,-25.4,78.8,156.8,146.5
