360,32.1,84.5,79.9,205.4,122.6,107.1,132.9,261.3,98.5,89.1,40.0,218.0,
361,58.5,82.8,66.4,216.5,123.1,104.3,96.7,287.6,105.3,88.3,36.4,225.8,
362,84.8,81.0,53.0,227.6,123.6,101.5,60.4,314.0,112.1,87.5,32.8,233.6,
363,83.3,79.2,49.9,236.7,124.8,97.6,36.1,309.4,109.6,90.6,31.8,250.8,
364,44.6,77.2,60.5,243.4,127.1,92.3,27.8,263.8,94.6,98.7,34.1,280.7,
365,5.9,75.1,71.2,250.0,129.4,86.9,19.5,218.2,79.6,106.8,36.5,310.6,
366,5.1,78.6,84.6,240.4,123.5,79.3,36.6,222.9,74.1,96.1,38.3,297.4,
367,14.8,83.6,98.9,226.2,115.3,71.1,60.9,241.7,71.3,80.0,40.0,272.1,
368,28.2,89.7,111.5,217.2,111.0,69.5,82.3,260.4,73.5,63.4,44.2,247.3,
369,64.3,102.8,114.0,241.3,131.5,111.0,85.6,277.9,108.3,43.4,64.1,225.3,
370,100.5,115.9,116.6,265.4,152.0,152.5,89.0,295.4,143.2,23.5,84.0,203.2,
371,106.3,122.7,117.9,274.7,153.2,169.0,86.2,293.0,151.8,30.9,91.8,210.2,
372,81.0,123.0,118.1,268.8,134.7,159.7,77.3,270.0,133.6,66.4,87.1,247.2,
373,55.7,123.2,118.2,262.8,116.1,150.5,68.3,247.0,115.4,102.0,82.5,284.1,
374,66.3,114.1,122.8,257.1,112.1,127.5,87.0,267.2,121.0,98.9,72.6,275.2,
375,82.9,103.3,128.1,251.4,110.6,102.1,110.4,294.8,130.6,89.1,61.9,258.4,
376,100.3,98.6,127.4,240.7,110.6,84.1,125.5,311.6,138.8,80.2,51.3,243.5,
377,120.5,115.3,105.3,212.8,116.2,92.2,111.4,290.1,141.6,74.0,41.2,235.5,
378,140.7,131.9,83.2,184.9,121.7,100.3,97.4,268.6,144.4,67.8,31.1,227.4,
379,137.5,124.0,72.8,186.0,126.0,91.5,92.4,266.6,144.8,64.5,34.2,238.6,
380,118.0,98.8,70.6,207.4,129.5,70.8,93.8,278.1,143.7,63.1,46.5,263.3,
381,98.5,73.6,68.4,228.8,133.0,50.1,95.2,289.6,142.5,61.6,58.7,287.9,
382,93.3,78.8,83.4,248.7,116.7,67.7,101.9,286.0,135.0,73.3,61.0,287.0,
383,88.7,85.1,99.0,268.5,99.7,86.7,108.7,281.7,127.2,85.5,62.9,285.1,
384,92.7,87.7,98.3,269.7,88.9,94.1,105.5,275.5,122.8,84.7,61.6,273.3,
385,113.3,82.9,65.8,234.4,90.1,78.6,82.7,265.4,125.1,58.6,53.8,242.2,
386,133.8,78.1,33.2,199.2,91.4,63.1,60.0,255.3,127.3,32.4,46.1,211.0,
387,134.9,68.6,53.2,214.8,96.9,73.9,49.2,258.2,127.1,40.8,58.8,209.2,
388,128.3,57.1,93.7,250.4,104.0,94.9,43.0,266.2,126.0,62.6,79.4,218.9,
389,120.7,47.8,128.8,280.8,109.0,113.5,38.1,272.1,123.9,81.7,97.0,228.7,
390,104.5,56.8,117.8,266.7,96.4,111.6,44.0,259.4,112.9,77.2,88.3,239.9,
391,88.2,65.7,106.7,252.6,83.8,109.6,49.8,246.8,102.0,72.7,79.7,251.2,
392,86.3,81.1,102.8,245.1,92.3,96.7,62.1,239.9,109.6,69.9,67.4,260.2,
393,99.2,103.1,106.4,244.4,122.7,72.3,81.3,239.1,136.5,68.9,51.4,266.7,
394,112.2,125.1,109.9,243.7,153.0,48.0,100.5,238.3,163.5,67.9,35.4,273.2,
395,104.9,107.7,95.7,258.5,146.2,74.9,79.5,249.4,166.7,53.1,21.9,262.7,
396,95.0,85.2,79.2,275.2,134.5,108.5,53.3,262.1,166.8,36.4,8.6,249.9,
397,91.7,71.7,69.2,285.6,127.2,127.3,39.5,270.8,164.4,31.1,7.0,256.3,
398,105.2,81.5,75.8,279.2,131.3,108.3,57.9,269.6,155.7,54.9,35.4,312.1,
399,118.7,91.3,82.4,272.9,135.4,89.3,76.2,268.4,146.9,78.6,63.8,368.0,
400,103.0,72.4,73.7,254.5,123.6,74.2,56.7,261.0,134.4,74.3,73.7,344.0,
401,73.6,39.9,57.9,230.4,104.4,60.9,19.2,250.7,120.1,56.9,74.9,282.4,
402,49.4,11.7,43.1,209.9,89.5,48.7,-13.5,243.9,109.4,40.0,73.9,226.6,
403,82.3,30.2,40.0,228.8,122.2,47.0,5.8,276.1,136.7,29.4,49.1,234.1,
404,115.3,48.6,36.9,247.7,154.9,45.4,25.0,308.2,164.0,18.8,24.4,241.6,
405,126.5,64.6,40.0,259.5,172.0,51.2,43.0,315.4,194.5,30.5,23.5,261.0,
406,115.3,78.0,49.6,263.9,173.0,64.7,59.6,296.6,228.5,65.2,47.3,292.7,
407,104.0,91.4,59.2,268.4,173.9,78.2,76.2,277.9,262.4,100.0,71.2,324.4,
408,131.7,99.8,80.2,291.7,200.0,71.9,84.7,320.4,252.1,116.5,59.4,344.1,
409,163.5,107.7,102.5,317.0,228.7,63.4,92.3,369.4,237.1,131.0,43.7,362.4,
410,189.7,112.9,111.5,333.3,250.7,62.7,103.2,403.7,233.8,133.0,38.1,379.0,
411,203.7,112.4,92.1,330.6,258.6,78.5,121.0,406.3,255.4,108.1,53.8,391.8,
412,217.6,111.8,72.7,327.9,266.4,94.3,138.8,408.9,277.0,83.3,69.5,404.6,
413,211.8,100.0,59.9,348.4,273.1,93.9,119.4,411.3,295.3,79.1,68.4,422.9,
414,199.0,84.3,49.4,377.0,279.5,87.9,86.8,413.6,312.4,82.3,61.2,443.2,
415,196.0,74.7,50.1,408.5,293.5,84.7,67.0,426.7,335.2,87.5,59.2,470.3,
416,243.5,96.6,108.8,454.3,346.5,95.7,112.9,494.4,386.9,103.2,83.3,532.4,
417,290.9,118.4,167.4,500.1,399.5,106.7,158.8,562.0,438.5,118.9,107.4,594.4,
418,331.8,130.5,175.0,517.1,437.7,115.7,163.3,633.5,473.1,107.4,108.6,639.7,
419,368.2,135.9,147.6,514.3,465.8,123.3,139.3,707.5,495.7,77.0,93.8,673.3,
420,405.1,140.6,120.5,513.6,495.2,130.8,115.4,781.0,520.2,47.8,79.4,708.0,
421,462.4,118.5,108.3,601.2,579.4,131.1,93.9,833.7,614.9,63.0,79.4,787.6,
422,519.8,96.4,96.1,688.9,663.7,131.5,72.5,886.4,709.7,78.3,79.4,867.2,
423,581.1,94.9,112.6,788.3,764.4,128.0,69.8,970.9,825.1,99.0,85.6,979.5,
424,647.1,117.4,162.6,901.7,884.5,120.0,89.0,1092.8,964.6,126.0,99.3,1130.3,
425,713.1,139.8,212.6,1015.1,1004.5,112.0,108.1,1214.6,1104.1,153.0,113.0,1281.0,
426,846.9,150.2,191.9,1150.2,1220.3,134.8,128.5,1455.9,1348.3,136.1,105.2,1505.2,
427,988.1,159.2,163.5,1287.6,1446.4,160.8,149.1,1710.2,1604.0,114.5,95.0,1737.4,
428,1168.9,159.2,146.7,1456.0,1698.1,174.0,162.4,1983.0,1882.0,100.9,94.4,2004.5,
429,1424.1,142.1,151.8,1682.5,1997.8,162.6,162.0,2290.4,2202.2,102.6,111.9,2337.4,
430,1679.4,124.9,157.0,1909.0,2297.5,151.3,161.6,2597.8,2522.3,104.3,129.3,2670.3,
431,2014.1,126.9,184.8,2288.0,2760.9,156.3,171.0,3065.6,3034.5,123.2,156.0,3194.2,
432,2369.3,133.8,218.4,2706.0,3266.2,165.5,183.0,3574.3,3595.8,146.6,185.0,3766.9,
433,2790.7,138.7,243.1,3172.4,3860.7,166.4,193.1,4174.1,4251.9,158.0,201.4,4438.1,
434,3411.3,137.9,241.1,3784.2,4722.9,142.7,197.7,5046.8,5192.4,133.7,179.8,5404.3,
435,4031.8,137.1,239.1,4395.9,5585.1,118.9,202.3,5919.6,6132.9,109.4,158.2,6370.5,
436,4824.6,144.1,245.8,5196.7,6698.6,130.1,222.9,7023.7,7305.9,98.1,166.4,7594.6,
437,5688.3,154.3,256.0,6075.5,7915.7,155.6,250.1,8223.4,8574.8,92.0,186.8,8925.1,
438,6597.6,163.9,265.3,7005.5,9194.2,177.4,270.2,9500.2,9928.2,92.4,203.0,10322.2,
439,7728.7,170.3,269.8,8185.0,10771.5,181.2,255.8,11152.6,11692.9,124.3,198.1,12043.3,
440,8859.7,176.6,274.3,9364.5,12348.9,184.9,241.3,12804.9,13457.5,156.1,193.3,13764.5,
441,10351.9,183.8,301.4,10864.3,14382.1,192.9,255.0,14880.1,15674.9,166.7,202.1,15987.4,
442,12049.9,191.6,341.5,12546.4,16674.8,203.5,284.7,17195.9,18149.9,165.3,218.7,18496.0,
443,13800.5,199.2,376.2,14283.6,19039.0,212.4,312.4,19586.2,20702.1,164.1,237.2,21073.0,
444,15984.3,205.0,367.3,16474.0,21991.0,207.8,324.0,22588.7,23889.5,164.3,271.5,24212.8,
445,18168.2,210.8,358.4,18664.5,24942.9,203.2,335.6,25591.3,27076.8,164.5,305.8,27352.5,
446,20263.6,212.0,355.1,20808.1,27826.1,207.1,353.6,28477.2,30172.5,181.4,308.5,30424.9,
447,22296.0,210.0,355.7,22918.4,30660.3,216.9,376.3,31280.3,33202.9,210.2,288.8,33449.2,
448,24337.1,208.2,359.1,25036.8,33501.8,225.9,397.3,34093.8,36241.0,238.0,270.6,36483.8,
449,26504.4,210.6,403.2,27273.5,36448.7,222.8,393.8,37061.2,39389.7,252.9,276.4,39666.1,
450,28671.6,212.9,447.4,29510.2,39395.7,219.7,390.4,40028.5,42538.3,267.9,282.1,42848.4,
451,30811.6,223.4,454.8,31664.6,42224.6,235.6,384.1,42902.3,45533.2,262.8,291.8,45859.6,
452,32929.2,240.5,431.9,33751.3,44956.5,267.3,375.5,45699.2,48401.6,241.4,304.8,48730.3,
453,34986.8,257.3,409.8,35779.4,47610.5,297.4,366.7,48414.5,51185.2,221.9,316.8,51513.5,
454,35534.2,264.4,405.8,36328.8,48300.4,289.8,352.8,49074.2,51829.6,251.4,305.0,52093.6,
455,36081.6,271.4,401.7,36878.2,48990.4,282.2,338.9,49734.0,52474.0,280.9,293.3,52673.7,
456,36418.0,274.7,389.5,37205.4,49394.3,279.6,332.7,50093.1,52831.3,290.9,281.4,53034.2,
457,36568.7,274.4,370.1,37337.1,49546.5,281.5,333.2,50187.6,52935.9,283.7,269.3,53201.4,
458,36682.5,274.3,351.0,37433.8,49655.3,283.6,333.4,50241.6,52999.6,276.5,257.7,53323.9,
459,35614.0,277.7,341.2,36411.2,48373.5,291.2,320.3,48998.9,51751.6,267.1,260.6,52010.0,
460,34545.5,281.1,331.4,35388.7,47091.8,298.9,307.2,47756.3,50503.5,257.6,263.5,50696.2,
461,33346.7,285.2,319.0,34141.5,45538.7,307.8,291.2,46225.9,48900.6,256.5,258.2,49102.0,
462,32033.9,289.8,304.1,32697.7,43748.0,317.8,272.7,44443.6,46987.0,262.6,245.8,47262.5,
463,30704.7,295.7,289.9,31247.4,41941.4,328.4,254.8,42644.1,45058.6,270.0,233.0,45402.2,
464,28991.6,330.7,289.8,29645.6,39760.4,350.9,249.7,40440.7,42782.1,307.1,212.3,43055.6,
465,27278.4,365.6,289.7,28043.8,37579.4,373.5,244.6,38237.3,40505.6,344.1,191.7,40709.0,
466,25634.9,409.0,266.4,26439.4,35388.6,409.8,234.6,36037.0,38151.0,368.8,173.7,38369.3,
467,24047.5,459.0,224.3,24832.9,33189.8,457.2,220.7,33839.2,35733.4,383.4,157.7,36035.3,
468,22482.8,513.9,185.1,23258.9,31020.1,510.7,206.8,31683.6,33353.7,404.8,143.2,33741.2,
469,21217.9,633.1,183.3,22116.9,29237.3,645.6,194.5,30088.7,31478.0,516.1,147.9,31977.0,
470,19953.0,752.4,181.5,20974.9,27454.5,780.6,182.2,28493.8,29602.4,627.4,152.5,30212.8,
471,18689.9,918.4,183.5,19904.4,25713.3,963.9,165.7,26977.6,27726.9,797.9,150.8,28537.3,
472,17428.0,1116.6,188.2,18883.3,24000.9,1180.6,146.4,25515.6,25851.7,1009.2,144.6,26923.0,
473,16180.3,1336.1,191.9,17884.0,22305.1,1416.7,129.4,24081.3,23996.5,1231.3,138.1,25334.9,
474,15038.3,1713.8,187.5,17047.0,20734.0,1797.1,129.7,22853.3,22290.5,1533.5,129.0,23942.9,
475,13896.4,2091.4,183.2,16210.1,19162.8,2177.6,130.0,21625.3,20584.5,1835.7,119.9,22551.0,
476,12798.9,2501.5,176.6,15513.4,17632.8,2603.6,132.9,20518.6,18931.5,2200.4,120.2,21272.5,
477,11725.5,2929.0,168.9,14892.4,16125.1,3054.2,137.2,19477.4,17307.2,2598.8,125.7,20055.4,
478,10689.9,3369.9,161.8,14309.2,14671.1,3523.6,140.3,18504.2,15741.2,3005.1,128.6,18906.5,
479,9820.9,3869.3,157.5,13892.1,13453.2,4075.9,138.2,17830.1,14431.9,3446.1,119.9,18057.8,
480,8951.8,4368.7,153.2,13475.0,12235.3,4628.1,136.0,17156.1,13122.6,3887.1,111.2,17209.1,
481,8216.7,4889.2,172.0,13284.2,11291.9,5173.5,132.9,16709.2,12080.2,4324.7,102.2,16592.6,
482,7532.3,5417.8,199.5,13178.6,10452.1,5716.3,129.5,16348.0,11138.3,4761.1,93.1,16063.6,
483,6878.8,5913.1,206.0,13068.1,9623.8,6235.8,125.1,16007.1,10229.1,5186.7,86.9,15555.6,
484,6308.4,6319.3,156.1,12944.3,8826.3,6692.7,118.0,15720.7,9407.2,5583.1,88.1,15103.6,
485,5737.9,6725.5,106.2,12820.5,8028.9,7149.6,110.8,15434.2,8585.2,5979.6,89.4,14651.5,
486,5320.2,7146.6,118.6,12805.4,7391.5,7592.6,117.0,15232.8,7935.5,6375.0,93.6,14368.7,
487,4935.5,7570.9,144.5,12813.8,6788.8,8032.6,126.0,15049.8,7322.9,6770.2,98.3,14122.5,
488,4621.9,8049.3,162.5,12949.8,6305.5,8541.8,139.4,15040.9,6810.0,7193.7,110.5,14031.9,
489,4425.4,8616.6,167.5,13295.9,6019.1,9165.1,159.7,15318.5,6461.2,7663.7,135.1,14197.4,
490,4228.9,9183.9,172.5,13642.1,5732.6,9788.3,180.0,15596.2,6112.4,8133.7,159.7,14362.9,
491,3965.3,9657.9,152.6,13863.0,5418.7,10309.7,148.9,15764.4,5766.9,8525.9,139.6,14448.1,
492,3697.3,10125.8,131.1,14075.7,5103.1,10824.4,114.5,15925.4,5421.6,8913.0,116.6,14528.1,
493,3495.2,10641.5,130.4,14370.1,4822.8,11348.0,101.2,16181.2,5142.8,9350.1,108.1,14677.0,
494,3358.3,11204.6,150.1,14745.1,4577.6,11880.5,108.9,16530.5,4929.6,9836.6,113.7,14894.1,
495,3220.4,11768.1,169.0,15124.6,4335.5,12415.0,117.2,16883.0,4714.4,10323.5,118.7,15117.2,
496,3071.3,12338.0,176.3,15561.1,4132.8,12975.2,132.1,17274.5,4472.9,10817.0,114.7,15416.8,
497,2922.3,12907.8,183.6,15997.7,3930.1,13535.4,147.0,17666.0,4231.4,11310.5,110.8,15716.5,
498,2788.3,13556.5,174.9,16520.2,3768.9,14211.8,157.5,18174.7,4038.7,11900.2,116.3,16097.1,
499,2662.5,14247.7,157.5,17089.2,3630.1,14950.9,165.7,18746.7,3872.3,12541.8,126.9,16521.4,
500,2542.1,14926.1,148.2,17643.7,3484.5,15676.9,171.1,19301.7,3712.9,13160.0,134.6,16941.2,
501,2440.3,15561.3,165.9,18149.8,3316.1,16358.5,166.7,19799.8,3576.8,13699.9,132.7,17345.4,
502,2338.5,16196.4,183.6,18655.8,3147.6,17040.0,162.3,20297.9,3440.8,14239.8,130.7,17749.7,
503,2217.1,17031.2,172.9,19438.2,3006.2,17928.7,150.4,21007.7,3252.5,15010.9,122.8,18361.6,
504,2091.3,17911.4,155.7,20283.3,2870.9,18864.5,136.7,21765.5,3052.2,15834.5,113.6,19020.7,
505,1976.7,18739.8,151.5,21049.0,2724.8,19753.1,128.6,22506.2,2879.8,16588.6,99.1,19597.8,
506,1878.5,19492.3,166.3,21698.1,2563.1,20572.5,128.6,23221.9,2748.0,17240.6,76.9,20054.8,
507,1780.3,20244.9,181.1,22347.1,2401.5,21391.7,128.6,23937.4,2616.2,17892.6,54.8,20511.8,
508,1659.9,20965.7,146.4,22835.3,2289.0,22108.7,133.8,24467.5,2435.5,18548.8,82.7,20989.7,
509,1539.6,21686.5,111.6,23323.5,2176.6,22825.7,139.0,24997.7,2254.9,19204.9,110.6,21467.6,
510,1419.6,22243.1,129.7,23755.1,2010.5,23389.3,150.0,25361.1,2071.5,19684.3,135.1,21809.5,
511,1299.7,22691.1,182.9,24149.1,1808.9,23851.4,165.0,25614.2,1886.4,20046.7,157.3,22061.3,
512,1184.5,23117.0,227.9,24513.2,1619.6,24292.0,174.0,25869.5,1709.1,20395.4,170.3,22287.5,
513,1087.3,23458.8,242.4,24763.2,1476.9,24650.3,160.7,26133.7,1561.6,20691.9,148.2,22415.7,
514,990.1,23800.5,256.8,25013.2,1334.2,25008.6,147.3,26397.9,1414.0,20988.5,126.1,22543.9,
515,911.0,24254.3,225.8,25394.4,1211.4,25429.2,147.2,26764.4,1287.6,21344.5,129.2,22815.0,
516,836.0,24732.9,184.6,25804.6,1093.0,25863.5,149.9,27153.6,1165.8,21713.8,137.8,23117.8,
517,748.8,25135.4,162.8,26122.4,986.3,26253.9,151.4,27421.7,1045.6,22075.6,144.6,23327.2,
518,645.8,25438.9,166.0,26320.2,894.5,26587.2,151.2,27532.7,927.4,22427.6,148.8,23415.3,
519,546.5,25729.6,170.7,26505.4,803.1,26905.9,152.7,27641.8,811.3,22762.7,153.3,23501.3,
520,509.8,25805.2,200.1,26480.8,716.3,26980.8,181.6,27720.1,731.9,22813.3,163.1,23553.1,
521,473.1,25880.8,229.4,26456.2,629.6,27055.7,210.5,27798.3,652.5,22864.0,172.9,23604.9,
522,449.1,26131.8,219.3,26624.6,568.4,27294.6,208.4,27950.9,574.3,23023.9,170.3,23736.6,
523,431.1,26464.1,191.0,26882.6,519.0,27609.5,191.8,28138.1,496.8,23234.5,161.9,23905.2,
524,405.8,26731.2,175.1,27123.4,475.2,27884.1,181.3,28321.2,437.7,23429.5,156.0,24053.2,
525,364.7,26856.3,186.4,27326.8,443.3,28071.3,184.0,28495.5,418.6,23590.2,155.5,24156.2,
526,323.6,26981.5,197.7,27530.3,411.4,28258.5,186.8,28669.9,399.4,23751.0,155.1,24259.2,
527,292.1,27177.4,216.2,27637.5,361.2,28428.4,196.2,28737.6,357.2,23891.1,170.0,24370.4,
528,261.0,27377.0,235.1,27740.0,310.0,28597.3,206.0,28799.9,313.8,24030.2,185.6,24482.0,
529,236.7,27614.5,231.3,27889.2,282.9,28803.6,204.8,28980.2,271.7,24219.1,179.3,24632.2,
530,217.1,27878.0,212.2,28070.3,272.2,29035.3,196.1,29240.7,230.5,24441.9,158.0,24808.7,
531,200.1,28098.7,205.1,28234.6,261.7,29240.5,189.7,29469.6,197.4,24646.3,144.7,24965.3,
532,191.6,28186.3,235.3,28346.8,251.8,29363.0,190.4,29600.2,189.6,24793.3,156.4,25059.8,
533,183.1,28273.8,265.5,28458.9,241.8,29485.5,191.1,29730.8,181.8,24940.3,168.0,25154.2,
534,151.5,28250.8,249.4,28518.1,209.4,29474.1,178.0,29714.6,192.9,25004.9,154.4,25200.5,
535,117.2,28215.0,227.9,28571.2,174.5,29447.2,163.3,29681.3,206.1,25060.0,137.9,25241.1,
536,98.8,28050.3,222.4,28375.8,149.2,29246.8,167.6,29488.2,193.0,24865.0,124.5,25108.0,
537,93.0,27782.3,229.5,27981.1,131.6,28907.3,187.1,29166.8,158.9,24469.4,113.6,24835.5,
538,94.2,27539.9,236.4,27646.2,118.6,28605.9,202.6,28860.7,133.2,24139.8,107.7,24572.3,
539,120.5,27388.7,242.0,27524.3,122.4,28440.5,203.5,28609.1,137.4,24045.7,119.8,24341.8,
540,146.8,27237.6,247.7,27402.4,126.2,28275.1,204.4,28357.5,141.7,23951.5,131.8,24111.4,
541,117.2,26820.3,230.0,27037.1,121.2,27870.0,216.8,27969.1,110.8,23644.8,143.2,23806.7,
542,80.6,26369.7,209.3,26641.4,115.2,27434.9,230.6,27563.6,75.5,23311.4,154.5,23492.8,
543,71.7,25861.1,223.9,26134.7,108.4,26901.5,237.6,27099.3,67.8,22886.7,168.9,23058.3,
544,84.3,25307.7,265.8,25542.1,101.0,26291.9,239.4,26589.4,81.5,22391.4,185.9,22530.6,
545,95.2,24737.3,295.4,24960.5,96.0,25692.5,239.9,26052.1,91.0,21878.0,199.7,21996.3,
546,101.3,24114.5,286.8,24413.1,98.5,25124.1,236.8,25429.9,87.6,21308.5,204.0,21441.5,
547,107.4,23491.7,278.3,23865.7,101.0,24555.7,233.6,24807.7,84.1,20739.0,208.3,20886.8,
548,90.8,22924.0,275.2,23235.4,105.1,23952.5,257.8,24155.8,76.2,20242.6,230.5,20427.3,
549,72.5,22360.4,272.5,22598.9,109.2,23346.6,284.2,23501.6,67.9,19751.7,254.0,19975.1,
550,64.5,21856.7,283.2,22062.4,89.3,22800.3,294.2,22925.5,70.9,19289.6,257.8,19527.0,
551,62.8,21389.4,302.0,21586.8,54.6,22290.3,294.4,22396.8,80.8,18845.1,249.7,19081.3,
552,67.7,20897.4,317.5,21103.6,40.2,21773.8,295.1,21872.5,88.7,18400.8,243.7,18626.4,
553,86.9,20352.6,325.7,20604.0,69.1,21243.2,297.1,21357.5,92.6,17957.2,242.0,18151.7,
554,104.6,19811.3,333.3,20107.0,96.8,20713.4,298.8,20843.7,95.5,17515.5,240.0,17680.2,
555,59.0,19430.5,315.0,19724.8,68.0,20214.4,291.8,20384.5,52.2,17167.9,224.2,17362.9,
556,13.3,19049.7,296.7,19342.6,39.2,19715.4,284.8,19925.2,8.9,16820.2,208.5,17045.5,
557,-1.3,18570.5,323.7,18890.3,19.2,19223.4,296.7,19449.1,-9.1,16408.7,212.1,16634.4,
558,-4.4,18054.8,367.5,18411.8,2.6,18734.1,315.5,18966.8,-17.8,15973.5,223.0,16188.6,
559,12.7,17561.3,394.9,17937.8,1.5,18272.6,339.2,18508.8,-10.9,15549.0,239.7,15779.0,
560,55.1,17095.8,401.6,17469.1,20.1,17845.9,369.1,18081.5,15.6,15137.8,264.0,15415.0,
561,92.5,16655.3,418.1,17039.1,34.9,17427.3,400.4,17685.9,39.5,14751.0,292.6,15065.6,
562,104.0,16344.0,484.7,16807.8,30.5,17049.9,439.2,17453.4,50.6,14489.3,343.8,14792.0,
563,115.5,16032.8,551.4,16576.6,26.1,16672.4,478.0,17220.9,61.7,14227.7,395.0,14518.3,
564,66.4,15699.2,602.1,16314.7,19.7,16312.5,542.4,16885.6,32.9,13919.7,426.2,14271.4,
565,9.6,15362.9,650.9,16049.1,13.1,15954.8,610.0,16537.4,-0.9,13605.9,454.9,14027.9,
566,0.0,15067.1,770.4,15874.5,17.3,15624.8,729.7,16337.0,-11.1,13345.2,537.1,13844.9,
567,19.5,14796.4,933.7,15756.1,28.2,15311.9,881.4,16227.8,-6.6,13117.3,652.4,13699.3,
568,33.8,14517.8,1120.3,15667.0,39.1,15016.5,1038.9,16123.7,4.2,12893.9,773.9,13579.0,
569,38.7,14224.9,1349.3,15631.3,49.9,14753.1,1206.9,16029.0,26.4,12678.9,906.8,13504.6,
570,43.2,13929.8,1599.1,15607.8,57.3,14479.3,1399.7,15951.8,46.7,12455.7,1051.3,13434.7,
571,44.2,13615.0,2042.1,15697.9,31.9,14109.2,1824.3,16037.6,47.6,12156.3,1304.0,13406.9,
572,45.2,13300.2,2485.1,15787.9,6.5,13739.0,2248.9,16123.3,48.5,11856.9,1556.7,13379.1,
573,23.3,12952.8,3149.0,16123.3,0.8,13394.6,2833.6,16319.8,46.3,11499.2,1998.6,13510.4,
574,-2.8,12599.3,3853.4,16503.7,-1.2,13054.8,3447.8,16536.8,43.4,11130.8,2475.2,13670.9,
575,19.5,12201.1,4759.9,17021.4,19.0,12676.9,4234.9,16904.5,49.4,10792.4,3038.4,13907.1,
576,74.2,11772.7,5801.9,17631.1,54.0,12273.3,5138.0,17373.4,61.4,10474.1,3659.9,14194.0,
577,98.6,11383.4,6910.4,18370.0,78.9,11862.4,6118.9,17940.7,62.6,10143.4,4341.9,14535.9,
578,68.5,11064.3,8138.1,19340.6,85.6,11438.7,7239.3,18684.9,44.6,9790.1,5132.5,14976.6,
579,39.6,10722.0,9382.4,20287.2,87.1,11008.1,8362.0,19428.1,29.3,9433.4,5923.3,15418.6,
580,19.3,10215.3,10745.4,21062.9,52.1,10529.1,9500.7,20164.7,33.4,9052.1,6715.6,15870.4,
581,-1.1,9708.5,12108.3,21838.5,17.1,10050.0,10639.4,20901.3,37.5,8670.9,7507.9,16322.3,
582,15.1,9243.1,13310.8,22639.7,39.7,9600.5,11733.0,21550.3,52.3,8268.8,8304.0,16685.4,
583,35.5,8782.7,14494.2,23444.0,69.2,9154.5,12821.2,22188.9,68.3,7864.4,9100.5,17038.0,
584,43.7,8359.7,15672.0,24241.3,64.6,8722.9,13853.1,22776.8,81.3,7482.3,9832.0,17401.4,
585,46.0,7955.2,16847.0,25035.2,43.2,8298.4,14857.4,23339.8,92.9,7111.3,10531.7,17770.1,
586,45.6,7574.8,17930.6,25693.2,53.4,7887.9,15824.1,23840.6,83.4,6744.2,11172.9,18094.2,
587,42.1,7223.5,18903.7,26187.3,101.5,7494.6,16745.4,24266.1,48.6,6381.8,11743.7,18364.4,
588,42.4,6860.1,19804.2,26621.0,132.5,7088.3,17593.1,24625.0,24.4,6018.2,12278.3,18578.8,
589,54.7,6458.9,20477.0,26865.4,110.0,6641.3,18209.7,24774.8,33.9,5651.0,12699.6,18618.1,
590,65.9,6056.7,21149.8,27114.3,87.8,6198.5,18823.7,24929.8,43.4,5287.0,13123.6,18660.1,
591,47.3,5630.9,21826.3,27485.9,72.7,5870.5,19366.5,25222.6,54.2,5010.7,13620.9,18772.9,
592,28.7,5205.1,22502.8,27857.5,57.5,5542.5,19909.4,25515.4,65.0,4734.3,14118.2,18885.6,
593,14.3,4859.9,23104.5,28049.5,44.9,5161.4,20400.2,25687.4,60.9,4405.8,14478.4,18905.1,
594,0.7,4530.5,23691.5,28206.5,32.8,4769.8,20880.9,25835.7,53.9,4067.0,14811.8,18906.4,
595,28.1,4225.6,24134.4,28349.5,25.1,4398.0,21300.1,25906.7,40.6,3730.6,15080.3,18902.7,
596,78.3,3934.3,24497.1,28484.8,19.9,4037.1,21685.2,25934.6,23.8,3395.7,15312.5,18896.3,
597,99.2,3648.9,24916.8,28656.9,26.6,3704.7,22096.4,26013.4,16.9,3113.4,15597.8,18932.2,
598,85.1,3370.6,25405.1,28873.2,47.6,3406.4,22539.0,26153.0,21.8,2894.0,15946.6,19018.8,
599,68.3,3088.1,25845.8,29026.0,65.2,3114.9,22918.8,26230.8,26.2,2672.3,16241.7,19060.9,
600,44.7,2794.3,26159.8,29009.0,73.4,2841.2,23131.2,26143.4,29.5,2444.1,16393.2,18984.2,
601,24.3,2506.2,26463.0,28993.8,78.9,2569.4,23348.0,26061.1,32.7,2216.2,16549.4,18908.6,
602,33.9,2272.3,26665.9,28996.3,58.9,2314.2,23605.8,26026.9,35.8,1991.4,16749.1,18844.2,
603,43.5,2038.4,26868.7,28998.7,38.8,2059.0,23863.6,25992.6,38.8,1766.5,16948.7,18779.7,
604,90.4,1821.9,27100.7,28982.0,54.0,1900.3,24061.2,26036.2,58.4,1601.9,17013.6,18721.7,
605,140.2,1606.7,27334.9,28963.8,72.0,1749.3,24254.0,26086.0,79.3,1442.0,17067.8,18664.2,
606,95.4,1430.4,27415.6,28858.6,67.9,1533.0,24288.0,25926.9,55.9,1283.9,17085.0,18514.2,
607,21.1,1266.4,27448.4,28726.2,57.0,1296.4,24272.4,25702.8,18.6,1126.4,17090.7,18335.5,
608,8.1,1116.6,27502.5,28612.9,48.3,1155.6,24319.9,25567.1,8.6,995.1,17138.3,18249.7,
609,35.1,976.3,27570.3,28512.1,41.1,1077.5,24408.7,25489.2,16.5,881.0,17213.5,18224.6,
610,49.2,853.7,27630.4,28440.2,31.7,965.9,24480.2,25390.7,25.5,782.7,17252.1,18151.5,
611,47.4,752.6,27680.9,28403.1,19.7,813.5,24530.6,25267.4,35.8,703.6,17246.7,18020.2,
612,40.7,655.7,27628.6,28246.3,13.3,684.9,24485.1,25078.6,44.7,631.6,17215.3,17851.5,
613,22.7,568.1,27343.3,27818.1,19.4,610.2,24222.5,24741.4,50.6,576.0,17125.0,17598.2,
614,10.6,490.1,27086.2,27441.2,23.8,539.3,23979.7,24443.1,54.5,521.1,17026.6,17378.5,
615,28.0,459.5,26970.0,27321.8,19.7,487.9,23836.7,24340.4,48.3,470.8,16886.9,17327.2,
616,45.9,427.9,26855.4,27203.1,17.0,436.0,23692.7,24234.8,43.0,419.6,16748.5,17272.5,
617,80.7,367.9,26785.0,27106.5,55.6,371.4,23517.5,24043.2,62.8,344.4,16646.1,17117.0,
618,115.4,307.9,26714.6,27010.0,94.2,306.8,23342.3,23851.6,82.7,269.3,16543.7,16961.4,
619,58.2,261.4,26506.6,26782.0,56.2,244.5,23235.7,23624.1,69.6,261.1,16443.6,16833.7,
620,-8.7,216.4,26284.1,26540.2,10.2,182.4,23136.3,23392.9,53.1,259.9,16343.7,16708.9,
621,-19.0,158.0,26151.7,26400.9,-7.5,169.3,23088.5,23310.1,49.5,204.1,16252.0,16611.3,
622,-13.7,95.8,26044.1,26290.1,-17.3,169.7,23055.0,23268.4,49.4,133.1,16162.5,16521.3,
623,22.0,113.7,25947.4,26174.3,-2.9,169.0,23001.8,23195.6,42.0,118.6,16129.7,16444.1,
624,72.9,171.7,25856.0,26056.2,23.4,167.7,22939.0,23107.3,30.8,132.1,16125.2,16373.4,
625,73.2,173.6,25758.9,25934.3,24.5,157.7,22838.8,23030.7,30.3,132.5,16074.8,16336.0,
626,33.4,131.2,25657.3,25809.6,5.7,140.9,22708.9,22963.3,38.4,122.6,15988.1,16325.2,
627,15.4,119.2,25592.1,25718.0,0.2,137.5,22614.4,22901.6,46.3,123.5,15949.3,16277.6,
628,23.6,143.7,25570.8,25666.0,10.6,150.1,22562.1,22846.9,54.3,137.6,15968.2,16185.7,
629,45.3,164.3,25526.8,25614.9,15.6,154.8,22538.4,22796.5,72.7,150.0,15966.2,16087.0,
630,91.2,177.9,25442.0,25565.2,10.8,145.3,22566.2,22753.7,110.1,159.2,15926.7,15976.0,
631,115.9,180.9,25344.1,25498.9,17.2,141.6,22542.8,22673.8,127.7,153.0,15876.5,15902.2,
632,82.3,154.7,25209.8,25386.8,54.3,154.2,22378.4,22491.6,91.3,104.4,15797.1,15931.0,
633,58.1,131.5,25074.4,25270.5,83.1,161.7,22233.1,22327.0,61.5,70.7,15716.8,15922.1,
634,75.7,121.5,24933.2,25135.6,74.6,146.3,22173.6,22241.4,61.5,104.2,15632.3,15743.7,
635,93.1,119.2,24784.1,24989.7,69.3,135.5,22089.6,22148.9,63.0,134.1,15541.4,15576.4,
636,109.0,183.7,24566.2,24748.3,90.9,164.6,21793.0,21996.7,77.5,132.4,15394.5,15505.6,
637,125.0,244.5,24349.0,24508.6,111.5,192.0,21500.6,21841.6,91.1,129.8,15247.9,15431.8,
638,145.8,189.3,24152.2,24322.1,100.3,164.7,21344.3,21598.7,73.0,94.9,15113.7,15262.0,
639,166.7,134.0,23955.5,24135.6,89.1,137.4,21187.9,21355.9,54.8,60.1,14979.5,15092.2,
640,103.8,156.4,23629.2,23813.7,69.8,124.4,20935.0,21083.7,40.7,122.4,14772.1,14929.3,
641,37.8,181.8,23298.2,23486.8,50.3,111.9,20678.5,20810.5,26.6,188.4,14562.0,14766.7,
642,18.1,197.5,23010.3,23172.5,67.6,78.0,20382.8,20534.8,37.8,134.7,14365.3,14553.4,
643,3.2,212.2,22727.0,22859.6,88.9,41.9,20083.0,20258.9,51.7,68.4,14170.0,14334.8,
644,50.6,181.1,22372.8,22503.2,76.0,36.9,19841.8,19989.3,76.7,69.8,13985.6,14110.3,
645,108.9,142.0,22006.2,22139.1,57.1,37.4,19610.8,19720.7,103.5,83.0,13803.0,13884.8,
646,122.9,104.9,21571.3,21661.8,51.4,85.2,19145.9,19291.5,76.6,90.7,13499.8,13641.2,
647,125.9,68.3,21119.7,21156.8,48.9,144.6,18623.6,18823.1,36.5,96.9,13167.1,13393.2,
648,120.5,78.8,20742.2,20759.1,58.6,124.8,18268.1,18485.3,65.9,102.8,12943.9,13121.6,
649,112.6,104.2,20387.8,20394.9,72.2,80.1,17964.7,18188.3,116.9,108.6,12754.8,12842.7,
650,92.1,92.4,19959.4,19990.8,76.5,49.5,17619.5,17820.4,68.5,63.4,12481.6,12534.9,
651,67.0,66.7,19503.4,19571.7,77.3,24.0,17258.6,17425.8,-17.2,-0.9,12176.8,12216.3,
652,29.6,32.8,19057.1,19133.9,73.3,-3.4,16844.4,16954.3,-32.4,-24.6,11854.6,11993.7,
653,-13.0,-4.7,18615.0,18687.9,67.3,-31.6,16407.2,16449.6,-17.0,-30.7,11524.9,11812.8,
654,-13.2,2.1,18206.3,18289.4,55.4,-18.8,15992.4,16082.3,14.8,-0.0,11281.0,11535.8,
655,7.0,30.2,17813.7,17913.6,40.6,13.7,15588.4,15780.9,54.5,48.3,11078.3,11212.8,
656,28.1,52.6,17413.4,17522.0,74.9,31.3,15293.4,15502.5,88.1,66.6,10885.7,10981.4,
657,49.6,72.0,17009.2,17122.2,134.5,41.3,15054.6,15236.0,118.7,69.3,10698.3,10797.2,
658,68.7,35.6,16642.0,16764.0,141.6,58.7,14753.7,14894.9,122.1,56.2,10487.3,10585.7,
659,86.5,-30.9,16294.8,16428.2,120.4,80.3,14419.5,14513.6,110.9,34.6,10263.7,10359.7,
660,88.7,-24.2,15954.5,16013.0,113.3,64.2,14087.7,14197.9,121.0,17.9,10048.6,10132.9,
661,82.5,22.5,15617.9,15554.3,113.9,27.7,13757.3,13918.2,142.7,4.0,9838.2,9905.8,
662,109.6,53.4,15294.3,15258.4,134.8,43.7,13498.6,13668.0,138.9,-0.6,9667.8,9696.0,
663,154.6,75.7,14977.7,15050.4,166.6,87.9,13278.5,13433.8,121.2,-0.2,9519.1,9495.6,
664,154.4,58.8,14725.4,14805.1,137.9,58.6,13040.8,13149.5,118.0,-11.0,9374.9,9356.1,
665,130.6,21.7,14506.3,14540.6,78.0,-8.8,12794.1,12839.3,122.3,-27.7,9233.2,9248.3,
666,103.3,36.0,14232.6,14307.7,78.1,-9.6,12614.3,12653.7,78.7,-12.1,9063.8,9125.1,
667,74.2,75.1,13932.5,14090.1,107.2,21.7,12466.8,12528.2,11.9,19.2,8881.1,8994.5,
668,72.9,74.3,13752.6,13899.6,124.8,26.3,12289.1,12360.2,30.3,18.5,8715.3,8845.7,
669,83.8,56.1,13625.1,13721.0,137.4,19.2,12098.2,12173.8,85.9,3.8,8556.9,8689.0,
670,93.6,20.8,13409.2,13495.6,137.7,7.8,11861.8,11985.4,106.4,10.5,8386.4,8530.0,
671,103.0,-21.0,13159.8,13252.4,133.2,-5.3,11608.0,11796.2,113.4,25.3,8211.3,8370.2,
672,93.5,9.6,12936.8,13013.7,139.1,6.2,11360.0,11551.3,107.9,71.4,8061.8,8260.4,
673,78.1,63.2,12722.3,12776.5,148.4,25.5,11113.9,11288.8,98.4,127.3,7920.2,8166.5,
674,40.8,9.3,12501.9,12522.6,106.7,-10.5,10992.2,11128.2,79.0,52.5,7774.9,7997.8,
675,-1.9,-71.3,12280.1,12264.6,52.3,-60.3,10901.7,10993.0,57.0,-55.0,7628.6,7810.3,
676,62.0,-40.8,12117.8,12101.2,61.5,-21.4,10702.9,10873.7,71.7,-52.1,7535.2,7638.0,
677,145.1,9.7,11966.2,11954.8,82.0,33.5,10484.6,10757.3,92.9,-29.4,7451.5,7468.3,
678,114.2,84.0,11762.5,11771.4,116.9,39.8,10261.2,10448.0,91.1,-12.5,7334.3,7446.2,
679,70.6,160.9,11553.0,11584.1,153.4,40.8,10037.3,10117.5,86.7,3.9,7213.6,7440.2,
680,82.2,110.1,11340.3,11307.7,119.7,52.3,9890.4,9954.0,141.5,35.9,7045.1,7183.8,
681,96.6,56.6,11125.3,11029.1,86.1,64.4,9743.9,9798.3,196.2,66.9,6875.1,6921.2,
682,133.7,90.3,10835.5,10794.0,153.0,87.3,9500.1,9684.1,162.6,44.9,6719.2,6795.6,
683,160.6,116.4,10551.3,10561.1,205.9,107.1,9256.4,9553.5,128.8,29.1,6566.2,6675.1,
684,95.4,74.3,10316.5,10347.0,134.9,98.4,9013.8,9276.2,92.7,69.3,6439.9,6600.7,
685,45.3,42.2,10099.8,10125.9,77.2,91.1,8804.2,9024.5,74.7,99.8,6319.6,6522.8,
686,63.4,56.1,9965.2,9873.6,80.2,90.0,8745.3,8889.6,139.4,85.9,6226.7,6428.9,
687,91.1,86.3,9804.8,9666.8,99.7,87.6,8656.6,8741.5,172.9,72.8,6132.5,6306.2,
688,145.6,161.4,9573.0,9585.5,164.7,81.7,8485.7,8556.8,120.2,61.9,6035.0,6104.2,
689,170.7,192.5,9350.1,9441.5,184.6,87.5,8292.4,8378.8,85.8,66.1,5938.9,5952.4,
690,143.1,144.7,9143.0,9185.5,124.1,114.4,8059.1,8212.8,84.0,97.5,5845.4,5890.6,
691,109.5,121.4,8948.8,9007.4,92.7,108.1,7899.7,8038.9,103.1,105.7,5722.2,5820.0,
692,68.8,127.3,8770.0,8922.0,96.1,62.4,7828.2,7855.7,146.9,86.4,5563.8,5739.0,
693,72.4,133.3,8568.7,8737.7,111.2,79.1,7655.0,7641.0,140.6,91.0,5428.6,5570.0,
694,110.6,139.4,8349.7,8476.2,135.4,144.5,7402.5,7401.6,95.1,114.3,5311.5,5332.3,
695,107.3,116.6,8143.2,8269.6,143.1,146.3,7199.2,7233.0,85.3,113.5,5150.9,5200.1,
696,83.9,79.7,7942.9,8089.8,143.0,117.1,7019.8,7098.6,92.8,101.1,4969.2,5119.1,
697,30.3,99.9,7657.6,7774.7,142.1,74.3,6826.0,6896.7,69.7,104.2,4822.1,4969.6,
698,-31.2,135.3,7349.8,7423.9,140.9,28.0,6628.5,6677.0,38.6,111.3,4684.1,4802.1,
699,-34.5,128.0,7173.2,7285.2,94.9,18.6,6465.8,6497.7,41.9,96.2,4539.1,4665.3,
700,-28.0,118.9,7007.0,7166.2,48.7,17.9,6306.2,6332.4,50.5,81.4,4397.2,4535.0,
701,67.7,152.5,6806.0,7048.7,84.8,127.1,6143.6,6377.6,102.9,113.4,4331.9,4480.1,
702,144.6,178.2,6604.7,6905.7,117.0,208.4,5954.6,6355.2,148.0,151.8,4256.4,4413.5,
703,138.0,169.1,6401.7,6649.0,131.6,166.1,5647.7,6031.5,160.1,218.9,4135.1,4294.8,
704,127.7,173.1,6205.3,6412.1,139.6,144.3,5432.2,5747.6,154.1,241.7,3987.5,4164.0,
705,109.5,204.0,6022.2,6216.0,134.0,164.8,5405.1,5545.8,110.6,173.6,3785.7,4008.5,
706,109.5,167.3,5807.1,5981.0,133.6,165.4,5279.8,5386.3,110.6,121.8,3635.4,3841.3,
707,129.4,56.7,5557.0,5703.2,139.1,144.2,5046.9,5273.1,158.3,88.0,3541.8,3661.3,
708,130.4,44.3,5323.6,5520.9,112.1,170.6,4863.6,5064.5,144.2,77.7,3464.4,3562.6,
709,120.4,88.8,5100.1,5393.7,66.3,224.4,4709.0,4800.7,94.5,81.0,3396.6,3511.0,
710,110.4,119.5,4990.2,5213.8,74.7,192.1,4532.8,4639.9,97.4,124.3,3243.1,3395.7,
711,100.4,146.8,4909.4,5020.4,96.9,137.6,4351.2,4505.4,113.8,177.8,3067.7,3264.1,
712,158.0,155.3,4723.9,4851.2,135.6,149.9,4182.5,4369.9,110.2,133.8,3002.8,3117.9,
713,203.4,154.1,4546.2,4678.3,158.8,154.0,4018.4,4229.4,99.4,92.2,2931.0,2979.9,
714,161.2,98.4,4438.2,4478.0,84.9,95.2,3880.1,4058.8,49.6,86.5,2793.9,2894.6,
715,141.6,73.3,4326.8,4331.2,43.5,78.5,3775.9,3896.2,23.2,105.0,2677.3,2822.0,
716,169.2,112.3,4208.3,4296.0,69.8,150.0,3743.2,3750.2,45.5,174.1,2603.9,2776.0,
717,144.3,137.8,4034.8,4162.2,68.0,187.6,3588.4,3580.9,42.7,195.5,2465.3,2644.2,
718,69.4,150.7,3809.2,3934.5,39.2,193.0,3317.3,3389.3,16.0,171.3,2264.9,2431.0,
719,82.3,157.4,3674.8,3791.8,65.2,130.6,3186.8,3324.2,63.6,171.0,2244.1,2380.2,
720,131.4,161.6,3578.1,3684.1,113.9,40.3,3114.3,3311.5,142.0,180.5,2297.5,2396.6,
721,41.8,116.3,3413.5,3549.4,31.4,40.2,3000.7,3055.2,9.4,77.9,2125.0,2280.3,
722,-50.7,80.2,3246.4,3404.5,-55.2,49.9,2879.1,2800.2,-122.7,-19.9,1943.1,2147.8,
723,-60.7,150.4,3112.2,3203.6,-74.7,65.5,2727.5,2738.4,-92.9,3.7,1859.7,1993.3,
724,-12.9,207.4,2991.7,3045.7,-47.4,88.9,2593.6,2704.0,-25.0,36.5,1790.8,1882.3,
725,151.4,237.5,2898.6,2974.6,74.1,128.1,2495.5,2725.0,120.0,88.1,1751.1,1859.3,
726,169.8,234.5,2779.1,2909.7,101.2,146.1,2426.7,2615.0,169.8,142.9,1727.2,1855.1,
727,69.9,204.7,2638.2,2850.0,51.6,147.0,2381.4,2398.8,142.4,200.5,1716.1,1866.0,
728,8.9,95.4,2598.8,2649.5,9.4,85.9,2292.2,2252.2,91.4,93.5,1649.1,1755.9,
729,-40.0,-34.7,2586.2,2410.7,-29.8,8.0,2191.7,2126.8,33.9,-56.6,1566.1,1612.4,
730,-11.8,-35.8,2439.9,2287.3,-6.4,-9.2,2166.8,2106.7,-7.1,37.6,1461.5,1531.6,
731,10.8,-12.2,2312.0,2205.8,25.1,-6.4,2125.0,2059.5,-33.7,122.4,1388.6,1500.5,
732,17.0,84.1,2238.6,2248.0,80.5,55.7,2033.4,1932.0,-17.4,179.2,1408.9,1616.4,
733,29.9,107.0,2206.4,2233.5,81.2,57.2,1976.9,1876.5,17.1,215.6,1385.7,1592.2,
734,49.4,56.6,2215.6,2162.3,27.2,-1.7,1955.4,1892.9,69.8,231.6,1318.7,1428.0,
735,151.7,127.8,2143.2,2175.7,93.8,122.8,1900.5,1978.0,140.7,180.2,1393.1,1399.1,
736,278.6,236.6,2044.6,2215.7,197.9,305.0,1835.1,2083.0,215.5,108.2,1511.2,1414.7,
737,195.1,139.8,1991.3,2138.6,138.7,269.9,1802.5,1969.3,121.9,167.3,1391.2,1436.7,
738,114.7,78.4,1953.9,2048.7,78.1,208.4,1767.6,1858.9,42.3,187.2,1271.7,1421.5,
739,42.2,109.2,1957.8,1925.3,14.0,78.4,1726.6,1757.2,-1.1,105.0,1153.5,1309.5,
740,129.4,108.4,1925.6,1865.7,4.3,59.1,1665.7,1732.2,7.7,67.9,1159.0,1254.6,
741,347.3,81.9,1863.9,1858.3,39.2,130.8,1588.6,1770.1,59.3,67.7,1265.7,1246.3,
742,246.0,91.3,1852.8,1907.4,110.7,196.7,1576.3,1792.4,86.7,82.6,1254.7,1220.9,
743,84.0,103.1,1844.8,1951.5,172.7,232.3,1576.9,1796.8,102.2,95.6,1212.9,1199.0,
744,-34.3,75.3,1778.5,1863.9,100.8,39.0,1572.7,1687.1,62.8,68.7,1121.2,1233.4,
745,-105.8,48.3,1710.5,1754.9,43.3,-79.3,1497.9,1609.7,34.9,35.2,1047.2,1193.1,
746,-108.3,22.2,1640.0,1614.4,7.0,-86.9,1318.8,1580.0,23.8,-8.1,999.1,1042.6,
747,-1.9,-8.7,1627.7,1654.9,64.8,-32.6,1338.4,1688.8,50.3,12.7,1023.4,1067.1,
748,149.8,-40.5,1640.4,1772.1,161.7,48.4,1442.2,1855.1,92.4,61.1,1078.2,1165.7,
749,106.5,117.1,1685.4,1836.7,78.6,205.4,1486.1,1736.3,69.9,148.4,1084.6,1166.4,
750,86.4,191.8,1712.7,1831.8,57.4,304.6,1531.3,1634.3,53.9,204.6,1096.9,1144.8,
751,116.3,86.4,1701.3,1676.4,170.8,278.4,1579.7,1568.7,52.0,193.3,1121.7,1075.0,
752,118.8,72.0,1622.2,1687.5,175.4,257.0,1488.9,1559.1,79.8,183.9,1063.0,1039.5,
753,105.3,110.4,1503.7,1795.5,116.7,238.3,1316.9,1582.2,125.0,175.6,955.8,1024.0,
754,77.8,212.3,1515.3,1702.2,172.5,269.0,1353.8,1449.9,150.1,228.3,1068.1,1202.3,
755,75.5,281.4,1535.9,1601.3,223.8,267.7,1382.8,1380.9,165.9,266.8,1142.4,1291.0,
756,138.6,260.3,1563.5,1505.3,250.2,179.9,1367.1,1490.5,160.4,262.8,1094.9,1130.7,
757,196.0,200.4,1535.1,1470.6,214.6,162.5,1259.8,1492.9,165.6,207.7,978.2,1011.8,
758,249.8,116.8,1472.4,1473.6,140.9,188.2,1096.3,1429.3,177.3,121.3,819.0,918.4,
759,164.3,162.8,1408.4,1528.2,200.4,238.3,1084.7,1399.5,164.9,229.6,862.2,939.1,
760,66.5,180.4,1348.2,1525.8,200.3,232.7,1105.3,1332.5,135.5,285.8,868.0,944.8,
761,-45.9,122.9,1296.7,1391.0,54.8,100.1,1184.1,1179.6,70.3,207.7,771.9,906.7,
762,-25.2,145.0,1252.1,1301.6,12.1,77.4,1168.8,1118.0,93.5,179.9,797.1,902.1,
763,62.0,206.1,1208.5,1239.2,21.0,112.2,1109.1,1107.0,160.2,178.4,881.9,916.2,
764,110.3,204.7,1069.6,1341.5,10.1,219.7,1184.9,1267.5,173.4,211.4,884.0,994.2,
765,142.9,193.1,1020.3,1401.4,34.9,251.5,1155.0,1259.0,152.4,189.8,858.5,997.0,
766,151.3,165.6,1110.9,1395.0,115.2,165.2,960.1,986.9,78.1,83.2,789.9,882.4,
767,131.8,151.8,1035.4,1211.7,0.4,160.9,901.3,942.7,-6.5,82.6,662.7,768.1,
768,123.6,136.5,934.6,1032.6,-123.4,182.9,888.0,977.3,-65.0,120.5,576.6,687.1,
769,235.6,87.7,990.9,1207.3,61.9,211.6,896.0,1062.1,52.6,192.4,846.6,804.7,
770,205.1,67.5,1020.7,1245.7,96.5,180.7,894.5,1070.3,99.5,216.1,875.9,833.7,
771,47.3,73.1,1026.9,1162.4,-3.4,96.4,884.3,1010.0,83.2,196.8,690.1,783.6,
772,-62.8,206.6,1051.5,1113.9,-43.5,182.0,891.5,958.2,3.4,208.8,673.9,737.5,
773,-59.2,266.3,1088.0,1089.3,-29.3,240.0,896.0,985.2,-23.2,170.8,675.9,695.8,
774,180.0,143.1,1147.0,1109.3,90.2,206.7,891.5,1179.8,76.5,19.4,685.4,662.8,
775,178.2,151.8,1084.2,1048.8,141.6,171.4,883.8,1042.3,102.3,69.0,725.9,738.2,
776,93.7,220.5,992.3,976.3,155.8,143.1,895.7,825.1,103.9,178.3,759.5,827.2,
777,76.6,350.4,1019.8,1029.5,97.5,166.6,1045.1,929.0,133.9,169.7,669.6,730.2,
778,207.5,392.9,967.7,1120.5,158.7,281.5,1065.8,1128.8,214.5,202.6,676.8,724.4,
779,460.7,363.5,849.8,1242.9,318.7,471.8,980.3,1407.7,337.1,269.8,764.3,794.2,
780,232.0,189.4,803.2,1122.4,109.7,326.7,892.5,1114.3,224.3,254.0,664.9,792.3,
