380,-19.5,-51.2,-1.9,17.6,14.0,-14.7,-26.1,-27.9,27.3,34.2,-16.1,-11.6,25.6,29.2,9.4,-46.7,31.2,51.2,146.2,168.0
381,-29.5,-47.0,-10.9,42.1,18.7,-13.5,-27.1,-16.5,36.0,23.9,-8.2,-27.7,47.9,53.5,-3.1,-42.8,23.1,61.5,150.1,175.3
382,-28.0,-30.6,5.1,42.3,39.5,-15.7,-20.7,-0.4,27.4,16.0,-10.8,-16.9,20.2,34.7,-4.3,-18.7,16.4,64.3,126.4,180.9
383,-26.0,-13.7,22.1,41.5,60.9,-17.9,-14.0,15.9,18.1,8.3,-13.8,-4.9,-9.5,14.2,-4.9,6.3,9.7,66.8,101.7,186.4
384,-27.5,-8.7,24.4,39.2,72.6,-23.4,-15.3,18.6,9.8,4.6,-22.7,1.6,-24.5,-2.0,-1.1,10.5,3.5,59.0,83.9,178.3
385,-35.9,-27.1,-1.8,34.0,65.4,-35.3,-32.1,-5.3,3.7,8.9,-43.4,-2.5,-11.0,-9.6,11.4,-25.7,-1.9,31.2,79.4,143.6
386,-44.2,-45.4,-28.0,28.9,58.1,-47.1,-48.9,-29.2,-2.5,13.2,-64.1,-6.6,2.5,-17.3,23.9,-61.9,-7.4,3.4,75.0,109.0
387,-50.8,-40.0,-41.0,32.8,47.7,-48.4,-40.0,-33.1,-5.7,17.6,-63.3,-16.0,6.6,-5.6,22.7,-52.4,4.5,16.5,88.6,115.2
388,-56.6,-25.4,-48.8,40.3,36.1,-45.6,-21.2,-29.3,-7.8,22.1,-54.1,-27.4,7.1,13.6,16.1,-25.1,23.1,45.6,109.1,137.2
389,-60.8,-12.3,-52.6,47.3,25.5,-43.4,-5.0,-25.4,-9.3,26.7,-44.0,-35.6,6.6,29.0,11.6,-0.6,41.1,71.9,128.2,158.6
390,-51.1,-12.6,-22.1,50.0,23.0,-45.9,-12.0,-20.2,-5.9,32.4,-25.3,-15.8,-2.8,11.3,25.8,-0.1,53.3,74.5,135.3,173.3
391,-41.5,-12.9,8.3,52.7,20.6,-48.3,-19.1,-15.0,-2.5,38.1,-6.7,4.0,-12.3,-6.4,39.9,0.4,65.6,77.1,142.3,188.1
392,-33.2,-9.9,21.8,55.5,32.2,-44.4,-20.4,0.2,5.1,41.1,5.6,17.1,-11.6,-8.7,46.2,-6.9,66.0,79.7,147.4,191.3
393,-26.4,-3.6,17.8,58.4,58.4,-33.7,-15.8,25.7,17.1,41.3,11.2,23.3,-0.6,4.9,44.3,-22.2,54.2,82.3,150.4,182.5
394,-19.5,2.8,13.8,61.3,84.5,-23.0,-11.2,51.2,29.1,41.5,16.8,29.5,10.5,18.5,42.5,-37.6,42.4,84.9,153.3,173.8
395,-32.0,-8.4,17.4,54.0,67.2,-27.8,-6.3,23.4,14.5,27.4,7.7,9.4,5.3,15.1,25.8,-38.9,35.1,83.4,138.4,163.3
396,-47.0,-21.8,21.9,45.4,44.2,-34.7,-1.4,-11.3,-3.6,11.5,-3.4,-14.1,-1.9,9.5,7.1,-38.4,28.4,81.3,121.0,152.6
397,-54.6,-27.4,27.0,41.2,32.4,-39.7,3.2,-33.2,-11.9,5.0,-9.0,-30.3,-2.5,10.3,-0.1,-35.8,26.2,79.2,112.5,144.0
398,-43.5,-12.5,33.8,48.5,49.1,-39.6,7.4,-21.8,5.0,22.8,-0.5,-27.4,14.4,27.5,22.5,-28.3,35.4,77.0,126.5,140.8
399,-32.4,2.4,40.6,55.9,65.9,-39.5,11.6,-10.3,21.9,40.6,8.1,-24.6,31.3,44.7,45.1,-20.7,44.6,74.8,140.6,137.6
400,-40.7,-10.3,20.4,54.1,58.9,-40.9,-14.8,-10.5,11.2,14.7,-18.1,-32.7,17.2,31.4,29.8,-25.4,31.7,66.8,124.7,140.0
401,-58.2,-36.0,-12.6,48.1,40.5,-43.0,-55.6,-16.1,-12.6,-32.0,-60.6,-46.0,-11.4,3.7,-3.3,-36.0,8.3,56.0,94.7,145.0
402,-73.8,-58.3,-41.9,41.7,26.4,-45.1,-91.1,-21.9,-33.8,-72.1,-98.6,-57.0,-36.5,-22.3,-32.1,-46.2,-12.4,47.5,69.0,149.2
403,-68.3,-43.9,-32.0,32.6,57.6,-46.8,-69.1,-30.8,-26.6,-40.7,-87.5,-43.2,-23.0,-29.2,-13.8,-52.7,-3.3,64.5,90.5,143.4
404,-62.9,-29.6,-22.1,23.5,88.8,-48.6,-47.0,-39.6,-19.5,-9.4,-76.5,-29.4,-9.5,-36.1,4.5,-59.1,5.7,81.4,112.0,137.6
405,-52.8,-18.9,-6.3,34.0,102.5,-33.4,-24.9,-37.1,-8.0,11.8,-59.8,-17.2,-0.2,-30.0,18.5,-57.1,20.5,97.1,132.3,145.8
406,-37.8,-12.1,15.5,64.7,97.8,-0.6,-3.0,-22.7,7.9,22.4,-37.2,-6.4,4.8,-10.4,28.1,-46.3,41.3,111.5,151.4,168.4
407,-22.8,-5.2,37.3,95.5,93.2,32.2,19.0,-8.3,23.9,32.9,-14.5,4.3,9.9,9.2,37.8,-35.5,62.1,126.0,170.4,191.1
408,-23.1,-10.3,41.6,92.3,107.8,11.0,10.7,3.8,22.4,27.9,-16.6,1.9,13.7,20.5,35.9,-25.0,62.6,120.9,173.5,204.7
409,-24.9,-16.7,44.0,85.5,124.4,-16.0,-0.8,15.6,19.1,21.2,-21.3,-2.0,17.3,30.9,32.7,-14.5,60.9,113.8,174.8,217.3
410,-23.4,-14.3,53.3,90.1,144.1,-30.2,-9.2,22.7,18.9,22.2,-16.7,-1.8,18.8,39.0,31.8,-4.6,58.7,111.8,181.2,229.4
411,-14.6,6.9,77.3,119.0,170.4,-16.9,-11.3,19.8,25.6,39.6,7.7,7.2,15.5,41.9,35.5,3.9,55.3,120.8,198.4,240.5
412,-5.8,28.2,101.3,147.9,196.7,-3.6,-13.3,16.9,32.2,57.0,32.1,16.1,12.2,44.7,39.2,12.4,52.0,129.7,215.5,251.6
413,-21.4,29.0,96.2,152.1,197.9,-15.7,-17.9,1.3,12.9,40.0,10.6,-3.2,0.6,34.5,24.1,-0.2,48.4,130.2,214.7,276.0
414,-45.7,22.6,80.8,147.6,190.4,-36.8,-23.3,-18.7,-15.5,10.9,-27.0,-32.4,-13.9,19.6,2.3,-20.4,44.8,127.6,207.5,305.0
415,-62.5,19.5,77.4,153.4,195.9,-49.7,-25.4,-30.4,-32.9,-7.7,-53.5,-51.6,-21.5,9.9,-9.0,-33.9,51.4,134.7,213.6,342.5
416,-41.4,32.6,135.4,211.7,268.3,-21.0,-10.4,0.4,6.6,26.9,-23.1,-19.7,6.5,27.2,33.0,-13.2,110.3,191.2,287.1,423.7
417,-20.2,45.7,193.5,270.0,340.6,7.6,4.5,31.2,46.0,61.6,7.4,12.2,34.5,44.5,74.9,7.4,169.2,247.8,360.6,504.9
418,-12.3,65.0,227.7,318.1,399.7,9.5,9.2,38.8,56.5,65.9,16.4,17.1,45.8,47.0,76.1,20.6,179.3,288.1,407.2,561.3
419,-13.4,88.6,245.4,359.2,449.6,-7.1,6.9,30.4,47.0,49.1,10.6,3.4,45.5,39.3,49.1,28.6,155.7,317.2,435.2,600.6
420,-14.8,112.1,263.5,400.6,501.1,-23.3,4.5,22.1,37.4,32.8,4.5,-10.0,45.0,31.4,22.8,36.0,133.5,346.1,464.5,642.0
421,-26.2,129.9,295.7,455.2,615.9,-27.1,0.3,16.6,26.4,31.1,-9.7,-12.0,31.9,15.6,24.3,18.3,168.8,363.3,548.7,770.2
422,-37.5,147.6,327.9,509.8,730.8,-31.0,-3.8,11.2,15.4,29.5,-23.9,-14.1,18.8,-0.1,25.7,0.6,204.1,380.5,633.0,898.4
423,-35.4,178.8,385.6,597.6,864.7,-34.4,3.6,16.7,16.7,32.8,-32.1,-10.5,17.5,0.5,34.9,-7.8,238.3,438.1,742.7,1031.8
424,-17.5,225.6,473.4,724.5,1021.0,-37.5,24.4,34.9,32.5,41.8,-33.4,-0.6,30.1,20.5,53.3,-5.3,271.3,543.0,882.2,1171.4
425,0.4,272.4,561.2,851.4,1177.2,-40.6,45.2,53.1,48.4,50.9,-34.7,9.3,42.6,40.4,71.6,-2.8,304.2,648.0,1021.7,1311.0
426,-1.1,327.8,685.0,1050.2,1430.3,-21.5,29.9,45.2,28.9,54.7,-24.9,0.2,28.9,46.1,85.8,16.2,394.5,794.6,1210.8,1604.1
427,-4.7,384.1,812.8,1256.8,1693.9,0.0,10.7,34.6,5.6,57.9,-13.8,-11.1,12.2,50.2,99.6,37.1,491.0,945.7,1405.4,1914.0
428,-10.6,455.3,956.6,1490.0,1994.6,10.2,-1.7,21.4,-7.2,60.8,-6.1,-12.7,2.3,56.3,107.7,47.9,574.7,1103.3,1633.9,2240.1
429,-21.1,554.5,1130.5,1773.3,2365.2,-0.8,-1.1,3.5,-0.3,63.4,-5.0,3.7,5.1,65.8,104.8,39.9,634.3,1273.0,1926.7,2596.9
430,-31.6,653.7,1304.4,2056.6,2735.9,-11.8,-0.4,-14.4,6.7,65.9,-3.9,20.1,7.9,75.4,102.0,31.9,694.0,1442.8,2219.5,2953.6
431,-28.2,792.0,1572.4,2470.2,3292.0,-17.8,9.3,1.2,19.8,72.6,6.3,31.0,33.4,82.3,115.0,23.1,846.6,1731.1,2634.9,3514.1
432,-21.2,940.3,1864.5,2917.2,3895.6,-22.5,21.3,25.4,34.6,80.5,18.7,40.6,64.7,88.6,132.2,14.2,1023.1,2049.9,3081.6,4126.7
433,-23.7,1099.0,2192.1,3430.6,4579.9,-27.9,29.1,35.4,45.0,84.1,21.7,47.5,88.8,94.1,146.0,1.9,1217.2,2408.3,3601.8,4829.2
434,-54.8,1289.1,2626.4,4143.4,5506.1,-35.4,24.3,2.9,42.4,75.0,-3.3,46.5,90.9,97.2,150.2,-20.5,1464.6,2885.7,4342.3,5801.0
435,-85.9,1479.2,3060.7,4856.1,6432.2,-43.0,19.5,-29.6,39.8,65.9,-28.4,45.6,93.1,100.4,154.4,-42.9,1712.0,3363.1,5082.8,6772.8
436,-75.4,1752.6,3593.9,5661.5,7531.6,-26.2,18.4,-7.1,43.3,71.1,-23.9,41.1,81.9,116.1,180.0,-32.8,1990.3,3920.7,5950.4,7926.8
437,-47.7,2060.4,4167.9,6505.0,8702.5,0.6,19.0,38.2,49.4,82.2,-7.2,35.2,65.3,137.0,214.4,-9.2,2281.4,4511.4,6870.3,9155.9
438,-22.1,2383.8,4777.0,7414.6,9948.2,23.0,19.5,73.6,55.0,88.5,4.8,31.7,54.2,157.3,243.5,10.3,2588.8,5144.1,7840.7,10452.4
439,-6.8,2782.8,5556.8,8645.9,11558.5,23.5,20.0,60.7,58.5,71.3,-6.2,39.6,70.2,175.0,246.8,9.9,2975.5,5981.4,9056.5,12076.6
440,8.6,3181.9,6336.6,9877.1,13168.7,24.1,20.5,47.8,62.0,54.1,-17.1,47.6,86.3,192.7,250.0,9.4,3362.3,6818.7,10272.3,13700.8
441,3.8,3694.3,7353.1,11430.7,15264.7,22.1,23.5,43.4,73.0,68.0,-12.3,60.5,127.5,221.0,288.7,15.8,3882.1,7875.4,11882.5,15832.2
442,-12.4,4271.2,8504.3,13167.8,17637.3,18.7,28.0,43.7,88.3,99.7,1.6,76.2,182.9,255.4,347.5,25.9,4477.6,9057.0,13717.2,18252.1
443,-24.2,4868.7,9691.6,14966.2,20085.7,16.6,32.6,46.7,104.0,128.7,15.5,92.1,232.7,290.3,404.9,37.4,5091.8,10280.5,15612.6,20749.1
444,0.5,5636.4,11175.8,17268.0,23158.0,24.8,37.9,70.7,123.4,136.0,29.9,109.2,235.8,329.1,450.9,60.2,5858.9,11847.5,18006.0,23878.6
445,25.1,6404.1,12659.9,19569.7,26230.4,33.0,43.1,94.7,142.7,143.3,44.3,126.3,238.8,367.9,496.9,82.9,6626.0,13414.6,20399.5,27008.1
446,37.1,7104.6,14010.1,21732.4,29021.2,38.2,45.2,100.3,147.7,153.5,43.0,122.0,249.4,404.1,534.2,87.0,7334.6,14880.5,22582.8,29889.1
447,39.9,7757.4,15264.8,23796.0,31611.6,41.1,45.1,92.7,142.3,165.8,30.6,102.4,265.3,438.5,565.3,77.9,8001.6,16274.3,24616.5,32593.3
448,42.0,8399.8,16499.9,25819.6,34162.8,43.5,46.2,86.7,136.2,176.9,20.1,85.5,281.2,471.5,597.1,68.9,8662.0,17641.1,26618.9,35250.1
449,32.6,8892.3,17448.7,27259.9,36141.9,36.9,66.7,104.0,119.9,171.6,38.0,108.3,297.6,483.1,638.9,63.2,9226.9,18613.6,28165.8,37219.0
450,23.1,9384.8,18397.6,28700.3,38121.1,30.3,87.1,121.3,103.5,166.2,56.0,131.1,313.9,494.7,680.7,57.4,9791.9,19586.1,29712.6,39187.9
451,27.6,9700.9,18999.5,29610.8,39358.6,36.3,99.7,136.1,119.8,173.9,76.7,151.2,325.5,510.2,706.6,53.5,10124.0,20205.6,30721.2,40482.5
452,43.5,9872.0,19316.2,30086.0,39986.8,52.6,105.8,149.0,163.1,192.4,99.6,169.1,333.0,528.8,719.4,51.0,10264.9,20535.2,31287.6,41223.1
453,58.6,10020.0,19588.2,30491.9,40525.3,68.2,111.4,160.4,204.2,209.8,120.6,185.6,339.0,544.8,729.9,48.8,10383.6,20818.3,31781.6,41865.8
454,53.6,9583.4,18732.5,29151.3,38803.6,65.2,103.1,137.7,190.1,200.6,92.1,166.5,304.0,495.4,682.2,52.9,9944.5,19931.9,30450.1,40039.9
455,48.7,9146.9,17876.8,27810.7,37081.8,62.1,94.7,114.9,176.0,191.3,63.6,147.4,269.0,446.0,634.4,57.1,9505.3,19045.5,29118.6,38214.1
456,38.4,8667.2,16915.4,26349.6,35136.3,47.4,81.6,102.8,164.8,182.3,48.4,132.3,243.9,417.2,598.1,55.6,9002.3,18056.6,27611.1,36215.8
457,23.4,8149.4,15860.8,24782.3,32993.8,22.4,64.2,100.0,156.2,173.7,45.1,120.6,227.7,406.6,571.8,49.2,8443.1,16977.5,25948.6,34065.6
458,9.1,7628.7,14803.0,23207.3,30842.7,-1.6,48.2,97.9,148.3,165.8,42.1,109.3,212.1,395.7,545.2,43.3,7881.7,15892.7,24278.2,31904.2
459,18.0,7012.1,13640.2,21381.2,28411.1,9.1,76.4,116.1,162.6,182.0,51.9,109.7,219.5,374.6,509.0,54.9,7249.2,14626.3,22356.5,29381.7
460,26.8,6395.6,12477.3,19555.2,25979.5,19.8,104.6,134.4,176.8,198.2,61.8,110.1,227.0,353.5,472.8,66.6,6616.8,13359.9,20434.8,26859.1
461,19.1,5839.3,11446.4,17931.1,23856.6,23.9,112.8,139.5,183.5,217.8,59.3,102.5,221.1,327.4,436.8,60.7,6075.5,12279.7,18757.9,24705.0
462,-3.2,5335.9,10531.0,16483.7,22003.9,22.2,103.5,133.1,183.4,240.4,46.1,87.8,203.6,297.0,401.0,39.4,5614.1,11362.5,17295.5,22873.5
463,-23.9,4839.5,9623.1,15049.6,20166.0,20.3,95.2,128.1,185.5,264.3,33.3,73.5,185.5,266.9,366.0,18.7,5156.6,10451.5,15846.4,21055.4
464,-7.4,4509.8,8893.4,13927.6,18678.1,13.1,112.6,152.9,236.8,318.8,31.7,70.4,156.1,245.2,350.1,13.0,4793.2,9685.2,14712.2,19551.5
465,9.1,4180.2,8163.7,12805.5,17190.2,6.0,130.0,177.7,288.0,373.3,30.1,67.3,126.6,223.5,334.2,7.3,4429.7,8918.8,13577.9,18047.6
466,6.9,3859.3,7508.9,11796.2,15839.7,5.3,137.9,206.6,321.4,432.6,20.4,63.3,117.9,208.4,316.7,8.2,4099.0,8253.4,12581.8,16704.4
467,-10.5,3545.6,6914.6,10877.8,14600.3,10.0,138.3,238.8,340.3,495.9,4.0,58.8,126.1,198.5,297.8,14.5,3794.7,7669.6,11697.2,15491.1
468,-26.2,3237.0,6329.7,9969.4,13374.7,13.5,139.9,272.3,363.7,560.9,-11.3,54.1,132.3,190.4,279.5,19.8,3496.3,7094.3,10825.6,14300.3
469,-19.4,2995.3,5869.9,9194.4,12331.8,1.1,159.8,323.0,445.9,647.3,-11.5,48.4,112.9,205.9,268.9,10.5,3275.8,6633.1,10127.4,13409.4
470,-12.7,2753.7,5410.0,8419.3,11288.8,-11.3,179.8,373.7,528.0,733.7,-11.8,42.7,93.5,221.3,258.2,1.3,3055.3,6171.9,9429.3,12518.4
471,-8.9,2513.1,4946.3,7684.7,10310.5,-20.0,212.8,427.1,617.6,850.2,-13.7,36.3,83.7,221.3,249.2,-7.4,2825.5,5752.1,8761.7,11658.9
472,-7.2,2273.4,4479.9,6978.0,9376.7,-26.2,254.9,482.4,712.2,987.6,-16.8,29.5,80.6,210.7,241.3,-15.7,2589.4,5360.9,8115.3,10821.3
473,-8.3,2037.3,4023.8,6287.5,8457.7,-30.6,294.0,539.1,806.5,1123.5,-19.1,23.6,78.8,200.9,233.2,-22.4,2364.1,4975.1,7489.0,9998.6
474,-30.2,1829.1,3644.3,5718.4,7648.3,-21.5,310.9,606.8,898.1,1249.0,-16.2,24.1,87.2,197.3,223.8,-16.1,2218.9,4629.8,7012.9,9288.0
475,-52.2,1621.0,3264.8,5149.4,6839.0,-12.5,327.9,674.4,989.7,1374.5,-13.2,24.6,95.6,193.8,214.4,-9.9,2073.7,4284.5,6536.8,8577.4
476,-42.4,1473.7,2942.6,4640.4,6160.1,-4.3,358.7,745.5,1093.8,1504.4,-2.5,39.6,100.8,187.7,217.6,-0.2,1949.6,4005.1,6099.4,8001.4
477,-15.5,1359.4,2651.4,4163.8,5551.6,3.4,397.0,818.4,1204.7,1636.6,12.4,62.5,104.1,180.2,227.7,11.5,1836.8,3761.4,5683.1,7498.1
478,1.6,1239.5,2370.4,3711.0,4971.8,8.9,432.9,882.4,1303.6,1759.8,19.5,78.4,106.4,176.3,232.8,18.0,1729.5,3527.0,5296.7,7018.5
479,-23.9,1094.9,2134.1,3362.9,4518.2,4.4,458.2,906.7,1349.4,1843.0,-7.7,64.0,103.6,187.5,215.8,2.2,1646.6,3333.6,5042.2,6642.7
480,-49.5,950.3,1897.7,3014.8,4064.7,-0.1,483.5,930.9,1395.3,1926.3,-35.0,49.5,100.9,198.7,198.8,-13.5,1563.7,3140.2,4787.6,6266.9
481,-53.3,865.7,1740.1,2777.2,3713.0,-7.3,497.3,976.8,1468.9,2008.8,-33.6,52.7,105.9,183.3,201.0,-21.2,1506.2,3011.1,4610.6,6020.2
482,-48.9,803.8,1612.3,2581.2,3399.8,-15.5,506.8,1030.8,1552.8,2091.1,-21.5,62.6,113.9,157.8,210.3,-25.8,1458.2,2906.2,4462.9,5822.2
483,-43.4,741.7,1485.1,2382.2,3099.0,-21.4,517.6,1073.9,1618.0,2164.7,-16.8,65.0,113.1,139.6,216.4,-24.6,1403.9,2797.6,4307.8,5615.2
484,-35.0,679.1,1359.5,2175.0,2831.7,-21.2,532.1,1088.0,1633.0,2214.8,-32.5,47.3,88.5,140.7,213.7,-7.9,1332.3,2679.0,4132.5,5384.4
485,-26.5,616.6,1233.9,1967.8,2564.4,-21.0,546.7,1102.0,1648.0,2265.0,-48.1,29.6,64.0,141.8,211.0,8.8,1260.8,2560.4,3957.2,5153.6
486,-24.1,561.8,1137.4,1807.0,2368.0,-14.2,560.6,1127.2,1658.9,2292.0,-19.2,28.4,77.6,150.3,221.4,23.5,1218.7,2489.9,3817.3,4983.8
487,-23.0,508.8,1047.1,1656.2,2187.0,-6.0,574.3,1154.8,1669.1,2314.1,19.4,30.8,99.5,160.3,234.6,37.7,1183.1,2429.8,3685.1,4827.3
488,-15.9,477.0,974.2,1535.6,2037.5,-1.4,601.2,1185.5,1707.6,2359.7,40.2,40.8,119.2,176.0,244.2,51.2,1170.5,2399.6,3600.2,4722.8
489,1.1,480.3,929.8,1464.7,1939.7,-2.7,649.9,1221.5,1792.9,2443.9,31.8,63.0,135.3,201.0,248.0,63.5,1195.9,2418.7,3593.1,4704.2
490,18.1,483.6,885.4,1393.8,1842.0,-4.0,698.6,1257.5,1878.3,2528.2,23.5,85.3,151.4,226.1,251.8,75.8,1221.3,2437.8,3586.1,4685.6
491,2.3,441.0,841.4,1303.6,1756.0,-7.2,676.8,1287.8,1942.8,2651.2,12.8,79.9,131.6,208.8,244.2,41.9,1193.8,2416.5,3592.7,4725.0
492,-15.6,395.4,797.5,1212.0,1670.8,-10.5,650.4,1317.7,2006.0,2776.8,1.9,72.7,109.4,188.7,235.9,5.0,1162.8,2392.6,3600.3,4768.3
493,-23.7,374.5,775.0,1176.7,1618.3,-6.7,669.3,1394.7,2109.7,2942.4,-0.1,67.3,105.8,187.5,242.3,-9.5,1173.1,2421.0,3683.4,4879.5
494,-22.2,377.9,773.7,1196.6,1598.2,3.9,732.8,1517.9,2253.4,3147.5,6.8,63.5,120.6,205.0,263.2,-1.7,1224.0,2500.8,3841.1,5057.6
495,-20.5,381.5,772.7,1215.6,1580.3,14.0,797.9,1641.4,2403.3,3359.6,12.3,60.9,135.1,222.0,283.8,5.4,1277.1,2590.0,4007.0,5248.2
496,-18.0,385.9,773.8,1223.5,1590.0,16.2,882.9,1768.1,2630.6,3659.4,-0.1,72.0,145.1,233.6,299.7,4.8,1358.8,2795.6,4276.4,5594.1
497,-15.5,390.4,775.0,1231.4,1599.6,18.4,967.9,1894.8,2858.0,3959.1,-12.5,83.2,155.2,245.1,315.7,4.2,1440.5,3001.2,4545.8,5940.0
498,-18.4,393.7,783.4,1254.6,1627.9,5.7,1050.6,2108.2,3155.2,4356.9,-17.6,87.5,160.2,253.1,346.9,10.3,1561.7,3249.6,4903.2,6397.8
499,-24.2,396.3,795.8,1286.1,1666.3,-15.1,1132.0,2368.5,3490.2,4807.6,-18.7,88.0,162.5,259.2,386.4,19.9,1704.4,3521.2,5308.2,6916.1
500,-24.5,406.1,814.9,1318.3,1710.8,-24.9,1230.3,2629.8,3837.1,5284.0,-18.9,93.9,175.1,275.4,430.5,28.7,1852.5,3800.9,5732.3,7467.3
501,-6.8,439.8,856.8,1353.0,1775.4,2.6,1385.5,2894.8,4224.3,5846.9,-16.5,118.1,222.3,325.3,489.7,34.7,2019.2,4107.9,6220.7,8129.0
502,11.0,473.4,898.6,1387.7,1840.1,30.0,1540.6,3159.7,4611.6,6409.8,-14.0,142.2,269.5,375.2,549.0,40.8,2186.0,4414.9,6709.1,8790.7
503,-2.3,465.6,920.9,1426.4,1922.0,16.3,1717.4,3526.7,5141.2,7148.9,-23.4,140.6,288.7,403.6,579.1,25.0,2395.9,4855.5,7376.8,9668.9
504,-22.6,448.3,938.8,1466.1,2007.9,-6.7,1899.1,3916.8,5703.2,7928.0,-35.5,133.1,301.5,427.2,602.6,4.3,2615.7,5326.5,8085.2,10596.2
505,-26.7,444.8,954.4,1507.7,2082.3,-16.5,2102.2,4342.6,6342.8,8797.0,-31.2,130.2,320.5,462.7,636.7,-6.0,2863.3,5833.9,8860.8,11626.4
506,-7.1,461.7,966.4,1552.4,2139.6,-6.8,2336.7,4820.6,7096.2,9798.0,-3.0,134.2,348.4,515.6,686.5,-0.8,3151.7,6394.7,9735.0,12807.5
507,12.5,478.5,978.6,1597.1,2196.9,2.9,2571.2,5298.7,7849.8,10799.0,25.1,138.2,376.4,568.5,736.4,4.3,3440.2,6955.6,10609.4,13988.7
508,5.6,524.9,1046.5,1690.0,2295.0,-4.9,2852.9,5839.9,8694.7,11910.7,14.3,142.4,399.5,637.8,838.1,11.3,3746.6,7645.8,11604.7,15302.6
509,-1.2,571.2,1114.5,1782.9,2393.1,-12.7,3134.7,6381.1,9539.6,13022.3,3.6,146.6,422.6,707.1,939.8,18.3,4053.1,8336.1,12600.1,16616.5
510,2.2,604.0,1159.7,1827.7,2444.2,-1.8,3406.8,6927.0,10344.8,14129.5,4.1,176.9,459.4,758.7,1021.0,32.1,4353.5,8952.5,13551.6,17817.5
511,12.4,627.7,1189.7,1840.6,2464.3,21.5,3672.7,7475.8,11123.7,15233.7,12.2,224.5,505.1,798.5,1088.6,50.4,4650.0,9520.1,14474.2,18943.9
512,20.3,645.6,1213.7,1855.9,2479.4,39.2,3932.8,8010.0,11893.7,16318.6,14.9,263.8,550.8,844.9,1152.5,63.4,4941.1,10080.2,15368.9,20062.7
513,19.3,641.2,1214.6,1880.0,2475.6,35.6,4171.0,8488.2,12629.6,17329.5,-2.7,272.0,596.1,916.5,1201.9,56.5,5211.2,10612.2,16156.9,21152.9
514,18.2,636.8,1215.5,1904.1,2471.8,32.1,4409.2,8966.3,13365.5,18340.5,-20.4,280.2,641.5,988.2,1251.4,49.6,5481.3,11144.2,16944.9,22243.1
515,15.1,631.9,1214.5,1879.6,2497.4,36.9,4657.8,9501.3,14130.6,19372.3,1.9,302.0,663.9,1033.3,1337.4,31.6,5746.2,11689.4,17816.0,23350.7
516,11.5,626.8,1213.2,1844.3,2529.5,43.6,4908.8,10048.9,14902.0,20408.7,33.1,326.9,681.2,1072.5,1431.5,11.1,6009.9,12237.5,18705.5,24462.2
517,1.9,610.3,1196.9,1809.6,2517.9,47.4,5153.6,10544.6,15610.8,21399.1,45.0,350.8,699.6,1111.8,1507.3,4.3,6242.5,12756.5,19517.6,25506.4
518,-15.6,578.8,1161.3,1775.7,2449.4,47.5,5390.4,10972.9,16238.3,22329.7,32.0,373.6,719.2,1151.0,1559.3,15.3,6434.6,13237.7,20229.2,26463.2
519,-30.6,549.5,1126.0,1741.3,2380.1,47.7,5623.5,11394.6,16857.5,23241.3,19.9,396.1,739.8,1189.7,1609.7,26.9,6624.9,13707.1,20925.1,27395.7
520,-2.6,558.4,1095.5,1700.0,2298.3,51.8,5792.6,11706.2,17339.6,23834.9,25.5,414.9,776.5,1220.7,1633.8,47.9,6785.3,13979.6,21358.6,27923.5
521,25.5,567.3,1065.0,1658.7,2216.4,55.9,5961.8,12017.8,17821.6,24428.4,31.2,433.8,813.2,1251.7,1657.9,68.9,6945.8,14252.2,21792.1,28451.3
522,27.0,551.7,1030.2,1610.9,2135.1,58.2,6101.7,12299.5,18239.2,25008.6,34.9,432.5,839.1,1286.2,1704.8,65.2,7081.3,14514.6,22236.5,28991.2
523,16.3,524.8,993.3,1560.1,2053.9,59.7,6228.0,12567.3,18626.9,25582.6,37.7,421.9,860.1,1322.4,1762.2,50.0,7205.2,14772.4,22685.9,29536.6
524,9.1,498.1,955.1,1505.5,1972.7,56.6,6325.3,12799.0,18970.3,26062.4,41.2,415.2,873.8,1337.6,1807.3,43.2,7301.9,14988.9,23039.9,29970.9
525,9.7,471.8,914.1,1442.5,1891.5,43.1,6359.5,12952.2,19217.3,26337.3,46.4,416.7,871.6,1307.2,1825.4,54.8,7339.4,15115.5,23186.5,30163.5
526,10.3,445.6,873.1,1379.6,1810.3,29.6,6393.7,13105.4,19464.3,26612.3,51.6,418.3,869.4,1276.7,1843.5,66.4,7376.9,15242.1,23333.0,30356.1
527,25.3,425.3,814.3,1292.6,1705.6,40.5,6381.5,13097.4,19356.7,26550.3,46.4,423.1,876.5,1305.3,1820.7,64.0,7341.7,15120.9,23185.0,30099.2
528,41.1,405.3,754.6,1204.5,1599.8,52.6,6367.0,13081.3,19231.4,26471.5,40.6,428.0,884.1,1336.8,1795.8,61.0,7302.8,14987.4,23022.1,29819.8
529,35.1,361.7,701.7,1117.2,1499.9,52.7,6353.2,13041.3,19120.5,26366.7,34.6,416.5,888.9,1339.3,1782.0,51.3,7259.5,14865.0,22844.7,29621.8
530,14.5,301.8,653.6,1030.5,1404.2,44.6,6339.9,12985.0,19019.4,26244.2,28.4,393.9,891.8,1322.0,1775.8,37.1,7213.3,14750.2,22657.4,29479.2
531,2.4,257.8,605.7,951.5,1307.4,34.0,6313.3,12894.2,18899.1,26081.2,23.5,375.7,889.8,1313.1,1772.5,26.6,7148.1,14619.5,22447.7,29269.6
532,17.3,263.3,558.9,896.2,1206.9,15.2,6245.3,12696.0,18718.8,25791.9,22.4,371.0,872.3,1330.5,1778.1,27.8,7023.5,14439.2,22168.4,28851.4
533,32.1,268.7,512.0,840.9,1106.5,-3.7,6177.2,12497.7,18538.5,25502.6,21.3,366.2,854.7,1347.9,1783.8,29.0,6899.0,14259.0,21889.1,28433.1
534,15.5,232.9,467.6,775.6,1044.2,-18.2,6060.2,12322.2,18209.0,25062.2,12.7,365.2,828.7,1299.5,1724.8,12.6,6791.3,13991.5,21436.7,27926.9
535,-4.6,192.5,423.4,709.1,986.3,-32.3,5937.6,12149.3,17862.3,24604.3,3.1,364.5,801.7,1243.4,1658.4,-6.0,6685.7,13714.0,20964.2,27410.5
536,-12.0,176.3,380.8,649.9,914.8,-21.3,5801.5,11883.8,17425.1,24021.1,9.8,367.8,780.9,1201.0,1615.7,-3.0,6530.7,13353.9,20424.9,26733.3
537,-9.1,179.6,339.5,596.6,832.4,9.9,5654.7,11544.2,16915.2,23337.5,29.6,374.4,765.0,1169.6,1592.1,17.3,6336.1,12927.7,19832.1,25927.1
538,-7.7,178.5,306.4,547.2,755.7,28.6,5510.9,11219.7,16429.4,22675.0,40.7,371.3,755.4,1141.0,1573.3,29.6,6147.6,12527.1,19257.2,25151.5
539,-11.7,161.7,303.0,511.5,699.1,2.8,5377.9,10949.5,16029.2,22087.7,21.4,333.8,768.1,1122.3,1572.1,13.0,5980.6,12217.8,18746.7,24485.2
540,-15.8,144.9,299.7,475.8,642.5,-23.1,5244.9,10679.3,15628.9,21500.5,2.0,296.4,780.8,1103.6,1570.9,-3.6,5813.6,11908.5,18236.2,23818.9
541,1.9,124.8,264.4,430.9,571.9,-9.1,5045.8,10295.8,15091.1,20841.9,-1.2,294.3,721.2,1057.6,1508.9,4.5,5600.6,11477.6,17601.5,22990.6
542,22.2,104.2,225.2,384.9,499.5,9.9,4838.4,9898.3,14536.0,20174.4,-2.4,296.6,652.5,1008.1,1439.2,15.7,5381.8,11031.5,16951.2,22142.1
543,24.4,99.0,202.0,346.3,461.7,20.5,4653.0,9507.4,13967.6,19420.9,-2.8,308.0,619.7,976.4,1384.9,29.9,5159.0,10597.0,16296.7,21238.0
544,12.5,105.8,191.2,313.5,450.7,24.8,4484.8,9121.8,13388.8,18600.9,-2.7,326.4,614.7,958.6,1342.7,46.3,4933.2,10171.5,15638.8,20290.9
545,2.8,106.5,177.6,283.9,431.7,26.9,4308.1,8735.4,12814.7,17776.9,-0.4,337.6,606.8,937.7,1292.8,59.9,4716.5,9739.6,14963.6,19362.6
546,0.2,88.5,155.3,264.0,388.2,22.4,4105.0,8346.5,12255.4,16940.0,8.6,326.2,589.7,907.3,1219.2,64.7,4528.0,9287.9,14234.6,18492.4
547,-2.4,70.4,133.1,244.0,344.6,17.8,3901.8,7957.7,11696.1,16103.1,17.5,314.8,572.5,876.9,1145.5,69.5,4339.5,8836.1,13505.6,17622.2
548,-8.0,65.4,119.7,218.7,313.4,21.2,3740.0,7593.3,11149.0,15344.0,28.9,287.0,559.0,841.2,1098.5,50.5,4120.8,8430.9,12874.4,16795.1
549,-13.8,61.4,106.9,192.9,283.2,25.2,3581.3,7230.7,10602.9,14590.7,40.4,258.0,545.8,805.0,1053.6,29.7,3899.9,8029.3,12250.5,15971.2
550,-0.8,51.2,101.5,180.8,258.7,37.3,3398.3,6864.8,10051.0,13829.4,50.7,241.9,519.1,775.2,999.6,34.4,3691.7,7633.9,11635.0,15149.6
551,23.6,37.1,100.6,177.1,237.7,54.2,3200.5,6496.8,9495.6,13063.2,60.3,233.7,484.4,749.2,940.1,54.6,3491.4,7242.3,11024.6,14329.4
552,38.9,34.1,99.0,172.2,214.3,55.8,3004.4,6131.6,8957.0,12313.8,66.2,230.6,458.4,713.3,894.4,65.2,3293.9,6845.5,10403.5,13497.9
553,34.5,54.8,96.2,165.2,186.0,24.1,2811.8,5772.4,8454.6,11600.3,64.2,238.5,451.1,656.3,878.0,55.2,3102.5,6437.5,9759.4,12642.3
554,29.9,74.2,92.5,157.3,157.5,-6.8,2620.2,5413.7,7951.4,10887.8,61.8,245.4,443.1,599.8,860.4,45.3,2911.0,6030.5,9117.5,11790.6
555,16.5,31.8,48.4,112.3,122.6,-9.9,2470.2,5076.5,7413.7,10219.7,39.8,210.7,403.9,566.3,787.6,44.1,2715.0,5668.2,8578.4,11115.1
556,3.1,-10.6,4.3,67.3,87.8,-13.0,2320.1,4739.4,6876.0,9551.7,17.8,175.9,364.6,532.9,714.7,42.9,2519.1,5305.9,8039.2,10439.7
557,-10.6,-31.8,-9.6,48.7,71.4,-34.2,2164.0,4388.4,6422.4,8899.6,3.4,150.5,334.0,510.9,672.6,28.6,2344.6,4935.0,7490.4,9757.3
558,-24.5,-45.1,-12.3,39.8,62.0,-62.3,2005.5,4032.3,6000.0,8253.4,-8.2,128.6,306.7,493.2,642.0,9.3,2178.1,4560.9,6938.1,9072.2
559,-28.6,-46.9,-7.0,38.9,62.1,-62.9,1862.2,3726.0,5562.8,7644.4,-11.2,122.4,290.2,472.2,617.4,8.0,2033.9,4228.3,6430.0,8416.9
560,-20.7,-34.4,8.3,47.9,74.2,-29.0,1738.1,3482.2,5106.8,7082.1,-3.4,136.1,287.5,446.8,600.2,29.4,1917.7,3947.7,5977.5,7799.0
561,-13.3,-21.4,21.1,54.5,83.7,2.5,1614.0,3243.0,4678.0,6533.7,3.4,146.9,285.7,423.2,580.3,46.6,1801.8,3670.8,5536.9,7201.5
562,-9.3,-6.2,21.7,48.9,80.1,22.2,1490.2,3027.4,4388.7,6056.8,5.8,142.8,288.0,408.6,546.0,41.8,1687.8,3412.9,5158.1,6709.6
563,-5.3,9.1,22.2,43.2,76.6,41.8,1366.3,2811.9,4099.4,5579.8,8.2,138.7,290.4,393.9,511.7,37.0,1573.8,3155.0,4779.4,6217.6
564,-25.8,10.7,11.2,28.1,44.5,10.2,1253.2,2578.6,3741.8,5133.2,-12.6,101.7,243.6,354.4,480.7,9.6,1445.1,2895.0,4434.9,5761.4
565,-49.4,10.7,-1.3,11.8,8.9,-27.9,1141.3,2343.0,3375.5,4690.5,-36.3,60.5,190.6,311.8,450.1,-20.7,1314.5,2634.7,4094.9,5309.7
566,-44.9,-2.6,-11.9,-1.2,4.4,-49.2,1042.5,2149.1,3095.0,4320.6,-38.2,54.7,182.1,305.1,441.4,-28.5,1212.4,2423.6,3776.6,4909.9
567,-23.1,-24.1,-21.4,-12.1,19.2,-60.3,951.5,1980.8,2867.5,3995.6,-26.6,70.8,201.2,320.6,446.1,-22.4,1127.9,2242.9,3471.8,4542.1
568,-12.1,-40.2,-26.5,-14.7,24.2,-69.2,869.0,1817.6,2649.7,3685.0,-20.0,86.7,208.6,320.5,449.5,-29.6,1030.4,2069.3,3194.9,4191.7
569,-20.8,-46.7,-23.6,-2.0,11.4,-74.4,801.8,1663.4,2449.5,3400.4,-22.4,102.6,194.6,292.2,450.7,-60.7,909.4,1908.6,2968.4,3873.0
570,-28.1,-52.7,-22.2,8.9,-0.9,-76.7,735.2,1511.0,2247.9,3115.6,-24.5,117.8,182.4,267.7,452.1,-85.3,797.4,1753.2,2743.3,3558.4
571,-20.9,-54.0,-35.9,3.5,-7.9,-52.5,674.4,1375.1,2033.6,2828.8,-25.0,126.8,187.4,279.5,455.1,-49.2,769.6,1646.0,2530.2,3283.0
572,-13.7,-55.4,-49.6,-1.8,-14.9,-28.3,613.5,1239.1,1819.3,2542.0,-25.5,135.7,192.4,291.2,458.1,-13.1,741.8,1538.9,2317.1,3007.6
573,-9.8,-51.3,-45.4,7.5,1.6,-4.5,541.3,1116.4,1657.6,2298.2,-21.0,131.4,215.9,318.1,468.1,3.5,678.0,1415.7,2157.0,2781.3
574,-6.6,-46.3,-37.9,19.5,22.4,19.2,467.0,996.1,1505.5,2062.4,-15.6,124.6,242.7,347.7,479.5,16.4,607.6,1289.6,2006.8,2564.0
575,-2.1,-28.5,-21.4,28.8,29.3,20.5,419.9,910.4,1364.8,1854.3,-15.5,114.8,243.4,377.2,513.4,28.1,567.8,1200.9,1879.3,2392.3
576,3.2,-2.3,1.3,36.5,26.9,6.8,391.0,847.9,1231.8,1664.7,-18.9,103.1,226.6,406.5,562.6,39.0,548.6,1137.3,1767.3,2251.2
577,7.3,13.7,14.5,37.6,23.6,4.7,358.3,783.0,1103.9,1489.4,-15.4,111.3,237.4,445.0,616.0,42.7,531.6,1073.1,1665.0,2119.0
578,9.1,11.1,10.5,27.0,18.9,23.5,318.7,713.8,985.1,1339.8,0.4,155.3,297.8,500.0,677.0,33.3,518.9,1007.6,1580.3,2002.9
579,7.8,7.6,4.4,16.2,12.1,32.6,278.4,639.4,867.1,1191.8,11.1,197.4,355.4,553.9,739.0,23.0,504.6,950.8,1499.4,1897.2
580,-16.8,-2.3,-16.5,3.6,-8.9,-26.9,232.8,528.1,754.6,1055.9,-14.0,225.7,392.8,600.1,808.0,5.2,479.0,956.1,1445.5,1865.8
581,-41.4,-12.2,-37.5,-9.0,-30.0,-86.4,187.1,416.8,642.1,919.9,-39.2,254.1,430.2,646.2,877.1,-12.6,453.5,961.4,1391.7,1834.4
582,-40.8,-26.4,-40.2,-11.0,-41.9,-68.2,169.5,373.2,581.2,807.0,-24.9,271.7,477.9,725.6,963.0,-3.9,436.6,950.5,1395.7,1817.8
583,-37.2,-41.1,-40.7,-11.8,-52.7,-40.8,155.3,337.6,526.4,696.8,-6.0,288.1,526.9,808.9,1051.0,7.9,420.8,937.7,1406.6,1803.1
584,-35.9,-48.4,-37.8,-12.9,-50.0,-17.8,145.9,284.0,471.1,602.4,-11.2,292.8,597.5,906.6,1174.6,8.6,434.5,945.5,1432.0,1829.4
585,-35.8,-52.1,-33.3,-14.1,-40.6,3.1,138.9,221.6,415.7,515.8,-28.2,291.7,678.7,1011.5,1315.6,3.8,462.6,963.4,1464.4,1875.9
586,-28.8,-46.9,-23.7,-14.3,-30.6,11.4,131.3,180.5,363.8,453.0,-33.4,319.0,745.0,1117.2,1456.1,4.7,481.1,1003.0,1510.4,1951.9
587,-13.6,-31.1,-7.9,-13.2,-19.7,4.6,123.0,165.1,316.2,419.2,-24.4,380.7,793.4,1224.1,1596.1,12.4,488.2,1069.0,1572.7,2063.4
588,-5.8,-19.5,1.0,-13.7,-10.1,-3.9,106.4,146.3,271.2,380.4,-17.2,437.0,851.0,1331.7,1746.2,18.2,500.6,1129.7,1645.6,2171.3
589,-21.4,-21.5,-12.0,-19.1,-4.8,-17.8,63.7,117.0,234.4,326.0,-15.5,476.3,937.6,1441.2,1928.3,17.9,529.8,1174.0,1751.5,2267.8
590,-36.2,-23.3,-24.4,-24.2,-0.2,-31.4,22.4,88.4,197.2,272.0,-13.8,515.4,1025.6,1554.6,2113.4,17.2,560.1,1220.4,1859.6,2369.7
591,-30.0,-22.3,-22.6,-16.2,-15.6,-33.4,18.8,77.5,150.3,226.5,-11.5,547.1,1151.9,1771.8,2376.3,7.6,619.5,1321.2,2024.8,2614.4
592,-23.8,-21.3,-20.9,-8.2,-30.9,-35.4,15.3,66.6,103.5,180.9,-9.3,578.7,1278.3,1989.0,2639.2,-2.1,678.9,1421.9,2190.0,2859.0
593,-29.4,-35.7,-30.6,-26.1,-21.9,-30.5,10.0,55.3,90.0,159.0,-25.7,659.2,1422.1,2206.7,2921.2,-11.5,723.8,1549.6,2375.6,3119.7
594,-37.2,-53.1,-42.5,-49.1,-8.1,-24.1,4.3,43.9,83.1,141.8,-45.8,749.2,1569.4,2424.6,3206.8,-20.7,765.8,1682.6,2565.1,3383.6
595,-57.7,-65.0,-42.6,-51.8,-17.3,-38.2,0.8,32.2,69.3,122.1,-54.4,820.5,1720.1,2616.4,3493.7,-31.8,829.6,1794.8,2766.0,3659.1
596,-85.2,-74.0,-36.0,-43.1,-39.2,-63.7,-1.4,20.2,51.6,101.0,-56.7,881.5,1872.7,2793.8,3781.2,-43.8,905.6,1895.4,2973.3,3941.2
597,-91.3,-68.4,-30.6,-37.4,-38.5,-67.4,0.5,16.5,46.4,80.3,-56.3,963.7,2066.9,3058.2,4151.2,-48.2,1011.5,2078.3,3232.5,4293.5
598,-71.7,-45.5,-26.6,-35.3,-10.4,-45.0,7.3,22.8,56.2,59.9,-52.7,1071.4,2310.9,3427.3,4620.2,-43.6,1153.3,2359.7,3554.2,4730.1
599,-50.7,-25.2,-21.6,-26.3,9.5,-26.9,14.6,30.5,66.8,52.9,-43.0,1206.7,2593.6,3848.6,5170.2,-30.0,1309.6,2660.1,3948.4,5251.4
600,-26.0,-11.9,-13.8,0.9,7.7,-20.3,23.5,42.3,79.9,81.9,-16.9,1416.0,2979.8,4409.5,5936.2,7.6,1504.7,3010.8,4536.2,5999.0
601,-5.1,0.2,-8.8,23.6,4.9,-14.6,30.7,52.2,88.6,105.1,6.9,1636.3,3393.1,5018.4,6764.1,37.7,1710.8,3396.1,5168.3,6808.8
602,-19.9,-0.4,-29.2,5.8,-7.7,-17.5,23.0,44.5,55.8,73.6,8.5,1960.6,4061.3,6077.6,8172.5,-2.8,2019.3,4104.4,6215.3,8201.3
603,-34.8,-1.0,-49.7,-12.0,-20.2,-20.4,15.2,36.8,23.0,42.1,10.0,2284.9,4729.4,7136.7,9580.9,-43.4,2327.8,4812.7,7262.4,9593.8
604,-9.8,11.2,-18.4,8.4,10.1,0.6,18.3,64.0,55.2,50.9,-6.7,2702.1,5549.1,8371.0,11252.3,-4.4,2742.0,5670.4,8529.9,11307.9
605,18.3,24.3,16.9,31.8,43.8,23.5,22.3,94.0,92.5,62.8,-24.9,3126.6,6380.9,9619.3,12944.7,40.9,3164.6,6539.9,9814.8,13047.5
606,-8.4,6.2,-1.6,18.2,11.3,19.8,17.0,73.8,69.4,51.8,-13.4,3743.5,7690.5,11595.5,15576.5,20.6,3776.8,7822.9,11828.9,15699.4
607,-52.1,-21.6,-36.8,-6.9,-41.8,7.9,8.7,37.8,27.5,33.5,7.4,4420.5,9149.0,13798.6,18501.3,-20.1,4448.2,9234.6,14070.4,18635.8
608,-48.9,-23.2,-33.6,-15.3,-39.5,-7.6,5.8,24.6,21.8,38.1,10.9,5002.7,10412.8,15762.1,21052.8,-32.8,5065.1,10502.2,16016.6,21212.5
609,-15.0,-7.6,-5.0,-12.8,-1.0,-25.6,6.5,26.2,39.8,57.7,3.3,5523.0,11549.1,17568.7,23360.0,-27.1,5646.3,11675.4,17769.6,23553.7
610,0.7,5.1,1.4,-14.6,12.6,-28.9,8.3,22.2,40.9,59.9,-1.7,5846.6,12204.7,18592.2,24719.3,-20.6,5980.9,12350.8,18811.3,24878.3
611,-5.7,14.4,-18.8,-21.7,-3.9,-14.5,11.6,11.4,21.3,41.0,-3.5,5932.0,12278.1,18667.3,24930.7,-13.2,6016.8,12423.3,18991.7,24971.6
612,-19.1,20.1,-23.9,-17.1,-9.7,-6.3,16.2,7.5,14.7,29.5,0.6,5949.2,12223.8,18571.4,24865.6,0.2,5988.3,12367.7,18967.9,24852.0
613,-48.5,17.9,5.0,13.8,8.7,-12.1,23.8,19.2,37.2,34.6,18.2,5812.0,11880.3,18088.2,24174.2,26.8,5814.0,12021.8,18481.6,24250.1
614,-66.7,13.0,28.7,40.4,25.3,-12.4,26.3,29.6,53.4,38.1,32.5,5665.3,11526.6,17587.2,23456.4,51.1,5637.8,11673.3,17981.0,23618.2
615,-28.9,-4.9,26.4,44.9,33.3,14.3,3.1,32.8,37.3,33.9,30.4,5471.4,11122.2,16996.7,22607.2,63.5,5451.8,11311.5,17409.2,22836.4
616,7.8,-21.7,24.4,48.7,40.1,40.0,-18.9,35.5,22.3,29.2,27.9,5270.8,10703.3,16379.6,21725.8,74.7,5258.4,10931.1,16809.7,22018.7
617,9.6,-3.1,30.8,33.5,11.1,33.4,-3.4,23.3,41.5,11.7,13.4,4870.8,9847.1,14965.2,19886.1,51.5,4839.1,9996.6,15387.8,20131.9
618,11.3,15.5,37.3,18.4,-17.9,26.8,12.2,11.1,60.7,-5.7,-1.2,4470.8,8990.9,13550.7,18046.5,28.4,4419.9,9062.1,13965.9,18245.0
619,-18.1,-18.6,-9.4,6.2,-2.5,-13.6,-1.9,-0.1,35.7,3.0,-1.1,4362.9,8797.5,13322.2,17799.8,-2.6,4339.7,8934.6,13741.3,17952.3
620,-50.7,-58.3,-61.6,-5.6,17.6,-57.6,-19.1,-11.3,6.0,14.5,0.4,4285.8,8673.9,13218.6,17721.0,-34.3,4295.3,8892.2,13642.8,17827.5
621,-61.6,-85.5,-69.0,-28.9,-9.9,-67.2,-39.7,-24.3,-21.0,-16.3,-19.0,4647.8,9493.4,14510.3,19402.9,-64.9,4651.4,9687.1,14829.5,19518.3
622,-66.4,-109.1,-64.0,-55.3,-50.8,-67.2,-61.3,-37.7,-47.3,-58.8,-44.2,5131.5,10574.4,16188.9,21572.9,-95.2,5118.6,10714.1,16372.5,21712.4
623,-41.4,-80.1,-36.5,-33.0,-38.9,-35.7,-39.6,-19.9,-44.6,-32.2,-25.1,6323.2,13080.2,19971.9,26599.8,-56.4,6383.8,13267.4,20158.3,26745.9
624,-1.5,-24.7,2.2,13.7,-0.7,11.7,3.7,13.5,-27.3,28.8,16.2,7867.8,16296.3,24803.9,33050.5,16.7,8046.8,16581.4,25062.1,33194.6
625,2.0,-1.9,18.5,46.2,19.2,27.2,30.2,31.5,-8.3,58.5,27.9,9486.5,19653.9,29741.1,39670.8,50.4,9708.8,20002.4,30149.4,39812.2
626,-23.3,-5.0,17.2,67.4,24.8,17.5,43.3,37.3,12.0,63.3,16.3,11164.0,23123.7,34761.6,46425.3,52.8,11370.0,23508.1,35382.2,46563.7
627,-21.9,8.5,29.0,80.7,51.6,27.0,53.3,38.1,41.2,73.1,20.3,12538.7,25874.4,38838.2,51792.9,63.1,12695.8,26242.4,39583.8,51974.1
628,11.5,41.9,56.7,84.5,103.9,59.6,59.5,32.8,81.2,88.8,43.1,13550.0,27762.6,41782.5,55497.0,82.8,13619.1,28051.4,42548.4,55775.8
629,38.0,60.4,77.3,93.5,134.0,80.6,73.2,42.5,109.8,107.8,62.8,14441.0,29434.5,44417.3,58836.9,96.2,14450.0,29726.1,45247.4,59197.7
630,52.0,52.4,85.3,111.7,124.2,81.1,100.4,79.3,117.7,132.8,77.1,15115.9,30717.8,46495.9,61522.2,98.2,15114.9,31159.7,47469.0,61937.3
631,50.4,45.1,87.7,122.6,112.3,80.8,110.7,98.6,116.9,152.0,82.8,15423.4,31300.6,47467.7,62776.7,100.5,15394.5,31804.6,48557.5,63194.1
632,6.3,40.2,74.7,113.4,94.7,78.6,74.7,69.9,92.1,155.2,64.8,14720.0,29955.3,45392.7,60092.6,103.8,14613.8,30278.7,46526.7,60369.4
633,-23.5,38.8,60.8,105.6,83.1,74.8,45.7,51.5,69.9,151.8,50.5,13784.8,28113.5,42582.7,56410.6,103.0,13622.3,28276.4,43720.7,56612.5
634,11.5,53.3,43.2,104.5,99.0,64.2,48.1,79.8,58.8,118.3,52.8,11804.9,24035.4,36461.6,48232.2,84.3,11681.2,24128.0,37421.7,48655.8
635,40.2,66.8,27.7,101.4,110.9,54.6,52.5,104.5,49.5,87.2,54.5,9873.3,20050.4,30477.4,40253.8,68.0,9782.8,20079.7,31267.8,40862.2
636,13.3,71.4,30.8,81.2,88.0,54.7,74.8,97.8,55.3,76.7,50.6,8361.5,16876.6,25685.6,34016.5,73.6,8255.1,16903.4,26377.8,34489.1
637,-13.0,74.1,33.1,60.2,64.6,54.1,94.1,89.5,59.5,65.1,46.0,6852.2,13715.0,20909.9,27796.4,78.1,6732.1,13740.5,21506.6,28135.8
638,-18.3,13.5,13.8,18.1,27.0,32.2,21.0,35.1,16.2,14.7,18.9,5421.8,10939.8,16645.4,22123.0,43.8,5359.4,11002.6,17229.1,22409.3
639,-23.6,-47.1,-5.5,-24.0,-10.6,10.2,-52.1,-19.4,-27.1,-35.8,-8.3,3991.4,8164.5,12380.9,16449.5,9.6,3986.7,8264.7,12951.7,16682.8
640,-23.5,-26.2,-4.0,-14.5,-7.8,12.9,-24.5,-17.9,-1.8,-33.5,15.9,3338.6,6898.7,10381.6,13804.6,2.7,3317.7,6923.7,10776.6,13973.1
641,-23.2,-2.3,-1.8,-3.1,-3.5,16.6,6.8,-14.4,26.1,-29.3,42.0,2714.6,5688.6,8465.9,11271.5,-3.2,2674.7,5634.3,8679.1,11374.8
642,-59.8,-21.3,-2.1,0.2,-47.3,4.2,-0.6,-21.1,35.4,-16.9,-2.4,2643.9,5512.0,8232.9,10970.6,-5.0,2612.0,5495.0,8439.1,11103.2
643,-100.4,-44.9,-2.7,2.7,-96.2,-9.9,-12.1,-29.0,42.7,-3.6,-54.4,2631.8,5444.6,8177.7,10905.7,-6.4,2610.6,5477.3,8395.3,11077.5
644,-75.2,-28.3,7.2,-25.1,-72.9,-27.8,0.6,-24.2,15.3,0.7,-75.9,2596.0,5381.6,8037.5,10740.7,-9.3,2603.6,5398.5,8279.2,10909.6
645,-38.5,-4.5,18.9,-58.3,-37.0,-46.4,17.5,-17.2,-18.3,3.4,-92.1,2556.1,5319.4,7882.4,10558.2,-12.4,2595.6,5309.0,8150.4,10716.8
646,-5.4,-16.9,23.8,-30.5,-2.0,-53.1,12.8,-18.6,-37.9,-11.3,-73.3,2506.1,5170.3,7729.3,10336.8,-5.0,2506.7,5201.5,7958.0,10526.6
647,26.7,-38.0,26.9,12.2,32.7,-56.9,2.9,-22.0,-54.1,-30.3,-45.9,2453.6,4999.9,7576.7,10105.8,5.1,2398.1,5089.5,7750.0,10337.1
648,4.1,-20.8,14.5,16.9,38.7,-49.7,6.8,-1.3,-3.0,3.7,-7.3,2366.8,4771.8,7302.8,9713.9,2.8,2315.0,4904.4,7444.7,9879.1
649,-35.5,8.4,-2.7,9.7,35.6,-39.2,15.0,27.0,69.2,54.3,34.7,2269.2,4525.6,6990.9,9271.7,-3.4,2239.9,4696.3,7109.1,9337.4
650,-67.6,-22.7,-30.8,-14.0,11.7,-45.1,2.8,4.9,56.4,15.9,29.3,1970.7,3975.9,6126.4,8152.1,-5.5,1932.2,4104.7,6251.7,8149.6
651,-96.8,-76.3,-63.0,-44.0,-20.1,-57.2,-17.0,-36.3,11.8,-55.9,6.1,1596.8,3312.2,5054.4,6778.2,-6.2,1537.1,3369.1,5198.4,6719.3
652,-96.7,-103.5,-84.9,-42.7,-57.1,-96.9,-71.0,-72.4,-45.8,-73.9,-36.1,1283.3,2720.0,4125.6,5560.8,-47.9,1267.9,2756.2,4305.1,5573.7
653,-84.0,-119.2,-102.3,-27.9,-96.3,-148.6,-139.6,-106.3,-109.2,-68.7,-86.5,995.8,2158.8,3258.6,4410.9,-107.5,1053.2,2196.4,3480.8,4551.1
654,-77.7,-104.4,-103.0,-21.4,-101.6,-127.6,-133.1,-81.9,-98.9,-72.5,-89.8,853.9,1810.5,2751.2,3733.7,-94.4,897.8,1866.1,2944.4,3851.2
655,-74.4,-74.9,-95.7,-19.0,-90.8,-71.9,-90.4,-29.7,-53.4,-80.6,-70.4,781.7,1564.1,2416.2,3283.0,-46.5,770.7,1645.7,2545.9,3306.0
656,-54.7,-48.5,-41.4,-4.9,-39.9,-33.3,-65.7,0.4,-25.6,-62.4,-46.2,703.6,1385.0,2139.1,2912.3,-22.5,682.8,1461.1,2243.1,2901.9
657,-26.7,-23.8,37.1,15.2,31.5,-3.4,-50.2,19.2,-7.0,-30.6,-19.5,622.4,1240.5,1891.7,2582.7,-10.9,614.9,1294.9,1989.8,2570.5
658,-45.1,-55.9,42.8,2.6,19.6,-13.2,-29.4,2.3,-23.5,-25.5,-27.9,542.1,1082.3,1681.4,2275.9,0.9,542.2,1132.2,1764.7,2255.6
659,-88.5,-118.6,9.3,-27.5,-37.2,-44.3,-5.7,-33.7,-58.8,-34.7,-55.2,462.2,916.6,1491.0,1981.4,12.9,466.8,971.4,1554.7,1949.7
660,-65.3,-93.8,-13.0,-29.1,-50.5,-54.6,-8.4,-31.7,-70.0,-26.4,-33.2,407.7,824.1,1329.2,1757.3,-6.9,416.6,860.0,1372.3,1713.9
661,-5.8,-21.3,-29.2,-15.0,-39.9,-53.6,-25.5,-9.0,-68.1,-8.6,15.7,367.0,771.5,1183.0,1571.7,-43.9,380.3,775.5,1204.9,1516.3
662,21.3,5.2,-31.5,-4.1,-21.2,-27.1,-6.8,13.7,-46.6,-2.1,32.9,358.1,721.5,1105.7,1426.2,-10.0,359.2,758.0,1131.9,1422.7
663,31.1,7.0,-26.4,5.2,1.8,13.1,31.2,36.4,-14.5,-1.8,33.1,366.2,673.0,1065.6,1302.2,62.0,346.5,776.6,1110.0,1385.3
664,18.9,-13.6,-39.7,-9.5,-15.2,-12.6,15.8,-9.9,1.7,-14.4,22.2,317.9,627.1,974.8,1233.3,38.9,300.9,717.8,1031.3,1319.7
665,-4.7,-45.8,-62.7,-36.5,-53.0,-72.3,-27.2,-92.0,9.6,-33.7,5.6,240.3,582.5,857.6,1192.9,-33.7,238.3,618.9,923.1,1239.5
666,-36.4,-50.5,-70.0,-57.6,-67.0,-72.0,-31.3,-98.1,-23.9,-43.0,-9.1,223.8,543.4,793.9,1151.4,-45.6,215.4,584.9,871.5,1188.6
667,-72.1,-41.9,-69.7,-76.0,-69.4,-42.5,-16.4,-67.6,-77.5,-47.4,-22.7,236.9,506.9,756.0,1109.4,-28.3,211.6,582.2,847.2,1151.7
668,-81.0,-54.7,-44.8,-78.5,-70.8,-22.6,-19.5,-35.0,-80.1,-49.4,-31.6,251.3,500.7,778.9,1059.1,-6.3,231.9,547.5,815.7,1133.0
669,-78.4,-76.8,-9.2,-74.1,-71.6,-6.8,-30.3,-1.7,-60.5,-50.2,-38.6,266.3,507.9,828.4,1005.1,17.8,262.6,498.8,781.2,1122.2
670,-79.8,-94.9,-36.8,-59.3,-56.9,-32.5,-32.7,10.8,-43.7,-64.6,-70.0,233.4,508.8,777.4,953.1,-6.7,238.3,471.4,743.0,1046.2
671,-82.9,-111.6,-88.4,-40.4,-36.3,-73.9,-31.8,15.3,-27.8,-84.0,-110.8,182.2,507.4,688.0,901.9,-49.8,193.2,452.1,703.4,945.4
672,-71.6,-91.3,-95.2,-41.8,-31.8,-55.7,-9.1,-10.6,-34.5,-52.0,-81.8,183.6,468.0,629.7,867.4,-20.4,224.4,447.3,670.2,914.6
673,-55.7,-59.2,-87.6,-49.5,-32.3,-18.6,20.5,-46.2,-48.3,-3.6,-30.6,201.7,416.6,581.1,838.2,32.1,279.8,447.1,638.8,905.9
674,-89.5,-69.7,-112.4,-77.3,-47.2,-61.3,-47.0,-72.9,-61.5,-36.9,-40.9,147.2,337.9,477.1,712.9,-18.6,215.7,377.6,555.3,764.7
675,-135.8,-90.9,-145.4,-110.1,-65.7,-123.9,-138.7,-97.4,-74.6,-90.6,-66.6,74.6,252.4,359.3,563.5,-95.0,121.6,290.8,458.7,590.4
676,-118.6,-85.4,-136.8,-104.0,-60.1,-103.5,-100.9,-69.8,-72.2,-40.9,-73.2,70.3,208.2,339.4,512.0,-72.0,103.1,244.1,427.7,507.2
677,-90.0,-75.2,-120.8,-90.8,-50.3,-68.1,-39.8,-32.7,-66.9,27.4,-76.4,78.2,171.5,337.1,478.0,-31.1,98.2,204.7,408.4,440.5
678,-68.0,-89.3,-95.5,-72.1,-58.1,-63.0,-52.0,-52.9,-27.0,1.6,-55.3,60.7,166.7,327.7,485.1,-72.1,87.6,193.3,381.0,454.9
679,-46.7,-106.1,-69.1,-52.8,-67.8,-61.2,-72.3,-79.4,16.6,-34.5,-31.6,40.4,165.4,317.4,496.7,-122.1,76.4,185.0,352.7,478.1
680,-56.1,-65.8,-14.8,-33.6,-41.8,-43.3,-25.6,-52.1,21.9,-13.3,12.6,82.4,158.5,299.8,482.6,-53.0,85.9,172.5,352.2,459.5
681,-66.2,-24.2,38.2,-15.7,-14.9,-25.3,21.7,-23.4,25.2,8.7,55.2,125.0,153.0,281.6,466.4,19.0,95.9,159.8,352.0,437.5
682,-53.5,-18.5,7.5,-44.5,-5.5,-27.6,-2.5,-19.6,14.2,-24.1,13.1,103.3,201.1,255.7,413.7,25.0,94.5,144.4,326.0,351.9
683,-40.7,-15.0,-20.3,-70.3,0.8,-32.4,-25.2,-16.6,1.1,-51.2,-23.5,83.8,240.5,229.8,365.6,25.0,91.1,133.7,299.7,273.0
684,-27.1,-32.0,-21.2,-69.4,-20.1,-58.8,-34.3,-20.6,-31.1,-26.2,-10.1,84.7,202.8,203.9,357.4,-28.1,69.1,164.7,271.3,253.7
685,-23.9,-50.7,-18.0,-63.7,-37.0,-70.7,-39.5,-23.8,-52.3,-4.5,-0.8,84.3,166.7,182.6,340.5,-65.7,50.4,187.3,243.5,243.4
686,-67.9,-77.4,3.9,-35.9,-35.4,-16.4,-26.5,-22.6,-24.0,2.7,-10.0,78.7,137.7,183.0,283.5,-33.2,47.2,171.8,218.4,273.3
687,-85.4,-89.7,10.1,-23.0,-32.1,22.9,-13.4,-17.1,-5.3,7.5,-8.8,65.5,117.8,192.7,250.8,-6.4,55.0,165.2,200.6,290.6
688,-29.6,-62.3,-27.2,-51.1,-23.7,20.6,0.1,0.1,-13.5,6.0,20.8,31.7,123.0,228.2,285.4,4.7,92.9,183.1,203.0,272.9
689,3.2,-39.9,-38.6,-52.3,-9.7,4.7,0.2,0.8,-7.7,13.0,30.3,7.0,131.0,237.0,301.8,14.6,120.6,178.8,198.2,267.0
690,-4.9,-26.5,-3.7,-5.2,14.5,-35.5,-23.8,-28.1,23.0,35.3,3.7,-1.2,144.1,197.9,285.3,22.4,130.1,134.9,180.2,282.0
691,-36.1,-26.5,10.6,17.2,19.0,-45.1,-31.5,-26.7,42.4,34.4,-6.3,7.2,129.2,178.7,255.3,38.3,129.1,95.7,179.0,266.6
692,-94.7,-42.6,0.3,10.2,0.1,-18.4,-19.8,10.7,48.4,6.1,3.5,35.6,80.8,183.1,209.2,63.6,115.4,62.1,197.9,215.2
693,-81.0,-53.6,-17.8,5.3,-26.6,5.4,-18.4,24.5,39.8,16.3,8.9,64.0,71.0,178.4,208.0,69.6,107.3,67.3,203.7,196.7
694,-10.9,-60.5,-41.9,1.9,-59.2,27.0,-25.0,19.7,19.8,56.8,11.0,92.6,91.3,166.6,241.9,60.5,103.5,102.7,199.2,203.8
695,-26.5,-71.2,-35.2,-25.5,-40.6,-17.2,-19.4,4.7,-23.1,26.7,11.6,65.2,94.3,165.4,226.8,17.6,55.1,102.7,165.6,205.7
696,-83.7,-83.7,-13.5,-64.5,3.0,-93.2,-7.9,-15.4,-77.0,-37.5,11.5,10.7,88.9,169.4,188.0,-41.7,-14.9,85.4,117.9,204.9
697,-110.6,-62.2,-72.2,-93.9,-19.9,-130.4,-41.9,-41.8,-95.1,-38.8,-7.4,-60.2,70.1,114.4,160.5,-73.7,-31.5,50.2,81.2,201.7
698,-129.5,-31.7,-152.0,-120.8,-60.4,-157.4,-87.9,-69.8,-103.7,-23.6,-31.3,-135.4,47.8,43.8,136.1,-98.4,-34.0,10.3,47.4,197.7
699,-101.0,-65.4,-110.8,-87.3,-73.4,-128.5,-60.9,-87.2,-67.4,-53.8,-44.1,-93.8,30.3,52.6,152.9,-79.8,-18.7,71.5,88.3,211.1
700,-69.8,-101.4,-58.9,-49.8,-80.8,-95.3,-28.3,-101.9,-27.0,-87.1,-51.3,-41.7,16.1,69.8,173.9,-55.4,-0.9,138.4,134.4,225.0
701,-71.7,-63.4,-15.6,-43.1,-25.6,-78.3,-22.1,-79.8,16.4,-98.2,35.6,6.0,61.8,106.6,203.4,6.3,36.3,131.5,146.5,218.6
702,-67.4,-30.5,16.2,-31.9,22.7,-53.1,-17.5,-53.2,44.1,-93.5,100.5,48.6,98.8,130.0,216.4,58.7,64.8,130.7,157.6,214.5
703,-35.1,-20.7,-3.1,-0.7,40.3,8.7,-21.0,-6.0,1.9,-18.3,67.3,68.1,97.7,93.5,156.2,69.3,54.9,157.0,164.5,220.6
704,-22.9,-13.3,-10.5,11.2,38.9,31.2,-31.4,19.0,-21.1,25.2,32.0,67.4,105.6,80.7,128.3,63.4,41.9,164.9,174.3,213.1
705,-51.7,-10.7,6.5,-16.2,-1.7,-27.1,-56.1,-1.6,-4.5,3.3,-7.7,24.8,131.9,116.8,167.2,23.8,22.3,134.7,189.9,177.7
706,-55.5,-25.4,3.3,-37.4,-25.0,-36.6,-59.4,-23.7,-21.5,-6.4,-27.4,9.0,115.5,118.9,181.8,-5.8,15.0,121.3,175.2,151.5
707,-31.9,-58.9,-22.0,-52.0,-29.3,7.2,-39.0,-47.3,-75.3,-2.8,-25.1,22.6,52.4,83.5,169.8,-24.6,21.1,126.3,127.4,135.6
708,-46.6,-63.2,-54.2,-61.4,-53.3,8.7,-52.3,-31.4,-85.8,2.7,-43.0,-11.6,26.2,66.2,137.0,-7.9,22.7,104.0,99.0,115.8
709,-83.3,-50.5,-90.5,-67.9,-88.6,-14.3,-85.1,7.5,-71.2,9.4,-72.6,-73.5,21.5,59.3,92.0,29.4,21.7,66.0,81.7,93.8
710,-58.9,-75.3,-44.3,-13.4,-55.0,-23.8,-74.8,16.6,-39.7,23.7,-94.5,-47.2,59.3,46.7,115.1,-25.4,9.7,81.8,97.2,55.1
711,-18.9,-109.6,23.0,56.6,-3.7,-30.0,-53.3,18.1,-3.8,40.0,-114.5,1.5,108.0,32.6,155.5,-103.7,-5.2,111.3,121.1,12.1
712,-47.2,-88.0,-15.1,19.1,-73.1,16.5,-27.4,7.4,-21.3,-16.4,-75.9,23.4,65.3,42.1,129.6,-14.8,30.7,122.4,138.9,71.7
713,-70.0,-63.5,-53.5,-23.3,-131.4,41.5,-14.3,-11.8,-43.0,-64.2,-39.8,31.5,25.1,50.3,104.6,62.3,55.6,123.6,147.5,124.8
714,-44.8,-33.9,-71.3,-72.8,-96.0,-74.5,-80.1,-79.8,-79.1,-44.3,-31.3,-38.7,19.1,45.2,99.7,32.6,3.4,68.7,101.7,117.6
715,-22.8,-14.1,-70.3,-87.9,-60.6,-130.2,-101.8,-109.2,-98.0,-29.1,-24.9,-68.0,24.7,46.2,108.0,26.0,-14.9,37.7,88.7,116.5
716,-7.7,-14.5,-29.8,-31.0,-25.2,-60.3,-31.2,-58.3,-81.0,-23.8,-22.9,-11.9,54.7,59.8,143.7,67.7,37.6,56.6,144.1,128.3
717,-10.0,-31.2,-44.1,-26.1,-1.8,-36.6,-21.7,-31.6,-63.1,-38.0,-48.4,13.7,75.8,54.0,149.6,41.1,67.1,56.3,164.2,118.8
718,-28.9,-63.3,-110.5,-70.6,10.2,-56.6,-70.2,-27.8,-44.6,-70.8,-99.9,10.3,88.5,29.6,127.2,-50.6,74.6,37.8,150.8,88.9
719,-58.2,-83.4,-76.1,-33.2,2.3,-32.8,-71.6,-20.2,-35.9,-65.3,-118.6,17.7,67.5,29.9,105.7,-49.6,60.5,50.4,136.9,72.6
720,-91.8,-98.6,-0.1,38.1,-13.8,9.2,-53.5,-10.9,-31.4,-43.9,-123.7,29.6,32.7,40.3,84.7,-10.3,37.5,76.0,122.9,62.1
721,-175.7,-134.4,-101.7,-42.0,-25.9,-80.7,-149.1,-50.9,-74.8,-91.3,-130.1,-37.1,23.8,-6.4,62.4,-54.4,-106.0,41.0,61.8,53.2
722,-246.0,-160.8,-199.7,-122.4,-33.4,-170.8,-236.2,-97.1,-118.7,-134.0,-130.8,-104.5,15.0,-38.9,41.8,-95.2,-235.5,-3.0,8.1,47.4
723,-175.8,-99.8,-135.7,-91.2,-8.8,-163.5,-174.8,-153.0,-129.5,-90.0,-88.5,-118.4,-12.7,79.0,34.9,-49.1,-168.2,-69.6,46.1,62.9
724,-113.8,-44.9,-79.8,-65.1,0.7,-125.3,-96.2,-159.7,-113.1,-46.6,-58.5,-105.6,-3.7,145.0,46.1,-20.4,-98.7,-79.4,84.6,87.0
725,-68.5,-2.0,-39.9,-49.2,-20.5,-24.7,16.9,-67.5,-41.9,-4.6,-53.5,-38.7,79.2,106.6,93.8,-26.8,-24.9,25.2,124.5,128.4
726,-50.2,9.0,-38.3,-11.8,-33.1,8.8,56.6,-2.9,-41.6,12.5,-55.0,-26.9,81.0,88.2,115.3,9.9,2.0,58.8,145.4,123.1
727,-54.0,-6.0,-67.6,43.0,-38.6,-11.9,36.9,39.4,-98.7,9.5,-62.0,-59.7,17.2,86.1,115.6,81.5,-9.1,34.8,151.0,80.0
728,-84.4,-23.3,-107.1,-27.0,-87.9,-29.8,-20.6,-54.9,-99.7,-19.7,-120.0,-48.8,-37.1,48.7,48.6,-12.4,-17.7,11.3,124.6,18.8
729,-121.6,-41.6,-149.0,-131.3,-148.5,-46.9,-87.3,-185.7,-85.3,-55.8,-190.8,-26.0,-87.8,1.7,-36.0,-150.7,-26.2,-12.3,88.8,-46.1
730,-100.4,-83.9,-158.2,-149.3,-119.8,-59.3,-57.3,-152.5,-101.3,-51.7,-142.9,-41.2,-63.0,-14.5,-5.3,-120.5,-87.8,-55.4,23.4,-3.0
731,-95.8,-117.4,-149.0,-148.0,-90.1,-70.6,-36.7,-110.7,-96.0,-47.5,-102.7,-50.1,-42.9,-14.4,25.3,-88.8,-131.6,-69.6,-4.8,33.2
732,-140.2,-124.9,-85.5,-89.7,-57.4,-78.4,-43.4,-43.4,-28.0,-43.0,-85.3,-40.5,-36.3,33.9,55.3,-52.9,-122.8,1.4,76.9,49.2
733,-120.1,-117.5,-33.7,-64.7,-22.9,-63.2,-40.4,-14.9,10.8,-39.6,-55.4,-38.7,-42.2,47.2,100.8,-46.9,-91.8,31.7,111.3,54.6
734,-35.6,-95.0,6.4,-73.1,13.5,-24.9,-27.5,-25.3,20.5,-37.3,-12.8,-44.6,-60.5,25.6,162.0,-70.8,-38.7,21.2,98.5,49.4
735,-18.9,-39.4,39.6,-26.8,-2.0,22.3,7.9,-4.7,21.0,25.1,54.1,29.4,29.3,16.8,181.3,-25.3,47.3,43.2,100.6,129.6
736,-24.5,25.6,69.0,36.3,-33.8,72.1,49.8,25.2,18.4,106.1,127.8,127.3,153.0,12.7,186.8,41.9,141.8,75.5,107.4,235.2
737,-30.3,-45.8,-33.7,15.4,1.6,97.8,7.8,-7.8,0.9,91.4,99.1,22.2,132.9,46.2,181.7,28.2,40.1,90.7,109.9,126.5
738,-52.9,-103.0,-99.8,-27.8,11.4,89.3,-35.6,-45.6,-21.4,50.7,63.1,-62.3,95.2,58.6,159.1,3.7,-41.3,84.1,108.9,49.8
739,-119.0,-123.0,-71.1,-129.2,-45.3,-8.4,-82.7,-95.3,-56.3,-57.5,7.9,-93.2,11.4,16.1,90.7,-48.8,-69.8,20.9,99.3,56.4
740,-136.0,-107.6,-38.3,-150.0,-26.3,-44.4,-72.2,-62.8,-56.9,-67.0,-35.0,-65.4,-36.0,36.1,33.6,-83.4,-26.6,-0.6,97.0,92.8
741,-112.9,-63.2,-2.2,-104.6,54.7,-29.7,-14.6,37.2,-29.5,4.6,-67.8,10.5,-53.8,107.2,-14.0,-103.4,75.3,11.9,100.9,153.6
742,-73.2,-69.8,-11.7,-76.6,-40.8,-38.7,1.5,5.4,11.7,45.0,-73.8,10.6,-26.5,136.9,-3.4,-46.4,37.1,51.3,131.4,148.3
743,-34.9,-87.7,-30.5,-59.6,-150.7,-53.5,1.4,-45.8,39.6,63.2,-76.5,-6.1,-3.6,145.4,20.2,19.4,-22.7,78.5,161.9,126.3
744,-35.7,-109.9,-48.7,-101.9,-86.0,-75.5,-58.8,-33.0,-59.4,-42.2,-97.9,-30.4,-89.4,55.0,50.7,28.5,-24.1,-34.8,149.2,81.1
745,-87.7,-164.7,-122.0,-134.2,-104.9,-104.4,-113.9,-47.6,-143.8,-139.1,-118.9,-81.1,-129.6,-20.3,51.6,-15.4,-35.9,-103.1,108.6,54.1
746,-215.4,-267.5,-276.4,-151.8,-247.3,-143.6,-161.8,-102.6,-206.8,-223.4,-139.4,-170.9,-102.7,-73.1,8.5,-137.4,-63.1,-104.8,26.7,53.7
747,-192.3,-227.6,-226.1,-84.3,-219.1,-131.9,-130.7,-118.2,-239.7,-165.8,-125.8,-82.9,-64.6,-3.4,50.0,-110.5,21.6,-59.7,48.4,124.0
748,-105.8,-127.2,-89.1,19.1,-118.8,-99.1,-66.2,-116.8,-258.5,-48.0,-97.4,79.8,-21.8,117.8,126.9,-20.7,152.4,5.2,113.7,223.4
749,-155.4,-74.1,-51.8,48.6,-85.3,-165.8,-30.3,-38.9,-51.2,40.9,-10.7,34.5,-0.6,114.2,65.8,-41.6,-3.6,44.1,98.7,157.5
750,-161.5,-29.2,-25.6,71.2,-57.0,-166.2,20.9,24.2,93.2,108.4,51.7,16.1,11.3,120.1,53.6,-25.9,-79.5,62.3,107.8,128.3
751,-72.8,-2.2,-23.4,78.7,-40.0,-22.9,105.3,55.3,100.8,129.5,61.0,56.1,3.0,146.4,147.4,69.4,18.3,35.9,169.0,179.3
752,-32.6,7.4,-38.5,59.3,-40.3,9.7,110.6,-19.5,76.2,86.5,26.6,85.4,4.1,118.9,148.5,53.6,44.8,73.6,178.6,163.9
753,-20.6,6.9,-63.5,24.2,-50.7,-22.3,69.9,-155.8,32.9,6.3,-33.1,108.4,10.7,60.1,95.5,-27.1,29.8,148.7,158.1,110.0
754,-27.0,-3.3,-17.4,16.2,-28.1,-37.5,34.9,-103.0,29.6,7.1,40.8,60.7,97.1,97.5,138.0,-14.8,12.8,162.2,160.6,76.5
755,-27.6,4.0,2.6,16.5,5.2,-35.4,11.2,-39.1,23.7,15.6,96.8,23.4,158.4,162.0,175.7,15.1,8.2,175.9,166.1,82.0
756,-11.6,56.1,-51.7,34.6,61.6,8.6,15.2,29.8,6.7,33.6,92.0,20.7,146.8,283.4,190.0,78.1,35.3,197.6,176.3,183.7
757,-77.9,59.3,-101.0,-2.7,72.2,-49.8,1.7,0.0,14.2,16.2,38.8,48.0,64.1,256.4,162.9,75.5,46.4,177.2,166.3,165.2
758,-194.7,32.5,-147.2,-74.0,54.6,-171.1,-22.7,-90.5,36.7,-23.1,-44.3,93.8,-62.3,138.4,110.5,32.6,47.6,130.8,143.8,72.8
759,-64.8,-16.2,-135.9,-15.0,41.1,-107.7,-7.3,-67.2,15.2,-42.8,-59.5,74.7,56.0,142.3,120.3,109.8,101.7,135.7,134.1,218.5
760,-0.6,-81.2,-98.4,9.5,17.3,-67.0,-9.0,-48.7,-26.0,-58.8,-44.4,5.1,135.9,115.6,99.8,125.9,126.7,134.3,101.3,265.8
761,-105.6,-180.4,-8.0,-55.0,-29.5,-93.6,-52.5,-50.7,-106.7,-68.4,32.1,-171.5,108.2,9.6,6.0,-5.6,81.7,113.9,15.5,72.0
762,-69.3,-170.2,-1.4,-40.3,-29.2,-77.8,-94.3,-51.1,-83.2,-32.3,38.4,-147.8,34.9,29.5,41.5,-7.5,60.2,77.1,-5.1,56.1
763,34.7,-104.6,-33.7,13.1,-5.6,-40.8,-131.9,-48.5,-9.9,25.3,11.1,-24.7,-56.8,112.1,141.2,53.0,47.9,36.3,9.0,130.2
764,-24.2,-43.5,84.2,4.0,-10.9,-10.9,-25.0,41.9,-67.7,17.3,70.3,0.3,47.2,146.8,183.8,-28.6,-76.6,170.6,86.7,201.0
765,-74.8,-33.1,107.7,-23.3,-21.6,-47.4,1.8,63.4,-85.9,8.5,62.7,-5.4,62.6,156.2,156.6,-95.9,-105.0,195.8,99.0,214.5
766,-112.6,-101.6,-16.0,-78.7,-40.7,-187.5,-96.2,-22.8,-42.7,-1.5,-49.0,-59.0,-60.2,126.1,20.8,-141.1,16.2,50.6,9.3,138.5
767,-167.9,-146.2,-91.7,-145.3,-72.4,-163.1,-122.7,-110.5,-123.1,-125.4,-123.5,-69.0,-51.1,10.6,16.8,-157.7,5.2,-44.3,7.5,76.0
768,-212.4,-170.7,-141.6,-195.9,-93.5,-96.8,-121.2,-178.3,-200.6,-241.0,-167.8,-64.7,-16.3,-104.3,41.6,-142.5,-39.9,-101.9,38.8,33.7
769,-159.4,-119.2,-126.7,-130.2,-27.2,-84.3,-85.0,-123.1,-30.9,-94.6,-99.5,-56.0,-73.0,-56.4,-5.5,11.3,-44.4,-29.5,105.7,87.6
770,-161.0,-78.0,-165.3,-138.6,-28.4,-72.1,-101.7,-109.3,-44.2,-39.4,-91.7,-69.3,-47.4,-16.3,-22.8,78.6,-80.8,27.3,109.2,101.1
771,-211.3,-46.2,-251.7,-213.2,-89.8,-60.2,-165.7,-132.4,-221.1,-65.5,-137.7,-102.1,51.7,17.0,-13.3,68.8,-145.7,70.1,56.1,78.7
772,-141.5,-28.4,-156.7,-51.9,-75.5,-78.5,-106.6,-73.8,-80.5,-60.0,-153.2,-18.7,60.7,83.3,42.9,28.2,-117.2,113.4,107.4,136.6
773,-65.1,-56.0,-60.1,32.6,-67.0,-77.6,-64.1,-19.8,0.8,-67.0,-135.9,24.1,65.7,131.2,101.8,11.3,-58.3,84.6,129.3,144.7
774,2.7,-178.6,5.6,-92.1,-85.1,-29.6,-80.5,9.1,-104.8,-106.8,-54.2,-41.9,78.9,133.4,157.4,50.7,48.8,-98.9,68.5,30.7
775,-44.6,-137.8,-57.1,-143.6,-106.4,-82.6,-100.0,-54.1,-171.7,-149.0,-59.6,-126.2,57.2,106.6,159.5,52.1,43.9,-97.3,88.5,53.9
776,-124.9,-53.6,-137.8,-154.2,-122.6,-149.6,-111.2,-132.5,-201.4,-178.1,-90.8,-187.8,29.4,76.2,145.8,45.7,2.0,-27.5,137.4,136.5
777,-130.0,-98.6,-10.3,-81.4,-97.2,-51.1,-59.7,-77.4,-83.4,-113.7,-71.5,-53.5,49.7,95.5,164.2,86.0,1.2,20.9,170.2,262.8
778,-81.4,-52.5,58.7,-25.0,-1.4,-0.4,-9.7,-23.0,-19.5,-18.4,30.3,52.5,88.2,101.2,178.9,96.2,67.7,74.9,214.5,283.0
779,11.3,69.0,79.5,18.0,152.5,10.9,39.0,30.8,-0.3,102.3,200.2,135.1,141.7,95.8,190.6,81.7,189.6,133.5,268.1,215.4
780,-124.6,-62.9,8.6,-71.9,-17.0,-3.8,-57.0,-84.0,15.2,15.6,73.4,-45.2,74.3,30.6,116.5,-7.8,132.4,64.4,179.1,187.3