360,-15.1,14.3,-27.7,35.7,4.9,-32.3,-40.1,27.5,43.8,67.4,-41.5,7.4,29.2,19.2,61.1,-1.9,39.6,61.0,82.7,181.4
361,-23.5,8.2,-19.2,31.1,12.1,-15.5,-39.4,17.0,44.8,54.1,-37.7,13.5,23.4,19.2,59.6,-9.5,43.3,56.9,62.0,165.6
362,-31.9,2.1,-10.6,26.4,19.4,1.2,-38.7,6.5,45.7,40.7,-33.9,19.6,17.6,19.3,58.1,-17.1,47.0,52.8,41.3,149.8
363,-40.4,-2.4,-3.0,23.1,25.2,-7.8,-39.8,3.7,40.5,28.3,-28.0,17.1,14.5,13.9,54.0,-27.3,43.3,57.2,39.2,148.1
364,-48.9,-4.8,3.4,21.4,29.3,-51.0,-43.3,11.3,27.1,17.2,-19.1,3.2,15.3,1.1,46.4,-40.7,29.8,73.1,62.0,165.1
365,-57.4,-7.1,9.8,19.7,33.3,-94.2,-46.8,18.8,13.7,6.1,-10.1,-10.7,16.0,-11.6,38.9,-54.1,16.3,88.9,84.7,182.2
366,-47.8,-2.8,12.5,21.1,41.4,-70.3,-37.6,24.2,5.9,13.5,-11.0,-7.8,5.2,8.5,41.4,-47.9,11.9,83.4,100.2,176.0
367,-33.0,3.3,14.2,23.3,50.7,-27.4,-24.8,28.9,-0.3,26.3,-14.6,-0.2,-8.7,37.9,46.7,-36.2,10.0,71.9,113.6,163.1
368,-20.8,9.8,15.2,26.4,57.9,9.9,-11.8,32.1,-4.2,36.2,-15.4,7.9,-21.7,62.3,53.5,-25.9,10.4,63.4,124.4,151.3
369,-25.3,18.9,11.7,34.3,52.3,11.7,3.5,25.1,5.9,28.3,2.5,19.2,-28.2,54.8,69.0,-25.5,25.1,74.2,117.9,146.2
370,-29.7,27.9,8.2,42.3,46.7,13.5,18.8,18.1,16.1,20.3,20.4,30.4,-34.8,47.2,84.4,-25.0,39.8,85.1,111.5,141.1
371,-25.4,22.3,10.4,45.4,44.2,9.9,21.7,14.0,23.2,25.6,22.6,34.2,-24.6,45.8,84.2,-25.7,51.3,86.7,117.0,140.9
372,-12.1,1.6,18.5,43.5,45.0,1.0,11.9,12.9,27.2,44.5,8.7,30.2,2.9,50.6,67.7,-27.5,59.6,78.8,134.6,145.8
373,1.3,-19.0,26.6,41.6,45.8,-8.0,2.2,11.8,31.1,63.4,-5.2,26.3,30.3,55.5,51.2,-29.3,67.8,70.9,152.3,150.6
374,2.7,-9.5,18.2,35.8,43.5,-5.1,-3.9,24.7,21.2,52.6,-9.4,24.5,22.4,49.8,57.6,-19.3,73.5,76.4,153.2,156.7
375,2.1,5.0,7.0,29.4,40.7,-0.2,-9.4,40.0,9.0,36.8,-12.0,23.1,8.5,42.3,67.9,-7.3,78.8,84.1,151.3,162.9
376,-0.7,15.6,-0.4,26.2,37.3,3.3,-12.1,51.7,2.2,27.1,-13.9,20.0,2.2,37.8,72.9,2.6,75.8,87.4,147.2,164.6
377,-11.1,12.1,5.9,34.6,32.1,1.8,-4.6,51.0,14.7,39.3,-13.9,10.8,22.5,44.2,59.0,5.6,43.5,75.0,135.5,150.6
378,-21.5,8.6,12.3,42.9,26.8,0.3,2.9,50.2,27.2,51.4,-13.8,1.7,42.9,50.5,45.1,8.6,11.2,62.6,123.9,136.5
379,-31.4,-10.4,13.1,39.8,25.0,-6.8,3.2,37.8,34.7,50.5,-18.7,-5.5,50.3,57.4,42.2,-9.2,7.7,70.1,121.1,129.5
380,-41.0,-40.0,10.2,28.8,25.6,-17.7,-1.6,17.4,38.8,40.4,-27.1,-11.5,48.6,64.8,47.1,-41.5,24.3,91.5,124.5,127.3
381,-50.5,-69.6,7.2,17.8,26.2,-28.7,-6.4,-3.1,42.8,30.3,-35.5,-17.4,46.9,72.2,52.0,-73.7,40.9,112.8,127.9,125.1
382,-39.7,-45.2,9.4,23.7,34.3,-20.2,7.8,8.4,43.2,46.3,-18.3,-2.6,44.9,60.8,63.2,-43.0,42.5,101.5,122.0,139.7
383,-28.1,-18.7,11.8,30.3,42.7,-10.9,22.7,21.2,43.4,63.4,-0.2,12.9,42.9,48.7,74.6,-9.7,43.5,89.0,115.7,155.0
384,-26.2,-5.6,9.4,26.7,44.8,-10.4,28.1,25.4,35.9,68.4,4.6,19.1,37.7,38.1,77.7,6.6,44.4,76.9,108.3,161.2
385,-43.3,-18.9,-2.1,3.1,34.4,-27.4,14.9,13.0,13.6,50.1,-16.6,6.9,26.2,30.5,64.6,-10.3,45.3,65.8,98.7,149.9
386,-60.3,-32.1,-13.6,-20.5,24.1,-44.3,1.7,0.6,-8.7,31.7,-37.8,-5.4,14.7,23.0,51.4,-27.1,46.2,54.7,89.1,138.5
387,-58.9,-35.5,-14.5,-20.4,21.0,-42.7,-6.1,2.7,-6.1,26.1,-39.2,0.6,18.3,36.0,52.7,-31.4,44.1,53.6,86.9,136.1
388,-50.3,-35.1,-11.3,-11.1,20.8,-33.9,-11.8,10.4,6.2,25.4,-33.0,13.6,27.6,57.1,59.6,-30.8,40.9,56.4,87.7,137.2
389,-41.5,-34.3,-8.5,-0.8,20.1,-25.6,-16.4,17.7,18.3,25.0,-26.5,24.5,35.9,75.1,67.0,-29.9,38.9,60.3,90.5,139.0
390,-31.2,-30.7,-8.9,17.6,16.3,-21.2,-11.7,20.9,28.9,27.1,-19.2,17.8,34.6,66.4,79.6,-26.9,47.4,72.8,111.4,147.3
391,-20.9,-27.2,-9.2,36.0,12.4,-16.9,-7.1,24.1,39.4,29.2,-11.8,11.1,33.3,57.8,92.1,-24.0,55.9,85.3,132.2,155.6
392,-12.6,-17.9,-2.8,50.0,14.4,-7.6,-1.9,25.4,42.9,36.4,-11.9,11.3,33.3,57.6,100.9,-17.6,66.8,92.7,142.8,164.7
393,-6.3,-2.8,10.5,59.5,22.3,6.9,3.8,24.9,38.9,48.9,-19.7,18.7,34.7,66.1,105.9,-7.8,80.1,94.9,142.9,174.8
394,-0.0,12.4,23.7,69.0,30.3,21.3,9.5,24.4,35.0,61.3,-27.5,26.1,36.1,74.7,110.9,2.0,93.4,97.1,142.9,184.9
395,-14.9,12.1,13.9,51.8,23.1,2.7,-0.7,11.3,37.0,44.7,-32.4,26.7,33.0,67.4,96.9,-5.1,72.1,90.9,133.5,172.9
396,-32.6,9.9,1.0,31.0,13.9,-20.1,-13.0,-3.4,39.7,24.3,-36.8,26.4,29.3,58.0,80.4,-14.4,46.3,83.6,122.9,158.0
397,-41.5,11.4,-4.0,16.0,6.7,-29.9,-22.0,-8.4,40.2,13.6,-37.1,24.7,30.5,53.2,73.4,-19.0,28.2,80.1,115.3,148.7
398,-27.9,22.8,11.5,15.9,4.9,-6.0,-22.3,11.4,34.7,28.2,-26.7,19.5,44.7,60.5,91.1,-11.2,30.2,86.5,115.6,154.1
399,-14.4,34.3,26.9,15.9,3.1,17.9,-22.6,31.1,29.2,42.9,-16.2,14.4,58.8,67.8,108.8,-3.4,32.2,92.8,115.8,159.4
400,-24.9,12.7,16.9,1.5,-5.6,-9.1,-26.9,24.0,22.3,39.3,-34.7,-1.4,48.0,52.8,95.8,-16.2,27.3,82.4,111.5,148.4
401,-46.8,-24.5,-5.0,-19.7,-17.5,-60.0,-33.0,4.1,14.8,27.1,-66.8,-22.2,25.3,27.2,68.4,-38.6,19.3,64.0,105.0,129.7
402,-66.9,-57.1,-26.0,-37.7,-27.6,-105.2,-38.8,-13.7,7.8,15.5,-95.2,-39.8,5.2,3.8,43.6,-58.6,11.8,47.6,99.7,112.8
403,-66.9,-39.6,-36.4,-22.0,-17.5,-87.3,-39.4,-9.0,5.6,10.1,-83.4,-22.2,13.2,3.2,46.2,-52.3,10.1,51.3,107.8,115.9
404,-66.8,-22.0,-46.8,-6.3,-7.5,-69.4,-40.1,-4.3,3.5,4.7,-71.7,-4.5,21.3,2.6,48.9,-46.1,8.3,55.0,116.0,118.9
405,-56.9,-6.2,-36.8,5.5,3.2,-51.0,-31.2,2.5,9.8,13.1,-50.5,5.9,28.3,20.6,61.5,-31.9,14.1,69.0,124.2,137.6
406,-36.8,7.9,-5.8,13.3,14.6,-32.2,-12.3,11.5,24.8,35.6,-19.5,8.6,34.2,57.9,84.3,-9.5,27.7,93.8,132.4,172.7
407,-16.6,22.0,25.3,21.2,26.0,-13.3,6.5,20.5,39.8,58.2,11.4,11.4,40.0,95.1,107.1,12.9,41.3,118.6,140.7,207.8
408,-11.5,17.6,26.4,30.1,32.6,-3.5,4.8,13.3,42.4,49.1,7.7,15.8,46.6,87.8,118.3,3.9,59.3,125.4,146.9,218.5
409,-7.9,11.3,24.3,39.1,38.8,5.2,0.8,4.3,43.7,36.7,0.2,20.3,53.3,75.7,128.2,-8.5,77.7,130.3,152.9,226.6
410,-3.6,9.5,18.8,44.2,42.5,11.5,2.9,6.0,40.9,35.3,-3.7,29.6,62.4,73.9,140.6,-19.1,91.8,135.1,160.2,232.2
411,2.4,17.6,6.0,40.6,41.1,12.4,18.0,30.3,29.4,57.5,-0.2,49.0,76.5,94.4,157.9,-26.0,96.5,139.7,170.2,232.2
412,8.4,25.7,-6.8,37.0,39.6,13.3,33.1,54.6,17.9,79.6,3.4,68.5,90.6,114.8,175.3,-33.0,101.2,144.2,180.1,232.2
413,-10.7,14.1,-27.3,23.5,29.9,-5.3,21.1,37.0,10.4,64.2,-16.2,52.1,76.8,108.8,165.9,-46.9,91.7,133.4,177.4,231.3
414,-38.7,-4.6,-50.6,6.5,17.2,-30.9,-0.4,4.5,4.3,35.6,-43.9,23.2,53.1,93.6,147.0,-63.3,77.2,117.0,170.3,230.0
415,-58.0,-15.9,-61.5,-4.9,10.3,-46.6,-14.7,-18.5,4.8,16.8,-62.1,4.1,36.2,88.6,139.0,-69.9,70.3,109.4,171.6,236.1
416,-32.4,9.9,-9.3,12.0,33.5,-12.6,8.0,6.3,39.1,48.4,-31.5,35.3,53.6,136.2,186.0,-26.2,102.3,146.3,216.3,279.7
417,-6.8,35.8,42.8,28.9,56.6,21.5,30.7,31.1,73.4,79.9,-0.9,66.5,71.0,183.9,233.1,17.6,134.4,183.1,261.0,323.4
418,-3.1,36.5,52.7,33.4,66.0,32.7,37.6,38.2,73.1,80.2,14.4,78.0,90.8,200.6,241.0,31.1,138.6,200.7,277.8,333.3
419,-14.6,19.8,33.3,29.4,65.7,28.2,33.7,33.1,49.0,58.8,19.3,75.9,112.3,196.0,221.8,23.8,123.6,204.9,275.4,319.9
420,-25.5,3.6,14.4,25.5,65.0,23.2,29.5,28.0,25.6,38.1,23.7,74.0,133.4,191.9,203.7,16.3,109.0,208.7,273.5,307.4
421,-16.2,4.8,17.4,26.1,45.5,-1.6,14.3,20.8,31.5,47.4,10.4,78.6,141.6,206.8,225.9,5.5,107.9,196.6,293.8,333.0
422,-7.0,6.0,20.3,26.7,25.9,-26.5,-0.9,13.5,37.5,56.6,-2.8,83.2,149.7,221.6,248.0,-5.4,106.9,184.6,314.1,358.6
423,-2.9,12.1,27.5,29.7,21.7,-34.7,-7.5,19.1,40.4,64.5,-14.7,92.1,157.4,236.7,269.8,-6.8,110.1,192.2,332.9,386.4
424,-4.7,24.0,39.7,35.5,35.3,-23.3,-4.1,39.7,39.7,70.8,-25.0,106.0,164.4,252.0,291.0,2.7,118.2,222.9,350.0,416.5
425,-6.6,35.9,51.9,41.4,48.9,-11.9,-0.6,60.3,39.0,77.1,-35.2,119.9,171.4,267.4,312.2,12.2,126.4,253.7,367.1,446.7
426,-15.5,30.9,37.4,40.7,43.8,-12.0,18.1,62.1,47.1,77.5,-23.2,120.7,191.6,291.6,345.5,9.7,148.1,279.8,383.7,476.8
427,-25.2,24.1,19.9,39.3,36.7,-13.3,38.5,61.8,56.1,77.2,-8.8,120.0,213.1,316.7,380.1,5.8,171.3,305.5,400.2,506.9
428,-29.1,17.2,8.6,35.7,33.2,-11.9,49.6,54.9,61.0,73.6,-1.7,123.2,235.5,340.2,414.9,0.7,185.3,321.8,423.3,539.4
429,-22.0,10.1,8.7,27.8,36.4,-5.5,43.2,35.7,58.1,63.9,-8.3,133.3,259.4,360.7,450.1,-6.8,182.2,320.6,458.7,576.4
430,-14.9,3.1,8.8,20.0,39.6,0.9,36.8,16.4,55.2,54.2,-15.0,143.4,283.3,381.3,485.3,-14.2,179.1,319.5,494.0,613.3
431,-15.1,15.0,14.5,23.6,44.3,8.7,36.5,21.3,56.4,61.0,-15.6,158.8,321.1,423.5,549.4,-10.7,208.2,354.0,532.3,671.5
432,-17.1,31.7,21.6,30.2,49.5,16.8,37.8,32.4,58.8,72.1,-14.7,175.7,362.5,471.2,620.9,-4.3,245.5,397.6,571.3,735.1
433,-19.8,41.5,24.8,38.3,52.2,18.2,34.5,41.3,60.8,81.2,-14.9,196.7,404.8,527.1,697.3,-0.8,279.2,448.1,621.2,809.0
434,-24.3,30.4,16.4,51.4,47.9,-0.6,17.0,43.4,61.9,84.6,-18.3,230.1,449.6,607.7,788.5,-5.8,301.9,519.1,704.0,913.8
435,-28.9,19.3,7.9,64.5,43.5,-19.4,-0.4,45.4,63.0,88.0,-21.7,263.4,494.5,688.3,879.7,-10.8,324.7,590.2,786.8,1018.7
436,-24.3,21.1,5.5,56.0,35.7,-23.9,1.8,40.4,65.6,90.0,-23.4,319.7,576.7,806.8,1020.7,-7.3,376.8,667.8,909.8,1164.7
437,-16.0,28.2,5.6,38.5,26.4,-22.4,12.0,32.5,68.7,91.3,-24.3,385.5,674.3,940.9,1182.2,-0.4,441.0,748.2,1049.4,1327.8
438,-10.7,31.6,3.9,24.6,20.2,-20.9,19.8,27.9,69.7,89.4,-26.2,457.8,787.0,1097.8,1373.0,3.3,508.8,847.2,1211.6,1520.3
439,-20.7,17.2,-6.3,28.0,29.1,-19.3,15.7,39.7,59.8,71.6,-33.1,562.2,973.4,1365.5,1706.5,-8.6,594.3,1036.5,1483.2,1856.4
440,-30.7,2.7,-16.6,31.4,38.0,-17.7,11.6,51.6,50.0,53.7,-40.1,666.7,1159.8,1633.2,2040.1,-20.6,679.8,1225.8,1754.9,2192.4
441,-29.4,-6.3,-11.1,28.2,40.8,-3.8,13.4,63.6,55.3,67.1,-43.2,841.3,1472.7,2079.9,2600.8,-24.1,853.5,1556.0,2208.4,2749.4
442,-21.7,-12.3,3.4,21.1,40.0,17.2,18.7,75.7,69.3,98.1,-44.1,1056.0,1857.7,2628.5,3290.8,-22.8,1077.4,1966.5,2765.3,3432.1
443,-15.6,-16.0,15.8,14.7,40.1,33.8,24.8,85.7,84.3,127.0,-43.0,1294.1,2284.6,3233.7,4051.1,-20.5,1326.0,2413.5,3376.9,4185.2
444,-23.0,-1.9,11.3,12.9,47.8,13.8,38.0,79.1,108.4,137.8,-25.3,1725.6,3056.9,4304.4,5389.0,-9.4,1776.7,3160.6,4436.7,5517.3
445,-30.4,12.2,6.9,11.1,55.5,-6.2,51.1,72.4,132.4,148.6,-7.5,2157.0,3829.1,5375.0,6726.9,1.7,2227.5,3907.7,5496.6,6849.4
446,-33.4,11.0,4.7,2.9,53.0,-14.9,52.9,80.2,150.8,165.3,-7.2,2728.5,4844.8,6787.3,8513.1,-7.0,2805.5,4917.4,6920.7,8636.5
447,-33.4,-1.1,4.0,-9.7,43.2,-15.5,46.4,98.3,165.1,186.3,-19.3,3399.7,6033.7,8442.7,10618.6,-29.9,3474.1,6114.0,8604.2,10747.5
448,-33.2,-12.7,3.4,-20.5,33.3,-15.8,40.8,116.5,179.7,207.7,-29.8,4095.5,7264.4,10157.5,12797.4,-50.6,4167.6,7352.3,10347.1,12933.6
449,-30.5,-16.3,4.0,-4.4,23.2,-11.3,47.6,137.4,199.1,236.1,-16.9,5149.7,9101.6,12736.1,16044.4,-39.9,5223.9,9198.3,12954.3,16210.9
450,-27.7,-20.0,4.5,11.6,13.0,-6.8,54.4,158.2,218.6,264.4,-4.0,6203.8,10938.8,15314.8,19291.4,-29.2,6280.2,11044.2,15561.5,19488.3
451,-16.8,-12.7,15.8,24.5,12.8,-3.6,79.0,183.4,257.1,321.1,1.0,7440.3,13114.2,18341.9,23085.0,-15.7,7518.0,13247.4,18632.6,23300.1
452,1.0,3.7,35.9,34.7,20.7,-1.4,118.2,212.0,311.4,401.1,-0.5,8826.4,15567.6,21737.6,27327.6,0.1,8904.8,15744.1,22084.7,27550.8
453,17.8,19.0,54.8,43.8,28.5,0.4,156.4,240.2,364.4,479.2,-2.1,10206.7,18009.0,25114.6,31545.3,15.2,10285.9,18226.6,25516.5,31778.0
454,8.2,8.4,43.5,26.2,33.0,-7.0,169.9,258.0,383.5,509.9,-5.9,11439.2,20150.9,28022.8,35135.1,16.2,11525.9,20352.5,28435.3,35411.7
455,-1.4,-2.2,32.2,8.5,37.5,-14.3,183.5,275.7,402.7,540.5,-9.6,12671.6,22292.8,30931.0,38724.9,17.1,12765.9,22478.3,31354.1,39045.3
456,-9.8,-7.2,19.1,2.0,37.2,-18.7,188.1,295.9,429.8,569.4,-15.8,13827.8,24323.2,33703.4,42045.2,7.4,13931.8,24513.8,34114.9,42400.6
457,-17.2,-7.2,4.4,5.5,32.8,-20.5,184.7,318.2,463.8,596.5,-24.3,14916.9,26255.5,36356.1,45128.4,-11.8,15032.5,26469.7,36736.7,45510.9
458,-23.9,-6.8,-9.5,9.6,29.1,-21.6,181.9,340.1,497.5,624.1,-32.2,15986.7,28153.3,38959.3,48154.4,-29.9,16113.7,28388.5,39310.9,48560.5
459,-10.4,6.3,1.3,31.2,46.7,-0.3,197.2,348.2,520.8,664.8,-20.0,16435.9,28943.3,39975.4,49348.0,-16.7,16567.5,29119.5,40363.3,49664.8
460,3.1,19.4,12.2,52.8,64.3,21.0,212.5,356.4,544.1,705.5,-7.8,16885.2,29733.2,40991.5,50541.5,-3.5,17021.3,29850.4,41415.6,50769.1
461,5.8,18.9,18.7,56.5,61.3,23.1,216.9,365.5,551.0,719.4,-6.5,17034.1,29983.2,41308.8,50927.6,7.7,17171.8,30065.3,41740.7,51112.9
462,-0.9,6.4,21.5,44.7,40.4,8.4,211.6,375.6,543.6,709.8,-14.7,16919.9,29760.6,41014.3,50606.7,17.2,17056.6,29828.4,41429.3,50790.9
463,-7.3,-5.5,24.2,33.2,20.4,-5.7,206.4,384.5,536.0,699.6,-22.3,16779.2,29494.0,40661.0,50217.2,26.0,16916.8,29550.4,41059.3,50401.8
464,-8.3,-2.3,27.3,28.8,21.8,-4.1,201.8,365.0,524.2,676.9,-14.6,16014.5,28192.6,38925.2,48214.1,19.0,16199.0,28304.9,39312.4,48431.6
465,-9.2,1.0,30.3,24.4,23.2,-2.5,197.3,345.5,512.4,654.1,-7.0,15249.7,26891.2,37189.3,46210.9,12.1,15481.2,27059.3,37565.6,46461.5
466,-15.2,0.4,23.9,15.5,23.2,-5.0,189.2,326.8,482.9,617.1,-9.5,14323.5,25267.9,34991.7,43587.2,6.1,14536.2,25447.5,35362.7,43855.4
467,-25.3,-3.2,10.0,2.9,21.9,-10.9,178.3,308.8,439.2,568.5,-20.2,13266.9,23384.5,32421.0,40462.0,0.8,13407.7,23539.8,32791.2,40735.3
468,-33.2,-5.9,-2.6,-7.7,21.2,-15.4,167.2,290.2,398.2,522.1,-29.7,12210.5,21504.2,29852.7,37339.9,-3.7,12286.1,21638.0,30220.6,37617.7
469,-11.1,5.1,3.6,7.4,27.7,-3.1,153.1,264.7,394.0,505.0,-21.9,11155.8,19666.5,27316.7,34258.9,1.8,11256.8,19816.5,27660.7,34532.9
470,10.9,16.0,9.8,22.5,34.2,9.3,139.0,239.2,389.8,487.8,-14.1,10101.1,17828.8,24780.8,31177.9,7.3,10227.5,17995.0,25100.8,31448.2
471,12.8,17.5,10.4,27.5,28.1,10.9,123.2,220.9,365.4,471.4,-19.1,9100.6,16069.2,22354.7,28172.2,-4.4,9244.4,16234.3,22667.7,28451.1
472,0.7,12.5,7.2,25.6,13.4,5.2,106.2,207.6,327.1,455.5,-32.9,8137.5,14363.5,20004.4,25218.3,-28.1,8293.0,14515.4,20322.0,25514.7
473,-10.8,7.0,4.4,23.7,1.0,0.4,91.3,195.2,293.4,437.7,-43.7,7199.0,12701.9,17714.4,22337.6,-47.4,7362.9,12844.3,18031.1,22649.3
474,-17.7,-1.5,4.7,21.8,5.5,2.7,91.8,189.8,293.8,405.5,-31.3,6443.8,11368.9,15874.4,20002.4,-34.5,6591.2,11529.2,16149.6,20314.4
475,-24.6,-9.9,5.0,20.0,9.9,4.9,92.2,184.4,294.2,373.4,-18.9,5688.5,10036.0,14034.4,17667.2,-21.7,5819.6,10214.2,14268.1,17979.5
476,-19.9,-1.6,14.6,24.8,30.6,12.5,102.2,183.0,281.2,358.4,-8.1,5056.1,8919.1,12480.2,15707.2,-16.7,5178.8,9089.0,12707.4,15988.7
477,-8.8,15.8,29.1,33.3,60.0,23.1,117.4,183.9,261.0,352.7,1.8,4489.9,7918.8,11080.5,13949.9,-15.9,4608.7,8066.1,11320.0,14183.6
478,-2.6,26.2,37.6,38.2,77.9,29.3,129.3,184.0,244.6,344.3,7.6,3958.6,6981.4,9763.2,12298.1,-18.8,4068.9,7113.1,10015.9,12495.9
479,-17.4,5.6,19.2,27.1,45.8,16.2,126.7,180.9,244.5,324.1,-4.8,3580.3,6320.6,8808.0,11109.8,-37.7,3662.8,6467.0,9078.0,11324.1
480,-32.2,-15.0,0.8,15.9,13.6,3.1,124.0,177.9,244.4,303.9,-17.2,3202.0,5659.7,7852.8,9921.6,-56.6,3256.6,5820.9,8140.1,10152.4
481,-33.3,-15.8,-1.6,26.2,17.6,-8.5,110.6,181.0,255.5,311.8,-17.9,2927.0,5154.7,7160.1,9034.0,-53.0,2991.2,5344.1,7454.9,9309.9
482,-29.3,-9.1,2.0,44.6,35.2,-19.4,93.1,186.4,270.9,330.3,-14.1,2690.8,4708.4,6566.3,8259.8,-40.8,2778.9,4931.3,6865.0,8591.5
483,-25.8,-6.4,1.4,55.1,48.6,-26.9,84.7,191.1,281.1,349.4,-11.5,2461.3,4288.7,6003.7,7532.1,-29.1,2569.0,4529.0,6307.3,7904.7
484,-23.5,-14.7,-10.4,44.4,50.6,-25.3,100.8,194.1,277.7,370.1,-12.1,2249.6,3940.1,5524.8,6928.8,-18.4,2365.6,4155.2,5835.7,7302.0
485,-21.3,-23.0,-22.1,33.7,52.6,-23.6,117.0,197.0,274.3,390.8,-12.7,2037.9,3591.6,5045.8,6325.5,-7.8,2162.2,3781.4,5364.2,6699.4
486,-17.8,-13.8,-7.8,40.1,54.9,-15.7,121.6,220.2,304.3,429.5,-5.9,1886.9,3319.8,4637.2,5835.9,4.1,2019.9,3522.3,4986.6,6239.4
487,-14.1,-0.9,12.3,50.2,57.3,-6.5,123.8,247.8,341.6,472.2,2.6,1748.9,3064.6,4243.7,5370.8,16.2,1890.7,3288.0,4629.4,5810.1
488,-7.0,10.8,36.0,52.7,62.5,1.5,138.7,279.4,383.5,521.5,8.7,1625.7,2843.9,3919.3,4969.6,22.1,1787.3,3092.5,4340.9,5455.1
489,5.6,20.5,65.9,42.5,72.5,7.5,174.4,317.8,432.8,581.9,11.1,1526.7,2680.2,3708.4,4673.5,18.0,1726.1,2960.8,4165.8,5222.5
490,18.2,30.1,95.9,32.4,82.5,13.5,210.0,356.2,482.2,642.2,13.5,1427.8,2516.4,3497.5,4377.4,13.9,1664.9,2829.1,3990.8,4989.9
491,-2.1,9.5,65.2,25.5,73.7,2.1,224.0,377.6,534.3,705.5,-9.4,1309.3,2302.4,3222.9,4026.6,-2.2,1546.7,2670.2,3784.4,4717.5
492,-24.6,-13.2,30.5,19.0,63.6,-10.3,236.6,397.9,586.7,769.0,-33.9,1189.5,2085.0,2944.0,3672.1,-19.1,1424.8,2509.4,3576.1,4442.5
493,-29.9,-8.1,25.6,28.1,61.4,-10.6,262.6,453.2,659.4,857.4,-31.5,1086.2,1903.2,2703.7,3364.6,-27.8,1341.4,2387.1,3401.3,4227.7
494,-18.4,24.4,50.0,52.7,67.1,1.0,302.0,542.8,752.1,970.4,-2.4,999.3,1756.6,2501.4,3103.3,-28.5,1296.1,2302.7,3259.6,4072.1
495,-8.6,53.9,71.0,75.4,72.1,11.0,341.0,631.3,847.7,1087.0,24.6,912.9,1610.1,2298.3,2842.9,-28.3,1252.0,2220.1,3122.1,3920.4
496,-21.0,46.7,48.9,73.0,69.6,-0.1,375.0,703.4,979.2,1249.3,26.1,832.2,1465.4,2085.5,2592.8,-16.6,1223.2,2159.9,3037.5,3817.2
497,-33.5,39.6,26.8,70.7,67.1,-11.3,409.0,775.6,1110.7,1411.6,27.7,751.6,1320.8,1872.8,2342.7,-5.0,1194.4,2099.8,2952.9,3714.0
498,-38.4,33.2,27.1,66.2,75.7,-11.1,472.2,896.4,1288.4,1629.6,22.4,681.5,1191.7,1690.1,2125.7,-5.7,1172.7,2096.4,2951.1,3711.9
499,-39.2,27.2,39.4,60.6,90.2,-4.8,551.2,1043.3,1490.9,1877.9,13.3,617.1,1071.0,1523.8,1926.7,-13.2,1155.0,2123.6,2993.9,3764.6
500,-35.2,28.4,54.4,62.1,107.5,2.1,645.7,1206.3,1716.7,2161.3,6.2,558.7,960.1,1366.4,1736.8,-17.5,1165.3,2168.7,3064.2,3849.8
501,-15.1,53.8,78.6,87.8,133.9,11.0,792.3,1423.1,2020.6,2562.5,5.7,520.3,882.1,1239.4,1577.4,-11.2,1269.8,2273.5,3226.4,4044.7
502,4.9,79.2,102.7,113.6,160.4,20.0,938.9,1640.0,2324.4,2963.7,5.1,481.9,804.2,1112.4,1418.0,-4.9,1374.3,2378.3,3388.6,4239.5
503,-13.0,59.1,103.0,129.6,161.3,0.8,1113.4,1942.4,2768.4,3531.0,-12.8,426.8,714.4,1011.4,1278.9,-12.0,1490.3,2602.8,3706.2,4644.4
504,-39.5,28.6,98.0,143.5,156.3,-24.8,1294.1,2264.4,3244.2,4136.1,-34.6,367.9,621.9,916.3,1144.4,-22.3,1608.9,2854.5,4059.1,5096.9
505,-54.6,15.4,98.7,146.8,154.9,-37.8,1516.3,2667.5,3810.5,4865.9,-47.7,317.3,552.2,828.2,1027.4,-34.0,1773.0,3175.4,4504.7,5673.5
506,-52.8,27.7,107.6,134.5,158.6,-32.4,1799.3,3189.9,4509.5,5778.4,-48.1,278.9,515.9,750.5,935.9,-47.9,2003.8,3597.8,5086.3,6432.1
507,-51.0,39.9,116.5,122.3,162.4,-27.0,2082.5,3712.4,5208.7,6691.3,-48.5,240.6,479.7,672.8,844.5,-61.7,2234.8,4020.4,5668.1,7190.9
508,-39.3,51.7,123.5,153.1,202.4,-31.6,2453.9,4384.9,6202.1,7926.7,-48.9,217.6,435.8,623.3,770.5,-39.3,2599.6,4666.7,6560.1,8293.7
509,-27.6,63.5,130.5,183.9,242.3,-36.2,2825.2,5057.5,7195.4,9162.1,-49.4,194.7,391.9,573.7,696.5,-16.8,2964.5,5312.9,7452.0,9396.4
510,-16.3,74.2,155.4,225.4,290.1,-31.7,3274.7,5827.3,8304.9,10579.9,-44.8,179.3,361.6,524.5,632.4,2.1,3365.9,6014.2,8449.1,10659.1
511,-5.3,84.2,191.9,273.9,342.9,-21.1,3775.9,6661.6,9491.4,12118.4,-36.8,168.8,340.2,475.4,574.6,18.8,3791.6,6751.8,9515.8,12027.6
512,1.1,94.4,224.1,318.8,392.2,-9.7,4297.5,7550.5,10736.7,13722.1,-26.4,158.8,321.8,432.7,528.4,27.2,4245.0,7538.4,10649.8,13471.5
513,-9.6,104.9,239.7,350.3,428.0,4.8,4896.9,8648.2,12207.0,15574.7,-6.7,150.6,314.8,414.2,526.0,4.3,4804.1,8511.7,12041.4,15203.2
514,-20.4,115.5,255.2,381.8,463.9,19.3,5496.4,9745.9,13677.2,17427.3,13.0,142.4,307.8,395.7,523.5,-18.6,5363.2,9485.0,13432.9,16934.9
515,-19.2,151.5,278.7,411.9,509.4,2.0,6152.6,10929.1,15319.2,19499.3,-3.8,144.1,294.8,397.1,509.8,-12.2,5977.9,10591.2,14989.0,18866.7
516,-15.2,193.2,303.9,441.7,557.1,-22.3,6821.5,12131.3,16999.3,21620.0,-28.8,148.0,280.5,403.0,493.5,0.7,6604.9,11726.7,16581.4,20842.7
517,-17.3,208.7,325.5,474.6,610.2,-28.6,7484.5,13319.5,18677.7,23753.8,-39.1,147.5,260.7,385.8,471.4,1.5,7234.5,12862.6,18161.2,22836.9
518,-27.1,190.3,342.3,511.6,670.4,-11.6,8139.9,14489.7,20354.0,25904.8,-30.6,141.3,233.4,338.4,441.8,-13.5,7867.4,13998.9,19724.4,24854.8
519,-35.2,175.3,360.6,548.1,729.7,4.4,8789.7,15648.8,22011.6,28028.7,-21.7,135.6,208.4,294.5,414.4,-26.5,8494.8,15121.4,21272.2,26844.7
520,-14.8,216.9,403.0,576.9,773.6,2.6,9343.3,16620.5,23355.5,29699.3,-6.0,139.1,219.9,309.4,425.1,-8.3,9027.7,16013.6,22561.9,28366.8
521,5.6,258.4,445.4,605.8,817.6,0.9,9897.0,17592.3,24699.3,31370.0,9.8,142.6,231.3,324.3,435.8,10.0,9560.5,16905.9,23851.5,29888.9
522,0.7,272.2,458.2,634.1,848.7,-0.7,10384.8,18420.9,25778.2,32817.7,3.9,135.4,227.0,319.7,426.0,11.7,9979.9,17679.9,24929.3,31221.3
523,-16.0,273.0,457.4,662.1,873.9,-2.3,10842.1,19183.0,26734.1,34162.1,-12.0,123.3,215.4,306.0,406.8,5.7,10346.6,18399.0,25908.8,32465.6
524,-27.3,274.1,462.6,685.0,897.0,-4.7,11233.0,19844.4,27612.4,35321.0,-25.1,119.3,208.4,299.6,394.8,2.9,10678.5,19037.2,26764.2,33550.4
525,-26.8,275.6,481.2,696.6,915.5,-9.0,11479.6,20286.6,28322.4,36076.7,-32.4,132.9,211.6,308.9,398.4,7.1,10934.4,19499.3,27350.0,34288.5
526,-26.4,277.2,499.9,708.2,933.9,-13.2,11726.3,20728.8,29032.4,36832.4,-39.7,146.6,214.8,318.3,402.0,11.3,11190.3,19961.5,27935.8,35026.5
527,-15.1,291.3,522.0,731.8,920.5,4.3,11746.4,20797.8,29058.1,36845.6,-26.6,140.8,218.2,314.2,388.9,18.9,11185.3,19957.8,27944.8,35043.8
528,-3.2,306.0,544.3,756.1,905.5,23.0,11755.3,20848.2,29049.7,36821.7,-12.4,133.9,221.5,309.4,374.9,26.8,11167.3,19930.7,27924.9,35025.0
529,-8.0,305.3,534.6,750.6,905.4,12.7,11688.8,20729.1,28873.1,36595.8,-10.0,119.9,207.7,301.0,356.0,24.5,11105.3,19813.4,27742.5,34813.5
530,-24.2,294.3,503.2,724.9,915.4,-17.3,11571.2,20494.8,28582.0,36232.5,-15.7,100.9,182.2,290.0,333.8,15.3,11013.3,19634.6,27449.3,34470.7
531,-36.6,283.9,481.1,705.1,921.6,-38.8,11414.0,20195.0,28199.7,35764.2,-17.7,84.2,160.9,278.2,317.6,8.0,10885.0,19386.3,27073.8,34017.8
532,-37.5,275.4,487.9,703.8,915.6,-33.7,11133.5,19691.1,27533.4,34968.9,-8.3,74.8,152.6,263.9,320.3,6.4,10643.1,18921.5,26441.4,33221.2
533,-38.4,267.0,494.8,702.4,909.6,-28.7,10853.0,19187.2,26867.1,34173.6,1.1,65.5,144.4,249.6,323.1,4.8,10401.3,18456.7,25809.1,32424.7
534,-33.5,264.5,465.8,656.6,855.1,-37.5,10470.0,18544.0,25974.3,32984.1,-21.7,63.4,140.2,233.1,288.2,-8.8,10046.2,17796.5,24892.4,31320.1
535,-28.0,262.7,432.6,605.7,795.0,-48.0,10075.2,17884.6,25055.2,31748.9,-48.3,62.2,136.5,216.4,249.0,-23.7,9678.0,17113.7,23942.7,30179.9
536,-25.9,255.7,418.3,586.1,759.6,-41.6,9633.6,17076.3,23943.2,30311.2,-51.1,59.4,126.0,210.0,228.9,-32.2,9243.1,16315.7,22889.4,28862.1
537,-26.5,244.6,419.0,591.5,744.1,-21.5,9154.3,16148.4,22676.3,28711.3,-35.0,55.1,110.2,211.9,224.0,-35.4,8754.8,15425.6,21753.0,27402.1
538,-24.5,232.2,415.1,586.0,728.6,-6.4,8683.8,15264.3,21463.4,27191.6,-21.2,49.8,99.2,206.2,214.4,-38.5,8284.5,14588.1,20646.9,25988.9
539,-13.0,214.9,395.0,541.5,713.2,-8.7,8243.9,14536.2,20442.4,25958.0,-16.1,40.5,105.6,173.0,188.3,-41.7,7878.7,13938.8,19648.8,24743.0
540,-1.5,197.6,374.9,496.9,697.8,-11.1,7804.1,13808.1,19421.4,24724.3,-10.9,31.3,111.9,139.9,162.1,-44.9,7472.9,13289.5,18650.8,23497.1
541,-11.5,197.6,353.5,480.7,637.1,-18.0,7408.1,13114.7,18431.9,23439.8,-13.8,16.1,91.9,143.5,154.3,-36.2,7099.1,12589.2,17673.0,22292.5
542,-24.2,199.7,331.9,468.0,570.7,-25.5,7017.7,12425.8,17446.4,22148.9,-17.7,0.2,68.6,151.7,148.8,-26.0,6729.3,11882.6,16697.8,21092.9
543,-19.0,197.1,318.8,455.3,534.9,-18.4,6654.8,11784.8,16497.3,20959.0,-11.6,-0.8,66.7,151.7,146.8,-13.7,6370.0,11238.6,15787.2,19953.6
544,-0.0,190.8,312.3,442.7,522.9,-0.0,6313.3,11181.0,15576.3,19847.2,2.3,9.7,81.1,145.3,147.6,0.2,6018.7,10643.1,14926.5,18861.0
545,11.7,184.5,302.9,428.6,513.7,11.4,5979.3,10586.2,14699.7,18773.2,12.3,20.1,94.1,135.3,149.3,8.0,5689.0,10073.0,14102.8,17819.0
546,0.8,178.1,284.4,410.0,513.6,1.2,5668.9,10019.3,13959.9,17816.2,10.4,29.9,102.3,114.6,154.2,-3.4,5426.3,9581.6,13393.6,16933.8
547,-10.1,171.6,265.9,391.4,513.6,-9.1,5358.5,9452.4,13220.1,16859.2,8.6,39.6,110.5,93.9,159.1,-14.7,5163.5,9090.2,12684.4,16048.5
548,-10.3,167.6,261.6,388.6,496.9,11.1,5096.1,9018.9,12598.1,16058.0,-2.5,48.1,89.9,107.2,148.5,4.9,4905.3,8647.0,12093.3,15289.3
549,-9.7,163.8,258.3,387.0,479.0,33.6,4837.3,8595.4,11985.0,15268.6,-14.3,56.4,67.2,123.0,136.8,26.8,4647.4,8207.5,11511.0,14539.6
550,-0.0,155.1,257.7,382.2,473.3,33.7,4617.7,8180.9,11434.2,14553.5,-20.6,53.2,60.0,116.6,129.5,32.4,4429.0,7827.4,10982.9,13874.0
551,15.2,143.2,258.9,375.4,475.2,20.2,4421.9,7771.9,10921.3,13883.6,-23.6,42.9,62.3,96.7,124.9,28.2,4234.6,7483.5,10487.8,13259.7
552,19.9,144.5,258.2,371.2,474.3,12.4,4231.5,7395.3,10414.9,13237.5,-19.8,39.4,59.8,88.7,116.8,21.5,4042.8,7142.5,10001.4,12653.8
553,2.2,173.7,253.6,372.3,467.8,17.2,4052.3,7088.0,9922.2,12641.8,-1.9,50.3,47.0,106.3,101.1,9.8,3856.5,6807.7,9533.4,12066.3
554,-15.3,201.4,248.5,372.8,460.8,21.3,3873.0,6780.4,9431.4,12047.2,15.3,60.6,34.3,123.0,85.3,-1.9,3670.9,6473.8,9067.7,11481.3
555,-19.8,161.2,219.0,342.5,427.2,-2.4,3685.6,6460.1,9025.4,11495.9,-8.4,41.9,29.3,98.0,61.8,-14.8,3519.1,6182.8,8703.0,11014.4
556,-24.3,121.0,189.5,312.2,393.7,-26.1,3498.2,6139.9,8619.5,10944.5,-32.1,23.1,24.3,73.1,38.3,-27.6,3367.4,5891.8,8338.3,10547.5
557,-36.6,100.8,179.4,302.0,375.0,-30.4,3309.7,5840.7,8199.5,10432.9,-41.3,0.6,17.5,42.0,31.2,-28.9,3198.8,5640.6,7946.6,10053.7
558,-51.7,88.0,176.5,299.3,361.7,-27.4,3120.8,5549.3,7774.3,9935.9,-45.1,-23.2,10.1,8.8,30.1,-26.1,3024.0,5404.2,7544.7,9550.1
559,-51.2,92.8,188.0,300.2,362.5,-21.9,2961.1,5277.5,7381.6,9445.2,-33.8,-24.2,9.9,-1.7,31.0,-20.1,2869.3,5143.2,7167.6,9067.9
560,-30.8,119.8,217.7,305.7,380.8,-13.2,2838.2,5030.4,7029.8,8962.4,-3.3,3.4,18.9,16.6,34.2,-10.3,2739.7,4851.4,6821.7,8612.6
561,-10.3,143.7,241.1,311.3,394.6,-7.6,2713.1,4788.1,6685.4,8488.2,22.3,24.3,29.4,35.9,37.8,-0.2,2613.3,4577.9,6482.9,8169.2
562,10.7,151.1,232.0,317.6,385.7,-18.6,2577.0,4570.6,6378.9,8058.7,22.9,11.0,48.0,60.5,43.1,11.7,2503.5,4399.0,6181.4,7786.4
563,31.7,158.6,222.8,324.0,376.8,-29.6,2440.9,4353.1,6072.5,7629.2,23.5,-2.3,66.6,85.1,48.3,23.5,2393.8,4220.1,5879.9,7403.6
564,7.4,133.0,205.0,310.1,364.7,-20.4,2294.7,4096.8,5712.9,7239.2,14.4,-14.6,36.1,63.3,34.2,1.1,2252.3,4010.0,5577.4,7019.7
565,-22.5,103.3,186.2,293.5,352.3,-8.7,2147.3,3835.6,5346.7,6854.2,4.1,-26.6,-0.6,35.7,17.7,-25.7,2106.9,3795.9,5274.9,6635.6
566,-31.6,94.5,186.9,283.6,362.4,-8.7,2039.0,3629.0,5071.5,6494.6,-4.4,-21.0,-3.5,22.4,19.0,-33.8,2002.4,3599.1,4998.4,6287.0
567,-28.0,98.8,199.9,277.8,386.4,-16.0,1954.8,3456.1,4852.6,6150.8,-11.8,-4.3,14.5,18.0,31.3,-30.4,1923.3,3412.8,4738.0,5960.2
568,-23.8,98.1,211.1,282.5,398.8,-20.7,1859.7,3280.2,4623.1,5825.5,-8.2,4.6,23.4,16.5,27.6,-29.7,1828.1,3231.0,4499.1,5655.3
569,-18.7,88.5,219.1,306.4,390.2,-20.7,1745.0,3098.8,4374.2,5533.9,15.2,-0.6,15.7,20.3,-5.2,-33.9,1703.6,3057.3,4299.4,5390.2
570,-15.8,81.3,226.7,328.8,382.3,-21.7,1633.2,2919.1,4124.2,5238.8,35.0,-6.1,8.5,23.4,-33.7,-36.9,1584.4,2886.0,4095.9,5123.4
571,-33.3,96.8,229.7,337.6,381.9,-31.0,1548.8,2754.1,3863.2,4910.4,21.6,-13.9,5.7,19.9,-22.2,-28.3,1513.5,2737.9,3858.3,4840.1
572,-50.9,112.3,232.7,346.4,381.5,-40.3,1464.5,2589.2,3602.1,4581.9,8.1,-21.7,2.9,16.4,-10.8,-19.7,1442.5,2589.7,3620.6,4556.9
573,-50.6,125.0,239.8,358.7,415.2,-37.6,1369.7,2415.0,3368.9,4301.2,-4.9,-30.6,6.2,20.7,4.8,-26.9,1360.2,2465.5,3435.5,4309.0
574,-47.1,137.3,247.7,371.7,455.3,-32.7,1272.9,2239.1,3140.7,4029.3,-17.8,-39.8,10.6,26.5,21.0,-37.0,1275.8,2345.6,3260.0,4067.6
575,-32.4,156.9,277.2,395.4,485.8,-4.7,1207.1,2099.7,2940.9,3778.5,-0.1,-28.4,20.8,32.4,33.3,-25.8,1224.3,2226.9,3093.6,3854.1
576,-10.2,181.5,321.1,426.2,510.0,38.9,1162.1,1984.7,2760.2,3541.9,38.3,-3.1,34.8,38.4,43.0,-0.4,1195.0,2109.0,2933.2,3659.2
577,2.2,194.1,348.7,454.1,537.0,57.7,1098.3,1876.6,2579.3,3312.2,52.1,11.8,37.3,40.9,47.8,18.7,1154.5,2000.4,2786.9,3479.6
578,-3.2,185.2,347.1,476.5,568.8,32.2,1000.7,1781.0,2398.3,3095.2,22.0,8.4,19.3,37.2,43.8,26.5,1094.1,1908.2,2665.9,3327.5
579,-5.8,178.4,349.0,499.1,602.2,8.2,905.4,1680.1,2221.2,2879.4,-3.8,6.2,2.3,32.4,38.0,29.0,1033.9,1814.0,2540.6,3169.9
580,10.7,186.9,376.1,523.0,647.3,-5.1,826.2,1541.7,2071.7,2672.1,1.4,12.8,-6.8,20.6,19.1,-6.3,975.1,1704.8,2384.6,2972.8
581,27.3,195.3,403.2,546.9,692.4,-18.4,747.1,1403.4,1922.2,2464.8,6.6,19.4,-16.0,8.7,0.3,-41.5,916.4,1595.5,2228.7,2775.8
582,-9.0,208.7,401.2,586.9,741.9,-5.9,696.2,1307.7,1800.1,2298.8,-17.7,7.3,-17.6,24.6,-1.7,-38.7,885.9,1526.1,2137.7,2696.9
583,-51.6,222.6,395.7,628.7,791.9,9.7,648.7,1217.2,1681.2,2137.6,-45.5,-7.0,-18.4,43.8,-1.8,-31.4,858.7,1461.4,2054.3,2632.1
584,-59.8,250.7,457.7,696.9,881.9,12.8,629.0,1134.5,1575.5,2002.9,-42.4,-5.1,-22.1,42.7,4.4,-15.9,829.4,1411.6,2026.6,2582.8
585,-51.2,285.6,552.7,778.0,991.5,9.8,623.0,1055.7,1476.3,1881.3,-23.9,5.0,-27.2,31.7,13.8,3.4,799.0,1369.3,2026.1,2541.0
586,-39.7,328.1,633.9,881.0,1120.8,8.0,603.7,994.7,1390.8,1779.4,-13.7,17.2,-18.1,27.6,17.6,13.1,783.7,1374.9,2023.9,2521.7
587,-24.8,379.7,698.4,1010.5,1273.9,7.7,568.1,955.1,1321.9,1701.3,-13.2,32.1,8.1,31.8,14.9,10.9,786.6,1438.4,2019.5,2529.4
588,-17.4,433.5,774.8,1145.9,1440.5,1.3,531.9,906.8,1253.2,1608.2,-11.5,35.0,25.7,33.2,10.5,5.1,792.9,1487.4,2028.7,2549.5
589,-33.9,494.1,889.0,1299.9,1649.3,-24.0,493.7,830.9,1185.1,1467.6,-6.0,-0.1,16.1,26.2,0.9,-12.4,810.1,1490.9,2080.6,2608.6
590,-49.4,555.5,1005.8,1457.2,1861.1,-47.8,456.0,757.1,1117.8,1330.6,-0.5,-33.8,6.5,19.1,-7.4,-29.0,829.4,1498.1,2136.8,2672.5
591,-39.2,636.2,1194.8,1703.0,2155.9,-33.0,434.7,736.3,1072.1,1290.7,5.7,-31.8,-5.4,12.5,15.1,-23.4,903.7,1606.9,2304.6,2861.4
592,-29.0,716.9,1383.7,1948.8,2450.8,-18.2,413.3,715.5,1026.5,1250.9,12.0,-29.8,-17.3,5.9,37.7,-17.8,977.9,1715.7,2472.4,3050.3
593,-36.1,857.4,1619.2,2273.6,2888.5,-5.3,394.7,676.3,974.3,1206.6,14.2,-22.6,4.1,16.3,23.6,-30.3,1053.9,1888.0,2688.1,3334.0
594,-46.6,1009.7,1863.8,2613.8,3354.2,7.1,376.7,633.5,920.8,1161.5,15.7,-14.4,32.0,30.1,2.3,-46.3,1130.3,2072.7,2913.1,3636.2
595,-50.1,1182.2,2154.8,3049.3,3908.9,-4.2,359.6,616.7,885.5,1111.9,4.7,-11.9,21.4,32.0,0.4,-64.7,1240.2,2283.3,3213.5,4030.8
596,-49.7,1366.0,2471.6,3537.9,4513.0,-28.9,343.2,614.2,860.2,1059.8,-13.1,-12.7,-10.6,27.4,9.4,-84.5,1368.8,2508.3,3555.8,4476.9
597,-57.0,1607.2,2879.5,4131.5,5256.1,-35.5,337.6,611.8,843.5,1033.4,-20.0,3.0,-16.1,39.6,34.1,-86.9,1537.7,2820.1,3984.8,5046.7
598,-73.7,1917.4,3396.6,4851.0,6165.9,-20.6,345.3,609.4,837.0,1038.0,-13.6,38.6,10.4,72.0,77.9,-68.5,1755.0,3236.2,4517.9,5764.9
599,-76.6,2243.9,3949.5,5625.7,7149.9,-7.4,342.3,609.1,838.2,1048.8,-10.5,66.0,36.9,102.8,120.1,-48.7,1997.2,3673.7,5101.4,6523.8
600,-42.7,2614.4,4598.2,6548.0,8331.7,1.7,310.8,614.4,859.5,1076.2,-15.9,71.8,63.4,129.5,158.0,-25.2,2305.9,4168.3,5819.9,7391.4
601,-12.2,2994.1,5264.8,7495.7,9547.8,8.7,284.9,618.9,878.0,1102.0,-19.9,74.6,87.8,153.3,193.0,-4.1,2620.7,4681.3,6560.6,8290.7
602,-14.0,3461.4,6098.4,8682.1,11084.6,-2.7,311.4,616.7,869.3,1113.0,-10.7,49.8,92.2,150.5,201.3,-5.1,2994.2,5365.7,7509.5,9486.9
603,-15.7,3928.7,6932.1,9868.5,12621.5,-14.1,337.9,614.5,860.7,1124.1,-1.5,25.1,96.6,147.7,209.5,-6.1,3367.7,6050.2,8458.3,10683.0
604,-4.9,4504.3,7982.7,11310.9,14420.2,3.3,368.9,666.5,904.2,1183.7,12.9,64.1,123.3,194.7,262.0,1.0,3845.1,6875.4,9649.1,12139.4
605,6.9,5088.7,9050.6,12773.6,16239.8,23.1,400.3,722.7,951.8,1247.2,27.7,108.1,151.7,245.7,317.9,8.9,4330.8,7711.9,10859.0,13616.4
606,-1.7,5722.5,10212.1,14393.8,18302.5,14.3,395.8,740.7,983.0,1285.1,4.4,112.3,170.4,268.6,337.6,-11.5,4827.8,8618.3,12166.5,15255.2
607,-16.8,6371.7,11402.6,16063.1,20441.0,-3.5,380.2,746.7,1009.1,1315.0,-30.7,104.1,186.1,282.7,346.0,-40.7,5328.4,9546.5,13504.5,16944.3
608,-21.2,7099.0,12668.6,17868.0,22731.4,-18.0,394.2,782.8,1055.1,1364.3,-34.8,119.1,212.9,308.5,387.5,-42.5,5911.5,10579.8,14916.6,18754.3
609,-18.8,7877.4,13983.9,19761.6,25121.3,-30.3,427.6,838.6,1114.2,1426.4,-18.5,149.3,247.1,342.1,450.7,-26.4,6548.7,11682.0,16377.3,20643.2
610,-22.6,8634.2,15341.3,21696.8,27575.8,-39.4,452.1,880.9,1178.8,1489.3,-9.1,170.6,281.1,379.7,501.7,-29.2,7172.0,12805.4,17912.7,22592.5
611,-33.7,9364.8,16749.6,23682.3,30108.7,-44.4,465.7,906.7,1250.2,1553.2,-8.2,181.3,314.9,421.9,537.7,-54.8,7778.5,13954.6,19538.5,24614.8
612,-39.8,10081.4,18091.6,25562.8,32485.5,-40.1,489.0,931.2,1308.9,1617.4,-12.5,186.7,345.9,457.4,579.5,-64.3,8358.0,15031.2,21064.7,26520.5
613,-34.6,10765.9,19283.5,27205.4,34509.0,-14.8,534.1,952.4,1338.6,1682.1,-28.6,180.5,370.4,477.5,634.4,-37.6,8876.4,15943.5,22365.2,28162.2
614,-27.5,11444.2,20450.7,28819.3,36518.3,7.3,574.0,979.0,1371.2,1744.0,-41.9,179.3,396.4,504.2,689.6,-15.0,9400.0,16853.9,23653.0,29786.6
615,-10.8,12091.8,21493.4,30289.2,38456.1,12.7,587.8,1032.0,1418.5,1791.5,-41.4,203.5,429.6,563.7,746.3,-12.9,9949.8,17755.3,24876.8,31324.8
616,5.2,12733.1,22529.1,31749.6,40374.8,17.4,601.6,1083.6,1465.1,1839.0,-40.2,227.6,462.9,622.1,801.8,-10.6,10492.8,18648.3,26091.8,32849.5
617,0.5,13186.0,23352.7,32926.0,41725.8,3.0,611.4,1090.1,1489.6,1884.2,-18.6,250.6,500.3,645.7,818.9,0.1,10831.7,19292.4,27044.8,33967.4
618,-4.3,13638.9,24176.2,34102.5,43076.8,-11.4,621.1,1096.6,1514.1,1929.3,2.9,273.5,537.6,669.3,836.1,10.7,11170.6,19936.6,27997.9,35085.2
619,-42.1,13876.5,24601.6,34669.9,43849.1,-32.6,609.6,1117.5,1512.5,1929.3,-13.1,255.1,507.5,667.5,833.4,6.8,11343.8,20187.8,28410.7,35652.5
620,-83.4,14091.5,24985.0,35173.2,44560.3,-54.5,595.8,1139.9,1508.1,1924.6,-33.1,232.3,470.2,663.1,828.7,1.3,11499.5,20397.6,28766.5,36161.7
621,-99.9,14164.5,25144.9,35368.8,44775.9,-76.6,576.5,1113.2,1494.5,1903.0,-72.7,195.8,439.6,657.5,818.9,-47.0,11538.7,20485.9,28894.6,36357.4
622,-109.5,14198.2,25242.8,35479.0,44854.1,-98.9,555.8,1072.8,1478.4,1876.6,-117.7,155.5,410.8,651.4,807.7,-107.2,11545.6,20540.6,28959.6,36466.1
623,-98.3,14144.4,25099.2,35304.7,44564.6,-76.9,548.5,1060.4,1481.8,1873.6,-99.1,175.3,430.6,660.4,820.0,-91.1,11514.1,20463.7,28786.2,36185.0
624,-76.8,14046.9,24835.3,34988.6,44091.9,-33.0,547.8,1061.9,1495.1,1882.2,-48.8,225.1,474.7,676.8,844.1,-37.0,11463.4,20321.3,28494.1,35709.5
625,-68.7,13809.3,24378.3,34391.2,43279.1,-6.0,542.8,1040.9,1470.9,1855.7,-34.4,235.4,484.8,668.9,829.8,-19.1,11303.9,20014.8,28014.4,35068.6
626,-71.2,13460.7,23768.3,33570.8,42197.0,7.6,534.5,1002.1,1417.1,1801.3,-48.4,214.5,468.0,641.7,785.1,-29.9,11058.3,19578.2,27386.1,34296.5
627,-50.9,13091.2,23119.4,32598.8,41008.0,8.1,534.5,985.9,1377.1,1761.1,-36.5,216.6,464.2,624.1,767.7,-22.1,10745.6,19051.7,26632.4,33370.4
628,-3.4,12696.5,22424.0,31445.1,39690.8,-7.2,544.5,996.8,1353.7,1737.7,6.5,246.2,475.8,617.8,783.2,7.8,10352.7,18417.0,25728.4,32259.5
629,27.9,12265.4,21660.4,30267.4,38323.3,-11.2,541.5,988.6,1324.2,1696.8,32.6,265.7,462.3,607.1,781.7,21.0,9960.6,17750.9,24786.3,31101.6
630,30.2,11768.8,20774.0,29046.7,36865.3,5.2,515.1,946.3,1283.7,1624.3,28.5,267.0,403.6,588.7,749.6,4.0,9570.0,17028.2,23775.8,29859.6
631,27.3,11255.3,19859.9,27802.6,35340.5,16.9,487.4,900.1,1235.5,1545.5,21.1,257.3,359.0,565.0,710.8,-8.0,9155.7,16289.5,22743.1,28574.5
632,10.2,10695.2,18869.8,26493.9,33631.8,15.5,456.2,842.9,1166.3,1449.3,4.6,217.3,353.1,526.8,653.8,-6.6,8676.3,15507.0,21649.5,27171.3
633,-3.2,10138.3,17883.8,25180.8,31920.3,11.8,430.9,793.5,1101.7,1355.1,-6.0,189.3,349.4,495.9,607.2,-3.7,8215.7,14728.0,20555.6,25766.7
634,-0.3,9595.5,16916.6,23847.7,30196.4,-2.9,431.9,779.6,1057.7,1269.5,10.0,215.6,355.1,497.6,607.9,5.6,7839.4,13965.5,19460.8,24355.8
635,3.8,9053.1,15955.2,22514.7,28471.2,-12.2,429.9,761.8,1014.2,1189.2,25.9,235.1,356.4,497.7,604.6,16.4,7456.3,13197.6,18370.3,22961.5
636,18.5,8514.7,15044.8,21182.7,26735.3,25.6,401.7,709.6,975.5,1154.5,40.5,196.7,318.5,483.7,568.0,40.4,7014.2,12382.3,17317.0,21710.7
637,31.3,7977.7,14134.3,19853.3,25006.8,61.3,373.0,657.2,935.6,1118.6,53.5,159.7,280.9,467.4,531.4,61.5,6573.5,11569.4,16265.2,20457.6
638,-14.1,7482.5,13222.7,18607.0,23514.9,33.1,329.0,596.8,857.3,1045.2,15.2,167.8,257.2,377.6,493.1,-9.6,6174.2,10834.3,15258.8,19131.1
639,-59.5,6987.4,12311.2,17360.8,22022.9,4.8,285.1,536.4,779.1,971.8,-23.0,176.0,233.4,287.8,454.7,-80.8,5774.8,10099.2,14252.5,17804.6
640,-37.7,6517.7,11515.4,16214.6,20564.9,5.1,276.5,516.8,714.9,887.3,-10.0,148.8,221.3,285.6,421.2,-30.1,5391.9,9464.5,13295.6,16644.8
641,-13.4,6049.0,10723.9,15072.2,19108.1,6.4,269.2,498.8,651.1,802.4,4.8,120.4,209.6,286.6,387.9,25.1,5009.7,8833.5,12340.5,15491.1
642,-29.5,5668.1,10018.1,14054.6,17776.1,-9.9,223.3,457.0,601.3,767.2,-8.5,96.6,171.9,255.8,336.4,-0.9,4658.7,8232.9,11501.6,14475.3
643,-50.0,5296.4,9321.4,13050.2,16457.3,-28.1,173.3,412.7,552.8,737.3,-24.8,73.2,131.4,221.6,283.1,-35.5,4311.0,7635.5,10675.1,13474.1
644,-51.3,4937.6,8677.5,12189.5,15393.8,-31.2,152.6,379.6,516.8,700.5,-5.8,79.3,131.4,227.5,287.9,-22.2,4026.9,7113.1,9956.8,12531.0
645,-49.1,4581.1,8042.8,11353.9,14375.0,-31.6,137.1,348.4,483.0,662.5,19.3,90.5,138.5,240.3,303.0,-0.5,3753.9,6603.9,9257.4,11598.2
646,-20.1,4248.1,7504.7,10557.5,13352.1,-24.3,146.0,320.4,445.5,623.9,-0.2,81.4,132.2,216.4,269.4,2.6,3489.5,6136.3,8618.9,10767.7
647,15.5,3920.8,6990.3,9770.7,12328.2,-15.0,160.8,293.2,407.1,585.1,-30.6,67.2,122.6,183.4,223.9,1.2,3227.2,5678.9,7995.2,9962.2
648,15.2,3674.0,6511.7,9117.6,11505.6,20.8,165.9,289.7,390.2,548.1,-29.9,74.5,123.7,167.1,217.3,-11.9,3015.1,5323.0,7472.8,9330.8
649,3.6,3452.4,6044.4,8506.2,10745.9,65.0,168.0,293.7,380.2,511.5,-19.4,88.4,128.2,155.9,223.0,-28.6,2818.7,4998.9,6982.0,8753.8
650,-8.7,3221.9,5618.2,7916.4,10057.1,33.9,128.8,254.2,340.6,441.6,-14.1,67.9,100.9,127.2,177.9,-46.3,2610.6,4673.6,6510.8,8147.4
651,-21.2,2988.0,5207.4,7334.7,9394.9,-25.3,74.1,198.2,289.9,359.0,-10.8,34.4,61.8,91.9,113.9,-64.5,2398.1,4347.9,6046.8,7530.0
652,-66.1,2777.9,4876.3,6850.1,8729.9,-78.0,57.1,160.0,233.6,318.1,-49.9,-13.5,40.2,57.5,69.1,-83.9,2214.1,4038.1,5650.6,7035.5
653,-124.9,2578.0,4579.7,6407.6,8063.7,-128.0,56.3,129.5,175.0,295.3,-107.3,-67.6,26.3,23.4,32.7,-103.7,2042.4,3735.0,5283.6,6594.1
654,-103.7,2428.7,4310.0,6038.5,7579.2,-106.4,53.4,125.2,180.8,307.9,-89.7,-45.1,14.9,44.1,50.7,-94.1,1936.8,3515.3,4943.8,6197.3
655,-44.1,2303.7,4053.2,5704.8,7182.0,-50.5,49.3,133.5,217.6,337.4,-36.0,14.0,4.7,91.1,94.9,-70.3,1862.8,3335.5,4617.0,5821.9
656,-20.9,2205.8,3839.1,5404.7,6818.3,-15.9,58.1,162.6,240.3,344.2,-9.7,42.1,26.7,112.6,91.9,-34.8,1778.0,3174.5,4385.9,5544.6
657,-16.5,2121.9,3647.0,5122.0,6471.9,7.6,73.5,202.4,255.6,339.4,2.5,54.3,65.4,121.0,64.7,6.9,1687.6,3023.2,4204.2,5318.0
658,-16.0,2025.6,3475.4,4860.8,6162.0,9.6,74.4,193.1,222.8,325.0,2.2,33.5,88.2,101.1,62.1,20.2,1595.3,2870.2,3983.0,5052.4
659,-17.6,1922.7,3314.9,4611.2,5871.6,0.1,67.3,157.5,163.9,305.4,-4.8,-5.0,102.5,65.8,72.7,18.2,1501.8,2716.3,3740.6,4765.6
660,-10.8,1818.4,3121.3,4374.8,5558.7,12.7,48.4,117.1,137.8,257.7,-9.6,1.9,85.4,39.7,79.8,-3.1,1419.3,2574.0,3544.6,4516.5
661,0.6,1713.3,2909.6,4145.7,5233.3,37.5,23.0,74.1,129.4,194.6,-13.2,33.7,51.1,18.8,85.0,-34.9,1342.6,2438.0,3374.0,4287.9
662,25.5,1627.3,2801.3,3979.0,5016.3,44.4,39.1,100.7,155.7,189.8,1.6,55.2,52.0,43.9,101.3,-27.2,1309.0,2327.2,3243.2,4101.1
663,57.6,1551.4,2748.7,3846.1,4857.6,41.7,77.6,165.0,200.6,216.4,26.4,71.0,71.8,94.0,123.6,1.9,1298.6,2230.0,3133.9,3936.8
664,41.8,1462.8,2620.1,3668.5,4658.9,8.4,49.2,142.0,198.5,199.0,7.0,54.9,61.8,71.2,96.3,-10.2,1231.8,2126.6,2989.6,3764.7
665,1.1,1367.6,2452.0,3467.7,4439.4,-40.8,-13.9,73.7,171.9,158.7,-35.4,22.2,36.2,10.6,43.4,-43.6,1135.7,2019.9,2827.1,3588.4
666,-0.3,1331.7,2354.4,3307.2,4248.9,-53.8,-12.4,53.6,143.8,119.0,-48.9,9.4,9.2,3.6,36.3,-33.2,1078.8,1933.9,2735.1,3446.4
667,17.3,1324.5,2290.8,3166.2,4072.4,-49.2,20.3,56.8,114.7,79.8,-48.4,6.1,-18.6,22.6,51.3,-1.8,1040.7,1857.8,2677.1,3320.9
668,5.2,1293.5,2209.7,3060.2,3950.8,-45.4,35.2,60.0,116.0,102.4,-8.0,19.0,-4.6,23.5,58.0,-20.1,1006.2,1821.9,2590.1,3179.3
669,-19.9,1252.2,2120.9,2969.7,3853.2,-41.7,42.2,63.2,130.6,152.0,49.9,39.1,27.6,16.5,60.9,-60.0,973.2,1803.5,2490.5,3030.7
670,-50.5,1202.5,2064.4,2883.5,3707.5,-19.3,50.0,70.1,123.8,144.2,39.4,41.3,27.1,22.4,45.7,-54.9,958.5,1726.1,2376.7,2965.0
671,-83.3,1149.6,2020.0,2799.0,3543.5,10.2,58.1,78.3,108.8,114.5,3.0,36.7,14.2,33.2,23.5,-32.5,950.7,1626.2,2257.7,2930.9
672,-51.7,1128.6,1942.9,2715.9,3426.7,18.9,32.9,82.9,90.7,125.6,3.2,15.7,26.9,52.8,47.1,-14.9,919.8,1573.1,2195.8,2848.8
673,0.4,1117.8,1855.4,2633.3,3324.9,20.8,-3.0,86.4,71.7,149.5,15.0,-10.5,47.8,75.2,85.2,1.3,881.5,1534.7,2152.0,2751.6
674,-35.9,1030.8,1783.4,2540.7,3198.6,-28.1,-28.2,41.5,29.6,135.6,-27.3,-14.2,24.8,38.7,65.6,-19.0,832.7,1485.2,2039.8,2651.4
675,-94.2,924.9,1715.3,2445.7,3066.1,-89.8,-50.9,-15.4,-18.3,112.3,-83.1,-12.2,-9.1,-12.6,31.7,-48.4,781.3,1433.0,1910.6,2550.6
676,-84.4,943.1,1640.1,2351.7,2958.2,-59.3,-48.8,-1.5,6.0,92.1,-69.5,-18.1,-29.5,-13.3,23.7,-63.3,752.9,1352.2,1862.8,2442.4
677,-62.3,983.5,1563.5,2257.9,2854.6,-12.2,-42.4,25.2,43.2,72.4,-43.3,-25.4,-47.4,-4.9,20.5,-75.7,728.7,1266.3,1829.7,2332.9
678,-15.8,924.8,1564.7,2161.8,2751.7,-10.5,-27.2,40.0,40.8,57.1,-49.9,-21.6,0.9,0.8,55.3,-65.9,718.4,1223.0,1763.0,2237.3
679,33.3,855.2,1574.4,2065.5,2648.8,-13.8,-11.1,53.6,34.1,42.2,-60.1,-16.6,56.5,6.3,94.2,-53.6,709.7,1184.3,1692.5,2143.3
680,38.8,843.6,1513.1,2035.4,2602.6,40.2,36.9,78.7,93.0,84.0,-15.7,11.5,48.7,60.8,82.1,1.3,694.3,1209.7,1685.3,2109.1
681,41.4,833.8,1448.4,2006.4,2556.8,93.7,83.2,103.0,152.4,126.5,29.0,39.8,38.3,114.3,68.3,56.4,677.9,1234.5,1676.7,2075.9
682,7.6,802.9,1365.5,1919.2,2443.5,44.6,29.5,84.5,139.6,112.3,8.7,43.1,26.1,67.7,65.1,62.6,631.7,1152.4,1529.3,1992.7
683,-24.4,770.4,1285.1,1834.0,2327.3,0.1,-16.8,64.0,124.9,100.4,-7.3,44.0,15.3,24.8,60.9,62.5,588.9,1074.1,1395.4,1904.4
684,-40.4,723.4,1226.9,1765.8,2186.2,-3.8,2.1,26.6,93.8,108.9,15.9,22.4,18.0,15.4,47.1,6.2,575.7,1030.4,1380.4,1770.2
685,-49.3,680.9,1170.5,1699.4,2056.7,-3.8,16.1,1.3,74.7,114.7,30.7,7.5,22.1,13.2,34.7,-39.7,557.6,986.3,1358.7,1654.0
686,-25.8,659.3,1122.2,1641.3,1980.0,14.6,8.1,30.7,110.4,108.2,6.9,23.2,32.9,43.6,28.7,-38.2,517.3,940.5,1306.0,1619.3
687,-11.0,640.2,1073.9,1574.8,1906.8,27.1,8.5,62.4,130.8,108.1,-4.9,36.9,42.4,66.5,25.8,-32.6,478.4,896.5,1257.2,1575.6
688,-20.6,628.2,1025.9,1485.2,1843.1,23.8,32.5,100.4,109.1,126.1,16.4,45.0,48.6,68.2,31.5,-15.9,443.2,857.3,1219.1,1507.1
689,-13.5,603.5,984.6,1398.9,1766.3,13.7,40.0,100.0,96.9,123.7,32.2,46.0,55.3,55.7,30.5,-2.6,426.9,815.9,1176.3,1437.0
690,23.4,556.2,955.5,1318.5,1665.9,-8.2,18.0,31.0,101.6,84.9,38.0,34.6,62.7,17.4,17.8,4.8,444.6,770.6,1124.9,1364.3
691,36.8,517.0,910.6,1258.9,1579.2,-13.3,2.6,3.7,92.2,69.8,30.4,24.4,49.5,3.7,6.4,21.7,441.8,718.1,1057.8,1292.0
692,22.2,487.4,847.0,1223.9,1508.8,1.9,-4.9,26.2,66.2,83.0,6.8,15.9,11.7,19.3,-3.3,50.1,414.4,656.9,972.0,1220.2
693,10.1,449.7,806.6,1148.5,1427.6,3.2,-5.8,23.0,43.7,73.7,-3.3,-3.2,11.9,38.2,7.5,57.9,400.7,647.8,893.5,1137.9
694,-0.1,405.5,784.4,1041.7,1337.9,-6.2,-1.5,-0.2,24.1,46.8,-2.9,-30.7,41.6,59.7,34.5,49.7,397.7,679.3,820.7,1047.3
695,9.3,395.1,743.6,974.0,1266.0,-24.3,-5.1,4.1,36.5,24.8,-15.6,-46.8,31.5,42.1,24.0,-1.4,355.0,651.1,798.6,980.7
696,28.0,401.0,693.8,925.1,1202.6,-46.6,-12.4,21.6,64.6,5.2,-34.7,-57.5,2.1,5.4,-4.6,-73.2,293.0,593.8,801.2,925.7
697,10.5,345.3,641.4,862.0,1107.8,-44.1,-52.5,-35.6,40.1,-20.5,-81.4,-56.0,-17.7,-27.9,-44.7,-105.3,244.1,508.6,751.0,846.3
698,-16.6,273.4,588.3,795.1,1004.7,-35.2,-101.2,-112.6,1.7,-47.9,-135.3,-51.3,-35.0,-60.3,-88.0,-126.9,198.7,416.0,687.0,760.4
699,-45.2,287.9,513.9,736.5,998.1,-72.4,-56.9,-83.2,-15.5,-27.0,-76.8,-45.7,-50.2,-82.2,-58.5,-89.0,201.6,400.4,617.2,748.9
700,-71.4,308.9,442.9,683.2,998.4,-110.8,-5.7,-43.4,-29.1,-0.5,-8.9,-39.0,-63.8,-98.6,-22.9,-46.6,209.6,393.6,551.3,745.7
701,-45.7,299.6,482.1,724.1,954.5,-85.0,11.6,6.8,-10.4,51.0,37.7,-11.1,-45.2,-20.0,2.9,-25.1,231.1,420.9,574.0,771.8
702,-26.2,289.0,511.7,746.2,915.0,-54.4,31.1,48.5,12.5,93.4,71.9,15.5,-26.6,48.8,24.6,-3.3,253.5,436.3,585.9,792.1
703,-34.5,273.1,498.1,685.2,895.1,-2.2,60.7,52.5,54.0,94.9,51.4,36.4,-7.9,73.2,28.5,20.0,280.1,398.4,549.5,785.9
704,-46.1,274.7,473.8,637.8,850.5,32.8,71.5,55.4,67.2,90.1,41.2,44.9,9.3,79.4,37.6,46.0,282.2,361.7,515.6,766.3
705,-64.8,312.5,427.0,618.6,754.8,32.3,43.6,56.0,22.1,72.5,52.5,28.3,23.5,47.9,57.3,77.3,233.8,327.8,486.9,719.0
706,-67.8,300.5,399.4,566.3,694.6,26.0,44.3,51.1,2.7,49.6,39.6,-9.5,39.5,29.0,56.9,78.4,219.5,304.5,445.0,671.5
707,-53.4,233.9,392.7,477.7,673.2,13.2,76.2,40.1,11.4,20.9,0.1,-70.7,57.5,24.0,34.5,46.2,242.5,292.9,388.7,623.8
708,-58.0,220.4,349.3,447.4,621.6,11.7,61.1,-5.5,17.1,-11.8,-11.6,-82.0,32.4,3.4,7.6,-5.9,206.6,270.3,365.2,563.2
709,-73.4,237.5,284.8,450.6,552.7,16.6,18.9,-71.0,21.0,-46.8,-7.1,-64.6,-17.5,-26.2,-21.9,-69.5,136.7,241.4,360.8,495.1
710,-57.1,222.3,286.5,455.2,533.6,-33.1,35.0,-42.2,45.7,-40.6,-4.4,-51.8,6.3,-25.0,-24.7,-46.2,144.9,268.3,386.3,459.9
711,-32.6,198.8,305.2,460.0,527.3,-96.7,66.0,10.7,75.6,-24.0,-2.1,-40.2,48.9,-15.9,-20.7,-0.7,173.0,309.5,419.5,433.0
712,9.1,144.6,327.5,428.8,492.1,-23.2,58.7,53.6,81.1,-11.9,5.7,-22.9,13.7,-14.0,7.1,-39.3,149.3,252.0,398.2,387.8
713,36.4,105.6,333.0,396.0,462.9,30.3,50.1,83.7,72.1,-9.5,4.5,-14.8,-22.9,-15.8,27.8,-75.3,122.0,198.1,370.2,343.7
714,-27.3,165.7,235.6,361.8,476.5,-66.7,42.3,38.2,-20.0,-64.8,-52.5,-63.7,-51.1,-37.6,-0.1,-78.3,83.5,186.8,313.1,309.8
715,-52.9,189.6,175.8,340.1,488.8,-93.4,31.6,12.3,-66.4,-70.0,-56.2,-77.6,-46.5,-40.5,-1.4,-56.1,63.7,192.0,272.1,306.6
716,1.0,138.0,194.3,344.4,498.0,26.8,15.0,27.5,-17.4,29.4,51.6,-18.4,26.5,-4.1,53.1,18.4,82.7,231.5,264.5,367.8
717,16.2,111.2,187.2,345.1,451.9,71.5,-2.7,8.8,-17.7,45.5,68.9,-10.0,27.9,15.5,71.4,23.3,88.8,234.3,242.5,352.4
718,-5.5,107.9,155.9,342.5,353.3,44.4,-21.4,-41.9,-64.7,-17.6,0.3,-49.9,-38.8,18.9,55.2,-38.0,82.7,202.1,206.5,264.4
719,-31.7,153.9,129.1,319.4,340.4,19.1,-18.8,-8.8,-27.5,-23.0,-38.8,-29.6,-33.5,1.5,35.4,-29.2,50.3,183.7,174.8,246.9
720,-59.8,220.3,104.1,287.8,363.0,-5.4,-7.4,58.9,44.4,-4.7,-65.8,15.5,1.5,-24.5,14.1,8.7,7.1,171.0,144.9,258.5
721,-84.7,112.3,103.9,232.8,307.4,-46.7,-99.7,2.8,-7.1,-62.5,-89.4,-67.0,-47.4,-57.6,-74.8,-55.8,5.0,97.9,134.4,208.3
722,-101.9,-1.0,101.3,179.4,244.7,-82.5,-180.9,-60.0,-59.9,-117.0,-107.8,-141.5,-94.3,-88.1,-150.5,-117.0,8.2,33.4,129.5,159.7
723,-63.6,-22.1,61.7,157.0,186.9,-64.6,-100.0,-80.3,-29.6,-89.8,-89.3,-59.9,-63.0,-92.9,-76.0,-76.2,20.6,79.9,152.5,170.0
724,-33.3,-9.5,58.7,166.9,166.7,-42.7,-50.7,-74.1,-0.0,-47.0,-56.4,-4.8,-26.7,-72.3,-18.9,-32.2,43.7,110.7,181.8,197.2
725,-18.9,71.0,129.4,242.0,222.4,-12.7,-64.7,-14.7,28.1,27.3,5.6,-3.0,19.7,-0.3,3.3,18.3,88.0,109.7,223.8,258.9
726,-3.6,76.6,162.3,252.1,249.8,1.6,-58.9,-8.7,48.0,59.3,-3.9,8.6,31.5,39.3,12.6,22.6,100.0,118.2,211.2,276.1
727,12.7,21.3,164.4,209.4,254.3,3.2,-37.1,-45.9,61.3,57.0,-71.2,28.0,15.3,52.6,11.7,-10.7,85.8,134.4,154.2,257.3
728,-40.3,-19.7,98.1,171.8,227.0,-24.5,-70.0,-80.8,-27.4,4.0,-67.3,-45.8,-27.8,-49.5,-5.7,-66.7,30.3,116.8,120.5,196.8
729,-111.5,-55.9,14.5,136.3,190.2,-60.3,-117.8,-114.3,-142.8,-62.7,-43.9,-144.1,-77.9,-181.3,-28.1,-128.3,-35.6,89.6,93.8,125.2
730,-82.2,-45.0,81.9,149.0,112.1,-75.9,-121.0,-93.8,-105.7,-84.0,-66.0,-109.1,-78.2,-99.2,-86.3,-118.6,-16.9,62.8,106.5,95.8
731,-66.1,-27.5,124.4,151.1,72.7,-81.3,-110.6,-79.2,-65.3,-91.7,-77.1,-74.1,-61.1,-39.0,-109.7,-103.4,14.3,40.6,114.2,85.3
732,-89.0,9.2,93.0,121.7,147.6,-56.6,-60.5,-82.3,-15.4,-59.7,-55.9,-38.8,7.2,-43.8,-30.7,-72.4,81.8,31.9,106.9,130.9
733,-58.6,37.1,97.4,139.1,191.4,-32.7,-36.0,-54.8,14.8,-30.0,-39.3,-19.3,-2.8,-41.4,31.7,-42.2,102.4,41.5,118.2,164.6
734,25.1,56.3,137.6,203.3,204.1,-9.5,-37.1,3.5,25.1,-2.7,-27.4,-15.6,-91.5,-31.9,77.6,-12.9,76.0,69.6,148.1,186.6
735,91.6,89.1,169.0,224.9,243.1,20.2,44.5,51.9,50.2,87.8,36.0,31.8,-47.3,25.6,92.3,32.3,114.4,131.1,190.9,217.6
736,150.4,126.0,196.1,231.7,288.8,51.7,151.1,95.7,79.2,196.1,114.3,92.4,39.6,98.0,96.0,81.6,172.7,202.4,237.2,251.2
737,34.1,124.6,104.2,179.6,177.9,47.9,68.4,34.1,33.7,57.5,31.0,52.4,48.9,93.6,34.7,31.8,114.9,178.6,212.7,255.1
738,-63.9,112.6,25.7,130.9,95.0,19.5,-16.7,-12.4,-12.0,-45.7,-24.7,19.4,33.2,64.7,-24.0,-24.5,55.5,143.2,174.2,227.8
739,-114.4,73.2,-17.8,90.7,84.9,-72.5,-107.8,-19.4,-58.1,-56.7,-8.4,4.9,-48.2,-28.1,-75.8,-97.4,-8.0,77.4,99.0,119.6
740,-114.1,38.0,-4.8,106.0,111.5,-100.5,-114.5,-16.8,-73.9,-39.2,26.3,-19.8,-63.5,-24.0,-48.4,-75.9,-18.0,57.6,66.3,102.0
741,-72.3,6.3,54.5,166.6,168.2,-76.0,-52.2,-6.5,-64.9,1.7,76.3,-52.7,-24.8,59.7,43.9,22.9,15.8,75.4,68.2,158.6
742,-5.5,85.2,105.2,187.2,183.9,7.1,-28.9,1.8,-19.2,-11.1,45.8,-59.1,34.0,42.0,48.2,28.2,27.2,84.1,90.5,178.5
743,53.9,162.5,142.1,188.4,186.8,82.8,-25.4,7.8,21.3,-29.5,-2.0,-59.3,78.2,6.3,32.4,5.7,31.2,85.0,111.3,184.1
744,15.5,47.5,83.9,102.1,154.5,4.6,-113.4,-0.0,-38.8,-3.5,-54.5,-54.1,-25.4,-4.8,1.6,-82.4,13.4,38.8,86.6,135.8
745,-27.6,-30.3,21.2,30.1,104.0,-61.1,-200.8,-45.7,-103.2,-34.6,-103.9,-85.4,-114.2,-33.4,-43.5,-156.8,-47.8,-5.7,36.9,87.0
746,-77.5,-53.3,-48.2,-21.1,26.7,-108.6,-287.4,-147.0,-173.8,-150.0,-148.5,-170.5,-181.4,-87.9,-109.5,-211.0,-173.3,-47.9,-49.8,37.3
747,-81.7,-54.8,21.0,9.9,55.4,-65.4,-181.3,-128.2,-100.7,-87.0,-90.4,-140.6,-166.8,-93.9,-75.4,-192.4,-128.7,10.5,-12.3,69.6
748,-66.3,-47.1,148.1,75.6,129.0,16.1,5.8,-58.1,32.9,51.2,10.8,-62.0,-117.2,-78.8,0.9,-142.6,-12.1,111.4,77.8,136.7
749,-41.7,-25.9,89.3,109.6,156.6,37.7,-7.7,32.3,24.0,51.2,-20.5,-7.7,-28.6,18.9,10.1,-48.2,30.8,141.4,108.0,193.1
750,-2.6,13.4,83.1,151.4,183.2,64.5,-1.8,75.0,23.3,66.0,-22.0,41.9,47.5,68.5,8.6,12.8,70.2,153.5,124.3,228.6
751,68.0,92.1,191.2,210.1,207.8,102.3,46.0,14.1,40.3,112.6,40.8,81.1,96.5,13.5,-16.3,1.4,101.9,126.5,110.4,218.6
752,54.1,98.8,178.8,217.8,189.9,72.1,82.9,-17.7,37.0,116.0,21.3,58.4,83.8,-11.7,-30.1,-10.0,100.7,71.8,103.7,210.8
753,-9.1,63.7,96.0,195.9,147.2,2.3,113.3,-32.7,21.9,94.3,-46.2,-0.5,35.1,-19.7,-37.6,-21.5,80.2,1.0,101.2,204.3
754,-8.7,114.8,6.7,170.0,74.4,77.5,80.2,54.9,78.3,48.3,-8.8,52.7,11.8,23.1,33.4,40.6,46.3,52.7,168.8,220.3
755,-5.4,135.6,-15.2,160.0,43.8,132.4,47.8,134.0,106.8,32.1,25.8,104.0,22.1,70.5,92.9,89.8,46.3,113.2,220.3,223.2
756,-2.3,69.8,133.4,190.9,123.5,118.6,24.4,179.6,56.6,93.9,40.7,137.2,113.9,123.7,114.0,97.8,133.3,181.3,222.4,190.0
757,-18.9,35.5,102.0,145.0,140.5,51.0,36.1,103.1,46.7,53.0,33.0,117.2,134.1,114.1,12.7,66.3,141.3,139.8,161.8,168.5
758,-47.6,20.5,-40.2,52.0,118.9,-49.8,69.2,-48.5,61.6,-51.0,11.4,64.5,110.3,66.0,-163.8,10.7,100.6,30.9,62.7,154.2
759,-27.4,96.6,11.5,73.2,125.5,-40.5,18.4,7.9,92.1,34.7,17.3,49.8,67.4,137.1,-59.5,75.1,66.9,46.8,113.9,166.7
760,-19.6,116.5,47.3,84.8,98.8,-8.0,-19.4,38.6,79.6,67.1,13.0,19.1,14.1,125.6,43.1,93.9,29.3,48.5,130.8,147.3
761,-43.9,2.5,29.9,64.5,-4.8,66.3,-20.8,-7.0,-30.6,-37.2,-16.6,-50.6,-60.6,-81.0,116.6,0.0,-17.3,7.1,57.3,54.0
762,-44.2,-28.6,61.0,75.8,29.6,48.4,-23.1,10.2,-13.8,-15.1,-24.7,-75.2,-44.4,-78.8,64.9,-34.1,9.0,60.2,80.6,68.9
763,-29.7,-16.2,114.1,102.8,133.6,-13.4,-24.2,59.4,65.4,69.8,-21.5,-75.7,16.2,27.2,-47.8,-36.7,72.5,158.4,152.4,138.1
764,90.0,55.2,63.0,115.0,214.5,44.0,41.7,112.9,59.3,99.8,-4.4,-23.4,2.6,41.7,-64.4,12.7,137.8,145.4,200.3,182.8
765,117.6,85.4,32.9,119.0,213.9,40.2,46.6,100.9,19.8,60.9,-11.1,-18.5,-34.3,52.3,-65.3,39.2,135.1,117.3,180.3,180.6
766,1.5,51.4,35.7,110.0,86.2,-59.2,-43.9,-13.1,-71.8,-85.5,-54.6,-87.5,-107.3,57.1,-41.9,30.0,26.4,65.9,54.6,105.0
767,-137.4,0.5,-80.0,27.5,16.3,-160.7,-104.5,-72.3,-113.3,-113.3,-120.1,-75.2,-119.4,-2.2,-101.4,-85.4,-30.1,35.3,12.8,86.5
768,-237.6,-48.9,-178.9,-45.8,-7.0,-224.6,-139.2,-103.1,-124.2,-87.2,-173.7,-35.3,-115.6,-66.5,-167.1,-190.8,-50.8,18.9,1.4,87.4
769,-63.8,-57.7,43.7,73.5,141.4,-58.6,-73.6,-64.6,-44.4,40.9,-115.0,18.8,-130.1,-41.6,-115.5,-38.6,46.8,49.8,16.5,99.2
770,-31.0,-87.4,87.8,103.9,177.8,-8.5,-89.2,-55.4,-10.7,52.3,-82.8,-3.3,-112.3,-53.2,-86.6,-27.9,101.7,13.1,60.3,32.9
771,-124.1,-135.8,-27.4,54.8,114.3,-61.9,-177.4,-72.3,-18.2,-40.5,-74.3,-93.6,-65.7,-97.3,-78.2,-143.7,118.3,-84.1,129.6,-103.1
772,-43.3,-45.9,109.6,94.8,26.0,-35.5,-44.3,47.7,-16.7,-40.5,-37.8,-39.8,-27.8,-27.3,-130.8,-77.4,137.7,16.3,105.7,33.4
773,11.5,18.8,162.5,115.2,-13.3,-28.0,71.9,104.9,1.7,-29.0,-12.0,-8.4,5.3,17.5,-145.9,-23.9,100.2,95.5,86.7,135.4
774,-21.8,3.3,-12.4,76.9,57.2,-76.1,110.4,1.7,54.6,-10.5,-14.5,-52.1,29.7,-13.4,-69.0,-31.7,-60.3,92.4,95.7,112.2
775,-36.7,2.6,-12.0,51.8,114.7,-78.8,-15.4,-4.6,-65.2,-19.8,-51.3,-12.7,39.6,2.1,-77.9,-46.0,-44.4,98.4,101.7,57.6
776,-44.1,2.4,48.5,51.7,159.2,-56.4,-167.5,26.1,-216.5,-23.1,-85.3,48.6,44.5,53.1,-95.8,-54.8,32.7,111.8,111.2,14.1
777,-48.9,-32.4,59.9,182.4,150.8,16.2,-75.1,53.2,-134.3,83.6,-13.6,42.2,53.2,221.8,45.4,-9.9,64.4,150.7,151.9,123.3
778,-15.6,41.3,72.2,238.4,171.9,66.1,63.7,93.0,-14.2,142.1,58.4,70.0,69.3,265.8,128.4,66.1,137.5,168.4,197.9,183.5
779,49.1,204.6,85.2,233.0,217.3,97.2,240.7,143.2,137.4,161.0,130.5,125.8,91.8,206.8,163.4,167.8,244.8,168.5,248.2,203.2
780,-81.1,90.7,-30.6,116.4,119.2,-61.3,58.4,15.3,19.0,104.9,-10.1,59.0,-52.0,70.7,-48.5,76.6,112.4,109.5,151.9,102.0
