360,-83.7,47.0,-6.2,98.6,72.8,-38.2,52.9,45.2,42.7,55.0,-19.6,20.9,26.9,66.3,53.5,-45.7,82.8,93.9,194.4,244.2
361,-60.6,24.2,12.5,75.3,85.7,-48.5,26.4,37.4,38.0,86.0,-7.7,11.9,31.0,47.2,90.2,-32.0,89.3,110.6,213.6,260.7
362,-37.4,1.4,31.3,52.0,98.7,-58.8,-0.0,29.6,33.4,116.9,4.3,2.8,35.1,28.1,126.9,-18.4,95.8,127.3,232.8,277.2
363,-16.6,-10.7,42.1,39.5,97.0,-48.6,-9.3,11.4,35.2,113.7,4.2,1.2,30.2,26.3,124.9,-15.1,87.5,139.6,233.7,285.6
364,1.3,-8.6,42.6,41.4,76.0,-11.1,4.4,-20.9,45.5,64.9,-12.1,9.2,13.4,47.6,71.5,-25.7,59.6,145.9,210.1,283.4
365,19.1,-6.6,43.0,43.2,54.9,26.4,18.0,-53.2,55.8,16.1,-28.4,17.2,-3.4,68.9,18.1,-36.3,31.7,152.2,186.5,281.2
366,8.5,5.1,31.8,55.0,66.6,28.3,25.1,-39.4,56.4,30.9,-14.5,19.9,12.0,64.0,23.7,-27.5,35.8,141.2,175.6,259.1
367,-10.0,19.5,17.5,69.6,87.5,20.1,30.4,-12.7,54.2,63.7,7.9,21.0,36.4,51.6,45.9,-13.3,49.0,125.3,168.2,231.5
368,-23.3,30.3,8.5,83.1,104.4,9.9,34.7,11.9,54.7,96.4,25.0,23.1,57.1,38.3,68.0,0.1,62.9,114.4,162.7,209.3
369,-3.5,17.9,34.4,90.1,95.3,-13.1,32.7,22.1,72.6,127.7,8.2,31.4,53.6,18.7,88.8,8.7,82.2,136.3,168.6,221.9
370,16.4,5.4,60.3,97.0,86.3,-36.2,30.7,32.3,90.5,159.0,-8.6,39.6,50.1,-1.0,109.6,17.2,101.4,158.1,174.5,234.5
371,26.6,8.6,75.5,95.3,92.8,-31.0,32.4,35.6,91.7,153.6,-11.7,42.5,58.8,11.4,112.8,22.6,119.4,169.5,172.7,238.0
372,26.8,27.7,79.5,84.6,115.4,3.3,37.9,31.8,75.9,110.3,-0.9,39.7,79.9,57.0,98.0,24.6,136.2,170.2,162.9,232.2
373,27.0,46.9,83.5,74.0,138.0,37.5,43.4,27.9,60.0,67.1,9.9,37.0,101.0,102.5,83.1,26.7,152.9,170.9,153.1,226.3
374,21.5,40.2,87.2,77.2,150.8,44.0,47.0,29.0,70.1,77.4,29.6,25.7,84.3,108.9,79.7,25.3,123.5,163.7,168.6,233.9
375,15.0,29.0,90.9,82.7,161.9,45.8,50.4,30.9,84.6,96.8,50.9,13.0,61.1,108.7,78.1,23.3,86.2,155.1,188.4,243.8
376,10.1,22.2,90.6,84.5,161.1,38.1,49.0,34.5,92.9,114.1,61.1,5.7,40.7,103.0,78.4,18.5,58.9,145.9,202.6,247.7
377,10.4,30.9,76.2,72.8,117.8,-3.6,31.0,44.1,79.2,123.4,31.9,17.4,29.6,77.9,85.0,3.8,66.7,134.7,196.6,230.4
378,10.8,39.6,61.8,61.1,74.6,-45.3,12.9,53.8,65.5,132.8,2.7,29.1,18.6,52.8,91.7,-11.0,74.5,123.4,190.5,213.2
379,3.4,37.0,63.8,57.3,62.6,-48.4,15.1,53.8,57.6,115.9,8.4,21.0,12.8,38.0,87.1,-1.4,76.3,108.4,178.7,214.6
380,-9.4,26.4,77.2,59.1,72.3,-24.6,31.5,47.1,53.9,80.8,38.3,-0.9,10.7,30.4,74.6,25.0,74.1,90.7,162.8,228.9
381,-22.1,15.8,90.6,60.8,82.1,-0.9,48.0,40.4,50.1,45.6,68.2,-22.8,8.6,22.8,62.2,51.4,71.8,72.9,146.8,243.3
382,-20.9,28.8,99.2,70.5,98.4,22.5,44.6,42.1,63.7,73.1,32.4,-16.1,9.8,47.2,66.5,40.9,68.9,106.6,164.2,252.4
383,-19.2,42.7,107.7,80.5,114.9,45.8,40.4,44.2,77.9,103.1,-5.9,-8.3,11.3,72.9,71.5,28.9,66.0,142.3,182.9,261.3
384,-19.8,47.5,106.1,76.2,121.9,52.1,30.8,41.0,79.9,119.8,-29.2,-2.6,13.6,77.6,68.7,19.3,57.4,152.7,193.6,264.8
385,-25.3,34.5,85.0,43.9,110.2,25.1,10.6,27.2,57.8,110.3,-23.1,-1.0,17.8,41.5,50.7,14.2,37.4,113.8,188.7,257.7
386,-30.7,21.6,63.9,11.7,98.5,-1.8,-9.6,13.4,35.8,100.9,-17.0,0.5,21.9,5.4,32.8,9.0,17.5,74.8,183.8,250.7
387,-27.8,24.2,59.4,15.9,88.8,-17.1,-9.4,14.5,38.1,94.5,-6.8,-8.3,22.9,-7.9,38.3,-0.3,23.5,78.3,181.6,246.0
388,-21.6,32.9,61.4,34.3,79.9,-27.9,-1.3,21.4,49.8,89.2,4.9,-21.1,22.6,-12.4,52.9,-11.3,39.7,98.3,180.4,242.1
389,-15.7,40.6,62.3,51.8,74.3,-36.0,6.4,28.1,61.0,82.4,16.1,-30.4,26.1,-12.2,64.9,-21.5,54.0,118.6,179.7,239.2
390,-13.0,39.5,53.9,61.1,97.8,-22.2,10.4,32.8,67.5,62.5,22.3,-9.5,62.0,27.5,55.1,-25.4,52.8,141.2,182.9,244.5
391,-10.4,38.5,45.5,70.3,121.2,-8.3,14.4,37.5,74.0,42.7,28.5,11.5,98.0,67.2,45.3,-29.4,51.6,163.8,186.0,249.8
392,2.6,55.2,49.8,87.3,136.0,0.4,17.4,40.1,80.1,48.4,41.3,25.6,100.8,77.8,48.3,-26.7,62.8,166.0,194.2,259.1
393,26.3,90.5,67.0,112.2,141.7,3.9,19.3,40.5,85.8,80.5,60.9,32.7,69.5,58.2,64.5,-17.1,86.8,147.3,207.6,272.6
394,49.9,125.7,84.2,137.2,147.4,7.3,21.2,40.9,91.6,112.5,80.5,39.8,38.2,38.6,80.7,-7.5,110.8,128.6,221.0,286.2
395,38.2,86.4,74.4,128.6,133.5,10.4,13.4,34.4,77.7,98.8,55.2,31.1,32.4,22.2,78.8,-26.2,93.2,128.5,218.0,275.7
396,21.8,37.3,60.9,115.5,117.0,13.5,4.3,27.1,61.1,79.1,24.1,20.4,29.9,6.3,74.5,-48.5,70.1,130.8,212.9,262.1
397,6.3,8.5,50.7,105.5,109.4,23.7,2.1,25.3,47.2,63.5,2.7,17.0,30.1,6.6,74.9,-59.4,62.0,129.0,210.4,254.7
398,-7.0,31.7,48.6,103.5,124.6,52.3,17.5,37.8,39.8,58.5,6.5,32.6,37.2,49.0,87.4,-40.8,92.4,116.4,214.4,263.3
399,-20.2,55.0,46.4,101.4,139.8,81.0,33.0,50.3,32.5,53.4,10.2,48.2,44.4,91.4,99.9,-22.2,122.7,103.9,218.4,272.0
400,-32.5,41.4,42.2,90.5,122.5,55.9,30.3,35.4,20.5,47.0,6.6,28.9,17.9,77.3,81.3,-32.2,98.1,92.7,198.1,257.3
401,-44.3,10.4,36.9,75.2,90.0,5.5,19.0,7.6,6.3,40.0,-0.4,-7.0,-24.5,36.6,48.1,-55.6,47.5,82.2,166.4,231.7
402,-54.1,-18.0,33.0,62.4,61.7,-40.7,9.3,-16.2,-5.6,34.4,-7.9,-38.9,-59.2,-0.6,17.1,-75.3,3.7,74.8,140.0,211.4
403,-41.5,-19.0,43.3,75.0,79.4,-41.0,15.3,4.2,7.8,44.9,-19.9,-28.9,-10.0,0.1,11.0,-52.9,34.7,101.0,172.7,249.0
404,-28.9,-19.9,53.6,87.7,97.1,-41.2,21.4,24.6,21.2,55.3,-32.0,-18.9,39.2,0.8,4.8,-30.5,65.7,127.1,205.4,286.6
405,-12.7,-4.5,60.5,100.3,119.7,-33.7,23.3,37.4,32.5,55.3,-25.4,-4.5,63.0,12.3,14.0,-9.5,92.8,145.4,223.0,308.2
406,7.2,28.0,63.8,112.7,147.4,-18.0,21.0,42.5,41.6,44.4,0.4,14.6,60.6,35.0,38.9,10.1,115.8,155.5,224.9,313.3
407,27.2,60.4,67.1,125.2,175.0,-2.4,18.7,47.6,50.7,33.5,26.2,33.7,58.2,57.7,63.9,29.6,138.8,165.7,226.7,318.4
408,11.4,72.2,89.5,127.8,186.5,5.7,42.2,38.7,76.1,41.6,43.2,26.6,59.0,64.6,58.6,19.5,134.1,167.4,241.6,321.8
409,-8.2,81.8,113.9,129.3,196.3,12.9,68.5,28.3,103.2,51.7,59.2,16.8,60.2,69.9,50.1,6.2,126.4,168.1,257.9,324.9
410,-14.9,88.7,131.7,136.7,209.6,14.9,85.2,27.2,117.1,70.5,62.6,10.1,61.5,69.1,51.4,-3.1,118.5,171.7,271.1,330.7
411,5.8,90.0,135.5,156.4,230.4,5.8,81.7,45.9,102.7,108.1,39.3,10.2,63.2,55.5,73.9,-4.1,110.5,181.2,277.7,342.3
412,26.4,91.3,139.2,176.1,251.3,-3.4,78.3,64.7,88.3,145.7,16.0,10.2,65.0,42.0,96.3,-5.1,102.5,190.7,284.3,353.8
413,27.7,73.4,125.3,167.7,271.5,-16.2,50.9,48.0,65.8,117.3,-4.1,2.3,35.9,43.2,83.7,-14.7,87.4,179.4,287.6,372.9
414,22.2,48.8,105.2,149.4,291.4,-30.3,15.1,18.8,40.5,65.6,-23.0,-8.5,-4.0,49.7,58.7,-27.4,69.8,160.7,289.7,394.5
415,17.4,34.8,97.9,147.7,313.3,-35.3,-9.9,-1.7,25.9,29.0,-32.9,-13.9,-28.7,61.4,44.1,-33.5,64.1,156.3,300.7,423.6
416,16.4,75.4,156.7,231.2,344.8,6.6,20.5,22.5,66.4,69.7,3.9,7.9,24.3,99.9,82.7,-6.3,119.3,224.9,356.9,490.7
417,15.3,116.0,215.5,314.7,376.4,48.4,50.9,46.6,106.9,110.4,40.6,29.6,77.2,138.4,121.3,20.9,174.4,293.4,413.0,557.8
418,4.0,124.4,248.6,351.9,416.6,56.7,60.0,53.1,112.9,124.9,38.4,42.5,89.4,130.2,146.9,26.2,194.8,334.3,454.0,601.8
419,-14.4,110.7,264.0,357.1,462.7,41.8,54.3,47.4,95.2,121.4,9.3,49.2,73.5,89.7,163.6,16.3,191.1,356.2,484.6,629.8
420,-31.9,98.0,279.8,364.0,509.8,27.4,48.8,41.8,78.1,117.2,-19.0,55.3,57.8,49.9,179.2,6.8,187.8,378.1,516.0,659.8
421,-8.4,126.3,309.4,433.9,593.5,33.1,48.1,39.7,84.5,88.4,-14.6,35.5,51.7,38.8,150.9,8.6,199.9,405.2,580.9,773.2
422,15.1,154.6,338.9,503.9,677.2,38.8,47.5,37.6,90.8,59.6,-10.2,15.7,45.5,27.6,122.7,10.4,212.1,432.2,645.8,886.6
423,20.2,188.5,389.0,589.1,779.2,41.7,52.1,49.1,94.1,52.2,-3.9,6.4,44.0,43.9,112.6,6.2,234.1,483.8,721.4,999.9
424,3.7,228.9,463.0,692.3,902.6,41.4,62.9,76.3,93.8,69.9,4.7,9.4,47.8,92.3,123.9,-4.9,267.8,564.0,809.6,1113.2
425,-12.8,269.4,537.1,795.5,1026.0,41.0,73.7,103.6,93.5,87.7,13.2,12.4,51.6,140.8,135.2,-16.1,301.4,644.3,897.8,1226.4
426,3.1,306.4,632.4,944.5,1263.2,26.0,67.1,89.0,97.9,110.9,20.0,1.6,43.4,120.2,145.8,0.7,352.5,747.3,1088.7,1461.9
427,22.4,343.1,730.1,1098.6,1512.7,9.4,58.6,69.9,102.8,134.7,26.6,-10.6,33.9,92.1,156.3,20.5,405.5,852.8,1290.8,1710.7
428,30.2,399.0,849.8,1278.9,1778.6,1.5,47.5,56.4,98.3,150.8,35.6,-8.3,34.2,70.7,161.7,33.6,471.5,972.8,1502.2,1974.2
429,16.2,491.0,1011.3,1508.7,2075.2,10.2,31.5,53.4,76.3,152.5,49.3,21.5,52.8,61.9,157.6,34.0,562.0,1120.0,1731.2,2265.3
430,2.2,583.0,1172.8,1738.5,2371.7,18.9,15.6,50.3,54.3,154.1,62.9,51.2,71.4,53.1,153.5,34.4,652.6,1267.3,1960.2,2556.5
431,4.0,700.0,1391.1,2103.1,2862.8,36.5,17.4,49.8,79.7,141.1,46.3,63.6,89.8,109.1,161.7,29.1,780.3,1514.5,2315.3,3081.1
432,9.9,823.3,1623.9,2502.2,3403.7,56.2,23.9,49.8,117.1,124.2,21.8,71.5,108.2,181.6,173.0,22.3,917.5,1787.4,2702.7,3665.4
433,10.6,960.7,1911.1,2975.3,4026.6,64.0,26.7,52.0,140.9,113.4,2.0,76.4,118.7,225.3,185.1,11.7,1062.3,2101.2,3163.8,4328.2
434,-4.1,1140.1,2361.4,3670.4,4895.6,35.7,18.6,60.5,123.7,120.8,-4.1,72.8,105.7,182.1,199.9,-10.6,1230.1,2538.0,3846.3,5226.7
435,-18.9,1319.4,2811.7,4365.5,5764.5,7.4,10.5,69.1,106.5,128.1,-10.2,69.1,92.6,139.0,214.7,-32.9,1397.9,2974.7,4528.9,6125.2
436,-12.7,1574.1,3369.5,5157.1,6843.6,2.0,19.3,80.4,94.2,143.0,-6.0,61.8,117.3,142.1,220.4,-26.8,1668.5,3520.3,5394.4,7230.4
437,2.1,1859.9,3971.6,5988.4,8009.4,6.1,35.1,92.8,83.9,161.1,2.5,53.0,157.6,164.3,222.3,-9.0,1981.6,4110.7,6335.5,8420.8
438,17.2,2166.1,4605.6,6889.7,9261.2,13.5,47.7,105.3,77.5,170.9,10.0,46.4,188.2,182.5,223.8,7.3,2309.9,4742.8,7319.5,9691.5
439,33.4,2571.8,5394.7,8131.9,10932.3,37.2,44.8,117.6,90.1,140.6,12.5,50.9,171.9,181.2,223.6,15.7,2712.9,5577.3,8512.4,11352.8
440,49.6,2977.4,6183.8,9374.1,12603.5,60.9,41.9,130.0,102.7,110.3,15.1,55.4,155.6,179.9,223.5,24.0,3115.9,6411.8,9705.3,13014.0
441,57.9,3477.2,7210.0,10956.8,14738.6,61.4,52.5,148.4,113.6,115.1,15.2,62.5,147.0,192.9,240.9,36.7,3606.7,7463.3,11272.1,15141.7
442,61.7,4030.5,8371.3,12733.4,17137.8,48.6,70.8,170.2,123.7,139.8,13.9,71.2,142.7,214.0,268.5,51.8,4147.5,8638.3,13051.6,17535.0
443,67.6,4600.5,9570.6,14564.9,19601.7,37.4,88.2,187.7,134.2,165.1,12.6,80.5,141.8,233.6,297.3,64.5,4709.3,9857.0,14892.6,19993.5
444,90.4,5308.0,11082.6,16847.7,22596.9,38.6,97.7,169.8,148.7,194.7,10.5,94.3,168.1,240.7,337.0,56.9,5444.2,11435.5,17238.2,22988.4
445,113.2,6015.4,12594.6,19130.5,25592.1,39.8,107.2,152.0,163.2,224.3,8.5,108.1,194.4,247.8,376.8,49.4,6179.2,13013.9,19583.7,25983.4
446,109.6,6733.5,14105.2,21368.9,28539.9,49.8,112.7,142.5,163.7,217.1,16.2,117.7,204.0,257.2,389.8,66.5,6915.7,14533.5,21865.4,28958.4
447,87.2,7459.0,15614.9,23575.7,31454.0,66.0,115.4,139.1,154.1,183.7,30.9,124.2,201.7,268.1,383.7,101.3,7653.4,16011.4,24101.6,31919.2
448,66.9,8188.6,17130.8,25797.4,34376.4,80.9,118.0,135.9,145.5,154.7,46.3,130.8,200.1,279.6,377.8,132.3,8395.6,17498.1,26344.5,34883.6
449,77.1,8977.3,18736.7,28236.8,37420.4,74.6,118.4,137.6,149.8,190.2,73.4,137.9,210.0,300.7,374.3,108.2,9204.0,19114.9,28683.8,37900.1
450,87.2,9765.9,20342.6,30676.2,40464.4,68.3,118.8,139.3,154.2,225.8,100.5,145.1,219.9,321.8,370.9,84.2,10012.4,20731.6,31023.1,40916.7
451,99.3,10493.5,21877.1,32936.7,43337.7,71.9,140.0,145.6,169.6,250.7,105.9,158.8,228.7,328.4,373.9,88.8,10752.7,22284.3,33284.4,43755.9
452,112.9,11170.9,23353.1,35050.2,46070.8,83.5,178.2,155.6,194.2,266.9,93.4,177.8,236.5,322.9,382.4,117.0,11437.0,23784.4,35481.8,46449.4
453,126.1,11829.9,24788.1,37104.7,48723.5,95.4,214.1,165.1,217.5,281.4,81.4,195.5,243.6,317.7,389.5,143.5,12103.4,25243.5,37618.9,49066.1
454,129.9,12026.1,25190.1,37670.4,49355.1,111.4,192.4,159.5,207.7,253.3,81.2,180.8,233.2,316.8,362.3,127.0,12317.6,25671.7,38240.6,49744.6
455,133.6,12222.4,25592.1,38236.2,49986.6,127.4,170.7,153.9,197.8,225.2,81.1,166.0,222.8,316.0,335.1,110.6,12531.7,26099.8,38862.2,50423.1
456,119.4,12325.3,25832.5,38597.0,50324.4,129.1,150.6,146.1,197.7,216.1,90.7,157.7,208.1,311.2,328.5,95.6,12650.9,26327.8,39215.4,50805.9
457,89.5,12346.0,25930.8,38777.5,50403.9,118.3,131.7,136.3,206.2,223.8,108.8,155.0,189.7,303.0,340.1,82.0,12686.6,26379.5,39332.5,50928.5
458,61.1,12356.3,26003.1,38918.2,50440.7,107.8,113.8,127.5,215.2,231.8,126.2,152.3,172.1,294.2,350.9,69.5,12710.2,26407.2,39414.1,51004.1
459,83.4,12031.9,25239.4,37782.3,49109.8,105.6,124.5,155.1,244.6,255.2,117.9,151.9,181.8,264.9,339.3,94.3,12344.1,25665.6,38357.1,49573.7
460,105.7,11707.4,24475.7,36646.3,47778.8,103.4,135.2,182.6,273.9,278.5,109.5,151.4,191.5,235.6,327.7,119.2,11978.1,24924.0,37300.2,48143.3
461,107.7,11300.8,23592.3,35353.3,46148.2,92.3,132.1,191.1,276.0,287.6,102.4,146.6,191.3,214.1,308.4,125.1,11556.4,24052.6,36015.8,46472.4
462,91.9,10822.3,22604.2,33922.8,44255.1,73.4,116.7,182.7,254.4,284.0,96.2,137.9,182.5,199.4,282.3,114.5,11086.2,23067.7,34532.2,44590.8
463,76.4,10338.5,21607.8,32477.8,42347.9,56.3,102.7,175.4,234.2,281.4,90.4,129.2,173.4,186.8,256.6,103.8,10612.0,22074.5,33037.2,42698.8
464,68.1,9731.2,20413.7,30691.6,40110.3,78.3,120.5,192.6,246.9,301.3,91.2,121.1,155.8,224.2,238.9,92.3,10045.9,20889.2,31272.4,40560.2
465,59.8,9123.9,19219.6,28905.3,37872.7,100.4,138.3,209.7,259.6,321.1,92.0,113.0,138.2,261.7,221.2,80.8,9479.8,19703.8,29507.7,38421.5
466,44.8,8562.7,18057.2,27184.8,35641.6,94.3,140.7,236.5,293.2,365.6,82.7,103.8,130.8,247.0,204.7,85.2,8897.5,18548.1,27794.4,36236.2
467,24.4,8038.8,16920.4,25517.2,33415.6,65.3,130.5,271.2,343.7,430.0,65.2,93.7,131.4,190.1,189.0,102.3,8302.0,17416.4,26122.8,34013.3
468,7.1,7522.8,15801.5,23871.8,31222.8,38.4,124.3,305.4,396.2,496.9,48.9,84.5,131.6,137.0,175.0,115.7,7721.1,16302.7,24480.8,31829.1
469,32.1,7111.4,14921.3,22519.4,29469.5,38.7,171.0,332.1,476.1,596.4,49.1,87.3,124.3,133.1,183.6,79.4,7332.0,15429.4,23232.1,30160.7
470,57.1,6700.1,14041.0,21167.0,27716.1,38.9,217.8,358.8,556.0,696.0,49.4,90.1,117.1,129.3,192.2,43.1,6942.9,14556.0,21983.3,28492.3
471,58.1,6278.1,13146.5,19824.2,25971.8,43.3,262.6,440.5,681.1,865.6,45.6,92.5,107.0,129.9,180.8,34.0,6570.3,13781.0,20768.6,26995.4
472,42.4,5848.9,12242.3,18488.0,24233.8,50.6,306.1,560.2,837.3,1083.7,39.0,94.7,95.0,133.5,155.6,43.8,6208.9,13073.7,19577.4,25616.8
473,28.5,5426.0,11351.0,17167.0,22516.1,56.5,354.5,687.5,1008.4,1324.3,33.6,95.0,84.2,136.8,132.0,49.9,5857.1,12369.1,18417.7,24250.9
474,27.8,5050.9,10556.9,15959.0,20950.1,52.0,438.9,871.3,1290.9,1733.0,36.8,82.1,82.2,137.8,121.0,29.0,5576.6,11683.9,17492.9,22980.1
475,27.1,4675.8,9762.8,14751.0,19384.1,47.6,523.3,1055.0,1573.5,2141.6,40.0,69.1,80.3,138.7,110.0,8.1,5296.1,10998.7,16568.1,21709.4
476,37.1,4311.6,9001.9,13575.1,17845.2,39.1,638.2,1264.6,1896.2,2570.0,45.8,63.6,87.5,123.0,120.3,5.7,5032.0,10413.0,15728.5,20577.8
477,52.7,3953.3,8259.0,12416.6,16320.9,28.3,769.6,1488.1,2240.7,3009.0,52.8,62.1,99.7,98.3,142.1,13.3,4776.7,9881.0,14934.8,19521.3
478,60.4,3605.9,7543.4,11302.6,14853.0,18.5,897.3,1714.2,2584.7,3455.3,55.9,55.6,109.6,79.3,154.9,18.7,4535.4,9384.9,14180.4,18529.1
479,33.4,3306.6,6948.0,10384.2,13633.5,13.2,1008.7,1951.5,2926.4,3933.5,41.5,26.8,109.7,85.4,128.2,14.6,4355.8,9047.1,13598.9,17819.3
480,6.3,3007.3,6352.6,9465.7,12414.0,7.9,1120.0,2188.8,3268.2,4411.7,27.0,-2.0,109.8,91.5,101.5,10.5,4176.1,8709.3,13017.4,17109.5
481,1.5,2761.1,5835.8,8728.0,11423.7,10.4,1239.4,2454.0,3661.7,4947.2,20.0,1.0,100.2,106.3,102.0,15.7,4050.6,8459.9,12657.6,16641.3
482,5.2,2535.0,5348.5,8058.5,10519.8,15.7,1361.9,2729.8,4074.7,5504.4,15.8,15.8,86.8,124.3,112.7,24.2,3945.5,8243.8,12381.5,16264.2
483,9.8,2329.9,4884.6,7406.4,9652.0,17.2,1474.3,2986.0,4463.9,6028.6,9.6,26.5,75.4,130.8,120.4,27.6,3846.1,8036.9,12101.9,15892.3
484,17.2,2181.2,4483.0,6801.0,8881.0,8.2,1559.7,3189.3,4789.3,6464.4,-1.6,26.0,69.2,106.3,119.8,17.2,3761.9,7854.7,11813.0,15534.4
485,24.6,2032.6,4081.4,6195.5,8110.0,-0.8,1645.2,3392.7,5114.7,6900.2,-12.9,25.5,63.0,81.9,119.3,6.7,3677.7,7672.5,11524.1,15176.4
486,48.0,1873.0,3789.8,5730.9,7495.5,28.6,1738.2,3584.8,5409.0,7290.1,3.3,35.8,74.1,83.4,122.0,7.1,3632.2,7547.1,11332.8,14959.5
487,74.8,1711.0,3522.0,5296.7,6914.7,66.4,1832.9,3774.4,5696.5,7670.0,25.4,48.6,88.9,90.5,125.4,9.9,3595.0,7434.0,11162.6,14772.9
488,81.1,1583.8,3298.0,4941.2,6441.1,89.2,1941.6,4000.1,6031.0,8119.7,39.2,59.1,100.1,101.3,133.8,15.7,3588.0,7405.8,11116.5,14753.2
489,53.6,1514.0,3146.2,4715.4,6143.8,87.6,2073.5,4285.0,6443.0,8684.3,39.3,65.9,105.3,118.1,150.6,26.3,3630.6,7517.5,11274.8,15008.1
490,26.1,1444.3,2994.4,4489.6,5846.5,85.9,2205.4,4569.9,6855.0,9248.9,39.3,72.8,110.5,134.9,167.3,36.9,3673.2,7629.2,11433.1,15263.0
491,25.4,1362.2,2809.3,4230.6,5481.4,56.5,2300.7,4769.5,7182.3,9710.4,26.9,49.5,108.9,100.0,149.8,39.8,3701.0,7686.4,11528.0,15373.2
492,26.5,1279.4,2622.0,3969.4,5111.7,25.2,2393.5,4963.5,7504.0,10165.2,13.5,24.2,106.9,61.8,130.0,42.2,3727.9,7740.1,11618.7,15473.7
493,33.0,1207.3,2481.0,3746.2,4808.4,16.1,2522.0,5193.7,7848.5,10629.7,8.2,23.8,94.9,47.3,121.0,50.1,3782.8,7815.1,11766.9,15658.1
494,44.7,1145.8,2385.7,3560.5,4570.4,28.9,2685.4,5459.6,8215.5,11104.0,10.7,48.0,72.9,56.3,122.5,63.5,3865.3,7911.0,11971.8,15925.0
495,54.8,1084.2,2286.1,3376.4,4334.7,40.2,2843.1,5724.2,8586.1,11584.8,13.0,70.7,52.6,66.2,123.8,74.7,3946.2,8013.6,12178.4,16196.5
496,43.7,1020.5,2131.4,3212.8,4127.2,33.7,2929.0,5971.8,9001.8,12147.2,13.1,76.2,52.9,86.1,121.4,57.3,4007.2,8200.2,12407.6,16525.2
497,32.7,956.8,1976.6,3049.2,3919.7,27.1,3014.9,6219.5,9417.4,12709.7,13.2,81.7,53.3,106.1,119.1,39.9,4068.3,8386.7,12636.8,16853.9
498,31.8,910.3,1887.1,2911.0,3740.6,18.8,3146.4,6526.1,9879.7,13298.0,15.8,82.5,63.8,103.8,109.6,34.2,4163.6,8603.9,12947.5,17247.0
499,36.4,873.1,1832.9,2786.5,3577.0,9.4,3302.6,6864.5,10367.2,13900.2,19.9,80.7,79.8,89.5,96.2,34.7,4277.6,8837.5,13302.4,17675.0
500,43.1,841.3,1773.0,2660.0,3416.2,14.2,3458.5,7190.1,10849.4,14510.9,22.5,75.0,95.7,83.5,95.3,37.8,4389.3,9065.5,13648.3,18112.0
501,57.3,827.7,1693.9,2527.1,3265.4,66.2,3613.8,7472.8,11313.9,15150.5,20.0,56.3,111.2,105.5,136.4,49.4,4493.8,9274.3,13964.4,18579.3
502,71.4,814.1,1614.7,2394.2,3114.6,118.2,3769.0,7755.5,11778.4,15790.0,17.6,37.6,126.8,127.5,177.5,61.1,4598.4,9483.2,14280.5,19046.6
503,51.2,778.1,1535.3,2285.6,2961.5,95.1,3951.9,8140.4,12378.8,16611.1,25.0,49.5,105.6,137.2,156.2,42.4,4745.4,9820.8,14779.0,19680.1
504,23.3,737.0,1455.9,2182.5,2807.8,55.0,4141.2,8548.6,13010.2,17473.5,34.6,68.4,76.0,144.1,120.7,16.9,4902.0,10187.8,15319.0,20351.3
505,9.0,695.9,1375.4,2079.1,2668.7,25.3,4329.4,8948.5,13633.2,18307.2,34.0,71.9,52.7,134.9,106.8,2.0,5061.5,10520.2,15818.3,21014.7
506,14.8,654.8,1293.5,1975.2,2551.0,10.9,4515.9,9336.2,14244.0,19099.2,18.4,52.9,38.6,102.1,124.6,2.7,5225.2,10802.0,16258.0,21666.3
507,20.6,613.7,1211.5,1871.4,2433.2,-3.4,4702.4,9723.9,14854.6,19891.0,2.7,34.0,24.5,69.3,142.4,3.4,5388.8,11083.9,16697.8,22317.8
508,20.7,587.0,1134.2,1760.8,2244.5,2.0,4870.9,10096.5,15336.0,20583.8,6.3,32.5,40.6,66.1,153.4,7.9,5520.4,11387.7,17127.6,22842.2
509,20.9,560.3,1057.0,1650.1,2055.8,7.4,5039.4,10469.2,15817.4,21276.7,9.9,31.0,56.6,63.0,164.5,12.4,5651.9,11691.6,17557.4,23366.7
510,28.3,519.2,989.7,1535.1,1897.2,28.6,5184.0,10750.2,16234.4,21798.7,13.7,44.7,73.1,87.4,162.6,20.7,5772.9,11893.2,17876.6,23744.5
511,40.6,468.4,929.1,1417.1,1758.5,60.1,5312.6,10970.7,16608.9,22207.6,17.6,68.4,89.9,130.0,152.3,31.5,5886.9,12027.2,18122.5,24025.2
512,49.7,421.0,863.1,1299.3,1617.0,80.9,5428.9,11187.5,16964.7,22618.9,24.1,86.0,101.9,163.4,137.7,39.2,5977.2,12161.3,18347.4,24290.6
513,47.1,386.4,776.5,1181.9,1464.6,60.7,5497.6,11390.3,17249.0,23039.5,40.4,80.3,95.3,161.4,107.1,35.1,5977.0,12295.7,18491.7,24497.4
514,44.4,351.8,690.0,1064.6,1312.3,40.4,5566.3,11593.2,17533.2,23460.1,56.7,74.5,88.8,159.3,76.4,31.1,5976.9,12430.1,18636.0,24704.2
515,51.9,309.0,620.7,957.5,1197.4,22.2,5679.2,11786.2,17828.4,23889.6,45.7,76.1,103.3,144.8,109.8,42.2,6063.2,12570.9,18862.7,25017.2
516,61.6,264.4,555.1,852.7,1090.9,4.5,5801.8,11976.9,18125.9,24321.1,28.5,79.4,122.4,127.5,157.4,56.7,6168.6,12713.0,19107.6,25353.8
517,63.5,232.6,500.8,756.1,978.5,2.0,5896.8,12170.2,18368.7,24676.3,19.4,79.6,130.0,123.5,179.9,58.7,6240.7,12830.8,19316.8,25626.5
518,55.0,217.4,461.1,670.1,858.5,19.2,5955.8,12366.9,18540.4,24932.4,21.0,75.8,122.6,136.6,169.8,44.5,6269.6,12917.1,19479.8,25816.2
519,47.2,203.0,422.0,586.7,741.8,36.5,6012.5,12551.8,18707.1,25176.0,24.7,72.4,115.4,149.1,161.4,31.0,6296.2,12997.9,19628.9,25992.7
520,50.5,202.6,392.5,546.6,680.7,54.4,6031.2,12538.8,18791.1,25212.0,64.7,73.1,110.8,150.8,180.8,30.4,6286.0,12986.4,19546.1,25946.9
521,53.8,202.2,363.1,506.5,619.7,72.3,6049.9,12525.8,18875.1,25248.0,104.8,73.8,106.2,152.6,200.3,29.9,6275.9,12974.8,19463.3,25901.1
522,52.8,179.7,324.2,443.4,555.6,61.5,6086.8,12542.8,18945.7,25299.2,90.3,72.6,100.3,139.8,195.0,38.6,6276.2,12971.0,19454.7,25869.8
523,49.6,146.8,280.8,369.6,490.1,37.5,6132.1,12573.7,19010.2,25357.5,50.5,70.6,93.7,120.3,178.3,51.6,6281.4,12970.9,19480.6,25845.2
524,50.5,122.1,243.6,309.1,434.3,31.8,6163.4,12612.2,19085.3,25431.2,27.0,67.7,88.2,111.9,166.0,60.1,6289.7,12984.3,19502.1,25846.5
525,60.3,115.3,219.5,277.7,399.6,65.9,6164.0,12667.0,19183.5,25538.3,38.8,63.0,85.3,127.7,163.1,58.9,6304.8,13027.1,19513.8,25903.7
526,70.0,108.5,195.4,246.3,364.9,100.1,6164.6,12721.8,19281.8,25645.4,50.5,58.4,82.4,143.5,160.2,57.8,6319.9,13070.0,19525.6,25960.9
527,55.3,102.8,186.8,261.2,346.3,93.2,6176.2,12776.1,19310.0,25691.4,56.9,66.7,101.9,152.6,177.5,44.8,6318.6,13062.1,19545.6,25994.8
528,39.5,97.2,178.9,278.4,328.5,84.2,6188.4,12830.4,19334.7,25734.4,63.0,75.6,122.4,161.4,195.9,31.2,6316.5,13051.7,19566.0,26027.5
529,31.3,88.8,172.9,254.2,284.1,70.6,6202.2,12889.3,19422.4,25871.0,49.7,62.1,117.2,155.6,191.8,31.2,6320.3,13107.4,19644.7,26138.5
530,28.5,78.5,168.4,201.6,221.7,53.7,6217.2,12951.4,19552.8,26071.3,23.3,33.3,94.3,139.8,172.6,40.6,6328.2,13208.0,19763.0,26302.8
531,27.1,68.1,162.6,161.1,175.9,39.7,6244.0,13017.0,19676.4,26261.8,8.0,14.4,79.8,125.5,161.1,48.4,6342.5,13295.8,19889.0,26457.5
532,30.4,57.2,152.9,157.7,182.1,34.3,6307.8,13093.4,19778.5,26421.7,27.2,26.2,91.5,115.6,173.8,51.5,6377.1,13343.3,20038.6,26582.2
533,33.6,46.3,143.1,154.3,188.2,29.0,6371.6,13169.7,19880.7,26581.6,46.5,38.1,103.2,105.8,186.5,54.6,6411.7,13390.9,20188.1,26707.0
534,11.2,52.1,109.0,126.8,148.5,40.1,6364.7,13208.9,19927.8,26570.5,28.4,52.1,106.2,111.4,166.5,33.1,6434.5,13432.1,20225.3,26757.7
535,-14.3,59.9,72.0,96.6,103.4,53.0,6349.5,13243.9,19968.6,26539.8,5.9,66.4,108.1,118.7,142.7,8.7,6455.9,13472.7,20249.4,26799.8
536,-6.2,68.3,62.1,97.2,93.4,55.0,6330.5,13187.3,19905.7,26364.1,10.0,69.5,103.5,123.0,136.6,19.1,6431.2,13399.7,20122.1,26668.7
537,28.8,77.2,74.1,122.5,111.5,48.2,6308.5,13057.4,19759.6,26072.3,35.3,63.8,93.7,124.7,144.7,57.5,6369.5,13235.8,19873.2,26398.8
538,55.6,80.0,88.1,138.2,120.7,40.9,6285.8,12942.0,19637.8,25835.7,50.2,61.5,88.5,128.9,158.2,82.8,6320.9,13103.8,19676.8,26151.5
539,53.5,61.1,109.6,119.8,97.9,31.9,6261.0,12878.9,19602.1,25796.0,27.6,71.4,99.6,141.9,191.3,61.7,6318.4,13085.3,19667.8,25985.1
540,51.3,42.3,131.1,101.4,75.1,22.9,6236.1,12815.7,19566.5,25756.4,5.0,81.2,110.8,154.8,224.4,40.6,6315.9,13066.8,19658.7,25818.7
541,55.9,46.1,100.9,100.9,71.3,31.9,6160.5,12678.2,19318.2,25400.8,11.9,94.6,119.4,168.9,222.3,45.9,6251.3,12947.2,19437.6,25557.0
542,61.4,52.7,64.2,102.7,69.8,43.2,6078.4,12531.3,19043.3,25005.6,22.6,108.5,127.7,183.1,215.8,54.4,6179.0,12814.8,19189.9,25283.3
543,51.9,73.1,70.0,95.5,86.6,61.2,5985.4,12340.1,18728.6,24599.4,41.7,112.7,127.8,194.4,218.2,55.6,6085.0,12608.3,18888.4,24868.5
544,30.6,104.1,108.9,81.3,117.4,84.3,5883.8,12114.4,18383.1,24184.6,67.2,109.4,121.5,203.4,227.5,50.9,5974.4,12344.2,18545.1,24344.3
545,17.7,120.1,125.7,71.5,137.1,89.1,5777.4,11883.1,18017.5,23741.9,86.8,102.4,117.6,201.5,237.7,50.8,5855.1,12072.7,18175.1,23827.9
546,30.2,89.4,74.1,75.5,122.5,37.4,5656.2,11634.2,17589.3,23212.9,88.0,84.1,120.8,165.7,250.9,64.9,5709.0,11778.4,17722.8,23335.6
547,42.7,58.7,22.6,79.6,107.9,-14.3,5535.1,11385.3,17161.2,22683.9,89.2,65.8,124.0,130.0,264.0,78.9,5562.9,11484.1,17270.4,22843.3
548,48.6,41.1,24.8,77.2,84.9,32.6,5379.4,11069.3,16670.5,22076.8,61.5,69.2,151.0,154.5,261.6,91.9,5443.7,11174.2,16808.6,22232.3
549,53.9,24.6,31.1,74.4,61.2,86.9,5221.1,10748.1,16175.1,21463.8,31.7,74.2,179.7,183.7,258.1,104.8,5326.6,10863.2,16346.0,21612.4
550,56.5,26.2,36.2,87.5,58.9,93.1,5074.0,10457.9,15733.7,20896.1,38.6,85.4,189.3,209.9,265.2,97.1,5197.2,10579.6,15964.0,21046.4
551,57.5,38.8,40.6,110.3,69.7,70.2,4933.8,10186.4,15325.3,20356.1,67.9,100.3,187.3,234.5,278.8,77.0,5060.3,10312.8,15631.1,20513.2
552,61.2,48.5,52.4,120.1,80.4,51.2,4794.5,9928.5,14931.6,19821.8,88.3,113.2,179.5,244.6,288.6,66.2,4929.5,10054.8,15269.2,19987.7
553,70.9,52.1,79.9,102.0,90.8,40.6,4657.1,9699.6,14569.6,19299.6,89.8,121.7,159.7,223.9,290.2,75.3,4811.9,9815.7,14845.2,19478.6
554,79.8,55.0,106.4,83.4,100.0,30.2,4520.4,9470.5,14209.1,18779.3,90.4,129.6,140.0,203.7,291.7,84.0,4694.1,9577.2,14423.7,18971.7
555,59.3,27.2,86.5,37.7,47.2,31.6,4417.1,9230.9,13915.3,18350.7,49.9,108.6,130.2,208.7,292.1,74.7,4567.3,9367.8,14111.3,18564.6
556,38.8,-0.5,66.6,-7.9,-5.5,32.9,4313.9,8991.3,13621.5,17922.0,9.5,87.6,120.4,213.8,292.5,65.4,4440.5,9158.5,13799.0,18157.4
557,10.9,-9.1,46.8,2.1,-13.3,35.1,4213.4,8778.6,13260.8,17485.3,-3.8,76.4,121.8,235.2,297.3,44.5,4300.7,8916.3,13476.5,17675.9
558,-19.9,-10.5,27.0,32.8,-4.5,37.6,4114.0,8575.7,12875.4,17045.7,-7.0,68.9,127.3,262.6,303.8,19.2,4156.2,8661.9,13150.3,17166.8
559,-15.4,-5.5,13.7,56.4,8.4,33.3,4020.6,8380.4,12513.4,16550.9,2.8,71.7,149.4,274.7,330.1,12.9,4047.3,8438.0,12845.9,16694.4
560,33.4,7.6,8.5,71.2,26.2,20.5,3934.6,8194.4,12181.0,15986.6,29.0,87.5,192.5,267.7,381.2,30.6,3983.2,8252.3,12568.7,16268.2
561,73.9,18.7,12.0,79.6,43.3,13.3,3847.4,8005.3,11870.1,15468.2,49.9,104.3,231.4,268.6,431.2,46.5,3920.0,8078.6,12293.7,15872.7
562,71.9,19.5,60.6,55.2,56.7,34.7,3753.9,7800.1,11670.7,15185.4,43.9,126.7,248.3,310.1,475.4,53.6,3861.2,7966.4,12029.5,15635.6
563,70.0,20.4,109.2,30.7,70.1,56.1,3660.4,7595.0,11471.2,14902.7,38.0,149.2,265.2,351.6,519.6,60.6,3802.5,7854.3,11765.3,15398.5
564,53.1,2.8,79.4,14.1,40.8,69.4,3572.3,7392.2,11189.6,14583.2,28.5,144.9,270.4,419.9,575.2,27.3,3740.5,7704.8,11523.3,15135.9
565,34.3,-17.1,39.6,-1.5,6.1,81.6,3484.9,7189.8,10897.6,14259.2,18.6,137.1,274.0,491.5,632.4,-11.1,3678.2,7550.6,11284.1,14870.2
566,28.0,-13.4,57.2,-7.6,-0.1,71.8,3410.7,7060.9,10669.8,14027.4,11.2,160.8,308.9,560.2,721.5,-6.8,3651.5,7464.6,11162.6,14720.3
567,29.4,4.7,110.1,-8.0,11.1,48.4,3344.5,6977.3,10481.7,13852.5,5.3,203.8,363.0,627.0,830.3,23.9,3646.9,7420.8,11113.7,14641.9
568,32.9,17.9,124.4,-9.3,15.9,29.9,3282.8,6874.0,10302.8,13648.9,6.0,253.1,450.1,725.5,989.8,36.1,3635.1,7392.0,11104.2,14588.2
569,40.4,22.1,68.4,-12.2,9.0,20.5,3229.2,6735.0,10140.5,13392.8,18.7,313.7,597.0,881.5,1241.5,14.9,3610.0,7390.6,11166.3,14579.2
570,44.7,27.1,18.1,-15.2,1.5,12.1,3176.2,6596.5,9971.8,13132.4,29.2,378.2,748.3,1056.8,1507.0,-2.0,3590.9,7400.2,11223.4,14587.7
571,19.3,39.5,21.6,-18.2,-10.8,13.6,3127.8,6463.2,9744.4,12831.1,18.7,478.1,940.1,1410.9,1901.6,22.5,3627.4,7511.4,11233.7,14759.2
572,-6.0,51.9,25.2,-21.2,-23.0,15.1,3079.4,6330.0,9517.0,12529.8,8.2,578.1,1131.8,1764.9,2296.2,46.9,3663.8,7622.7,11243.9,14930.6
573,-1.2,59.9,32.4,-7.9,-9.4,29.4,3009.3,6191.5,9314.4,12208.3,31.9,726.4,1470.9,2219.6,2941.9,68.7,3746.2,7721.5,11496.3,15243.6
574,9.1,67.1,40.4,8.3,9.0,46.0,2935.2,6052.0,9116.2,11883.0,61.8,883.7,1837.0,2692.7,3633.8,90.1,3836.9,7818.0,11793.1,15582.6
575,23.8,75.0,51.9,34.8,27.8,58.4,2857.5,5868.9,8884.9,11551.9,85.8,1088.5,2266.8,3333.6,4518.3,90.8,3947.8,8040.5,12178.6,16089.5
576,41.5,83.5,65.8,68.2,46.7,67.9,2777.4,5656.6,8631.4,11217.0,105.8,1325.2,2739.3,4087.0,5532.1,77.7,4072.0,8347.5,12623.7,16709.0
577,51.2,79.7,70.6,82.5,50.8,83.9,2679.2,5471.5,8366.2,10879.1,115.9,1563.7,3244.4,4883.2,6605.4,65.4,4238.2,8702.2,13142.6,17413.8
578,46.4,53.9,58.8,62.8,28.3,111.4,2548.5,5335.1,8080.2,10535.8,108.1,1805.3,3808.1,5756.4,7785.6,54.7,4479.3,9142.9,13794.3,18271.5
579,39.5,31.0,49.2,43.9,10.1,131.3,2427.0,5189.7,7786.4,10179.7,99.7,2055.0,4379.8,6633.4,8968.9,45.5,4709.0,9575.9,14431.9,19115.7
580,16.8,28.6,54.2,31.2,23.1,97.3,2372.2,4979.2,7437.7,9732.6,86.3,2363.3,5009.6,7537.3,10174.6,46.7,4856.5,9954.4,14969.3,19863.3
581,-5.9,26.2,59.2,18.5,36.2,63.3,2317.4,4768.6,7088.9,9285.6,73.0,2671.5,5639.4,8441.2,11380.2,48.0,5004.0,10333.0,15506.6,20611.0
582,14.1,38.3,44.2,-2.4,29.9,47.1,2224.2,4537.3,6767.6,8887.9,47.9,2928.1,6202.3,9299.6,12567.4,25.4,5178.2,10707.4,16098.0,21370.5
583,39.2,52.2,26.7,-24.2,21.3,32.9,2126.3,4303.4,6449.6,8496.0,21.4,3178.5,6757.2,10152.7,13752.4,0.0,5355.5,11081.3,16695.9,22131.4
584,50.6,56.5,25.9,-22.5,18.1,35.2,2027.5,4083.5,6161.1,8071.7,12.4,3419.4,7264.3,10933.2,14821.8,14.9,5493.4,11389.2,17198.0,22819.0
585,55.1,56.2,33.3,-9.3,17.6,45.6,1928.2,3870.3,5887.1,7631.5,12.1,3655.7,7747.8,11678.0,15834.6,49.7,5611.9,11664.7,17653.3,23470.7
586,58.0,53.2,47.1,5.3,36.3,61.8,1823.8,3684.3,5607.0,7231.5,31.5,3899.0,8199.2,12396.0,16792.6,71.2,5744.6,11938.7,18061.6,24064.3
587,58.8,46.8,68.9,21.3,78.4,84.9,1713.2,3531.1,5319.4,6880.2,74.7,4150.9,8612.1,13081.4,17684.6,76.8,5894.2,12210.8,18413.5,24587.9
588,62.0,42.0,81.5,41.6,95.8,95.0,1606.1,3363.2,5032.9,6520.0,99.8,4379.7,8990.0,13704.3,18486.1,76.7,6016.3,12424.3,18717.2,25032.0
589,72.8,41.9,65.4,75.0,35.9,64.2,1510.0,3149.1,4750.2,6131.8,68.0,4536.3,9258.6,14130.6,19003.6,58.4,6052.0,12453.9,18870.1,25226.5
590,84.3,41.4,49.6,105.6,-20.7,35.3,1414.7,2936.4,4468.2,5744.9,37.5,4690.4,9528.9,14557.3,19526.7,41.0,6088.1,12488.7,19024.4,25421.7
591,110.4,31.5,40.1,59.9,13.0,60.2,1341.3,2759.1,4209.0,5390.0,39.0,4776.6,9844.7,14997.0,20197.4,47.0,6134.3,12662.8,19218.2,25631.4
592,136.6,21.6,30.7,14.3,46.7,85.1,1267.9,2581.8,3949.7,5035.2,40.6,4862.8,10160.4,15436.7,20868.2,53.0,6180.6,12836.9,19412.1,25841.1
593,95.7,18.1,27.8,15.0,35.6,71.7,1181.5,2384.0,3653.2,4692.1,44.8,4986.8,10389.3,15813.3,21292.1,56.7,6196.6,12864.2,19457.7,25992.7
594,41.8,16.0,26.3,24.9,15.7,50.8,1092.6,2182.2,3349.3,4351.2,49.6,5118.3,10601.1,16177.6,21667.7,60.0,6206.7,12862.7,19474.3,26132.9
595,38.7,2.9,25.3,15.7,0.1,14.3,1008.1,2018.6,3077.6,4023.2,35.7,5191.6,10770.8,16440.2,22059.5,63.3,6200.2,12893.3,19498.1,26199.1
596,64.0,-16.2,24.6,-4.3,-13.2,-31.0,926.1,1876.3,2823.9,3702.3,11.3,5232.6,10917.0,16646.2,22460.3,66.6,6184.6,12941.6,19525.9,26224.3
597,69.9,-21.8,26.8,-16.7,-16.1,-28.5,858.7,1736.6,2596.4,3393.5,14.7,5322.7,11115.5,16913.0,22843.2,54.7,6204.6,12962.0,19582.8,26289.6
598,52.6,-11.1,32.6,-20.0,-6.4,31.4,808.8,1600.0,2400.5,3099.2,51.3,5471.5,11376.7,17252.8,23204.7,24.6,6267.5,12948.8,19674.6,26403.0
599,37.1,10.0,44.0,-10.9,2.6,80.8,756.3,1465.4,2201.9,2810.2,81.6,5586.9,11587.1,17541.3,23546.7,10.9,6306.5,12957.4,19737.5,26467.2
600,26.6,59.1,70.2,31.5,10.0,101.9,697.0,1336.1,1995.8,2535.5,95.0,5612.9,11662.2,17692.9,23836.8,40.6,6281.9,13024.7,19723.3,26399.9
601,18.0,101.6,90.9,69.1,16.5,116.7,637.7,1209.1,1792.8,2271.0,104.1,5641.8,11742.5,17852.3,24126.8,66.2,6260.5,13085.6,19711.5,26342.2
602,27.2,82.3,61.1,62.0,13.7,72.7,577.4,1104.6,1618.0,2102.1,73.2,5698.7,11872.2,18083.9,24416.4,54.2,6268.7,13087.0,19722.3,26374.7
603,36.4,63.1,31.3,55.0,11.0,28.6,517.2,1000.1,1443.3,1933.2,42.4,5755.5,12001.8,18315.4,24706.0,42.3,6277.0,13088.4,19733.0,26407.2
604,56.7,47.9,35.8,60.5,28.6,46.3,479.0,915.2,1323.1,1758.1,62.7,5834.8,12126.4,18454.8,24971.7,47.2,6313.6,13072.8,19833.8,26403.7
605,77.8,33.0,43.1,67.1,47.7,68.9,442.5,831.9,1207.2,1582.5,87.2,5915.9,12250.5,18586.9,25235.4,53.4,6352.6,13055.8,19941.7,26397.4
606,53.6,11.3,19.9,66.3,19.3,68.4,375.2,725.9,1068.2,1369.5,79.4,5933.6,12322.7,18705.7,25311.2,46.3,6320.8,13007.0,19846.4,26337.7
607,15.2,-12.5,-12.9,63.3,-23.9,60.8,298.3,612.9,922.0,1144.9,61.7,5931.6,12378.8,18820.5,25328.5,34.9,6266.9,12948.3,19687.7,26261.4
608,16.7,-0.6,-16.5,53.6,-2.0,53.3,268.6,537.7,815.4,1010.2,42.6,5935.0,12383.6,18852.0,25354.4,32.2,6245.5,12907.0,19603.7,26239.5
609,44.2,34.6,-1.2,39.4,62.6,45.8,269.8,487.4,734.9,934.2,22.7,5941.9,12354.9,18829.0,25386.1,35.0,6245.3,12877.3,19568.6,26253.4
610,53.8,41.4,1.1,29.0,81.9,27.0,256.6,441.5,648.5,843.9,16.2,5923.8,12382.5,18852.9,25439.0,41.7,6243.6,12850.2,19520.2,26212.8
611,41.7,13.8,-12.5,23.1,46.2,-5.5,225.9,401.2,554.9,736.1,26.1,5875.6,12478.2,18933.6,25517.7,53.0,6240.1,12826.3,19455.9,26106.2
612,34.3,3.9,-18.6,19.7,22.7,-11.2,199.3,358.6,475.4,633.0,34.1,5847.9,12504.7,18943.2,25508.3,58.8,6226.3,12755.7,19357.0,25953.4
613,37.6,34.5,-7.7,21.9,26.7,43.8,182.0,310.9,427.8,540.2,37.9,5867.1,12374.4,18791.9,25299.6,52.3,6189.6,12579.3,19180.0,25695.9
614,40.8,62.6,7.7,31.2,29.5,87.6,166.5,269.5,382.2,457.8,43.1,5881.6,12257.6,18647.7,25104.2,48.6,6149.9,12424.2,19015.4,25461.6
615,43.8,78.5,45.7,75.4,26.1,75.6,159.9,259.3,346.8,427.9,55.2,5872.9,12208.4,18539.5,24975.6,58.8,6095.6,12375.4,18912.6,25344.0
616,47.4,93.7,82.0,116.0,22.7,63.7,153.2,248.2,311.5,397.8,66.4,5864.4,12160.4,18432.8,24849.3,67.7,6040.7,12328.0,18808.4,25225.9
617,67.7,85.5,66.8,47.6,19.3,56.7,148.3,211.6,281.1,365.3,48.8,5863.0,12148.6,18374.6,24794.1,38.3,5969.7,12318.8,18662.6,25090.0
618,88.1,77.3,51.6,-20.7,16.0,49.7,143.4,174.9,250.8,332.8,31.2,5861.6,12136.8,18316.3,24738.8,8.9,5898.7,12309.7,18516.8,24954.1
619,59.8,37.5,29.7,-9.2,28.9,54.6,122.2,150.8,199.0,264.0,12.6,5758.8,12028.7,18208.4,24537.1,54.9,5833.7,12143.5,18280.8,24677.2
620,26.5,-5.6,7.1,10.7,43.5,60.8,99.2,128.0,145.0,191.4,-6.1,5645.2,11910.4,18095.2,24319.9,108.8,5769.2,11960.7,18035.3,24385.5
621,-24.4,-9.1,10.9,1.6,27.2,42.8,47.3,118.1,119.7,184.3,-15.4,5584.4,11803.2,17962.9,24112.3,54.8,5707.5,11869.2,17895.1,24195.2
622,-80.1,-1.6,21.9,-15.4,2.3,18.1,-12.7,111.9,102.2,195.4,-22.2,5538.3,11699.0,17825.3,23907.5,-29.2,5646.4,11802.9,17784.0,24032.9
623,-55.4,3.8,42.2,19.5,5.7,-5.1,-10.3,94.0,103.4,222.2,-1.0,5520.6,11604.0,17672.5,23815.5,-30.1,5602.9,11726.8,17708.3,23881.5
624,9.3,8.2,67.0,80.2,23.2,-27.4,23.2,70.3,113.8,256.8,34.1,5517.2,11513.5,17512.1,23779.8,10.3,5568.2,11645.6,17650.3,23735.5
625,38.5,7.4,58.0,68.7,28.5,1.0,38.1,62.4,119.9,220.0,51.8,5484.3,11434.0,17417.9,23705.8,47.0,5560.5,11598.2,17584.1,23619.8
626,39.5,2.6,22.1,0.1,24.0,69.6,38.4,67.0,122.6,126.8,55.7,5428.1,11363.2,17376.2,23601.4,80.8,5574.2,11577.5,17511.4,23528.2
627,37.9,17.3,19.4,-14.3,26.8,91.5,41.8,67.5,120.6,83.1,57.4,5419.2,11338.3,17345.9,23492.8,92.7,5577.6,11538.5,17443.7,23460.0
628,33.2,55.5,56.6,36.4,38.2,57.5,48.8,63.3,113.2,99.0,56.5,5467.0,11368.6,17329.5,23379.3,78.5,5568.6,11477.4,17382.1,23419.9
629,34.1,78.9,74.9,67.7,49.0,36.2,57.8,81.3,107.3,115.1,57.6,5505.1,11363.8,17307.0,23290.7,63.9,5545.3,11432.9,17348.2,23341.2
630,44.8,75.5,59.4,64.2,58.8,37.8,70.6,139.5,104.2,131.8,62.3,5525.8,11296.0,17273.8,23246.6,48.3,5496.6,11418.3,17363.9,23193.3
631,54.8,66.2,51.5,57.7,59.9,37.3,79.1,165.2,102.1,136.4,56.1,5520.0,11230.6,17223.4,23177.0,30.4,5452.9,11391.4,17346.4,23055.2
632,62.6,41.0,64.8,43.3,37.5,30.6,75.9,101.4,102.7,107.9,20.2,5441.3,11172.2,17126.0,23036.8,6.0,5422.9,11330.5,17237.4,22944.0
633,65.7,25.7,72.8,32.8,21.8,27.4,74.7,53.4,102.4,82.9,-2.5,5371.1,11117.8,17033.2,22907.5,-6.1,5397.3,11271.0,17131.6,22842.4
634,47.1,55.1,56.5,40.4,36.3,39.4,82.9,76.9,97.7,73.3,34.5,5339.5,11081.7,16961.7,22827.4,37.2,5392.0,11218.2,17040.4,22784.0
635,32.2,81.7,44.5,47.3,53.4,49.9,90.4,101.9,95.9,68.4,67.4,5310.1,11046.0,16878.6,22736.8,78.9,5382.2,11160.2,16946.8,22711.6
636,50.0,85.1,70.4,48.8,93.1,47.4,91.4,140.3,119.5,105.0,65.7,5299.6,11013.1,16694.3,22556.2,106.2,5333.0,11057.1,16833.0,22517.4
637,66.5,86.8,94.3,50.0,130.4,44.1,91.9,175.5,140.3,140.3,63.8,5286.4,10977.4,16512.6,22374.6,130.7,5283.3,10953.2,16717.2,22324.7
638,43.1,38.8,59.3,42.9,93.1,14.2,75.3,110.7,73.8,136.5,56.2,5187.0,10854.2,16415.9,22165.1,65.0,5213.9,10822.7,16536.0,22180.8
639,19.6,-9.2,24.2,35.7,55.7,-15.8,58.7,45.9,7.3,132.8,48.7,5087.5,10731.1,16319.1,21955.6,-0.7,5144.4,10692.2,16354.8,22037.0
640,30.2,32.0,20.8,35.6,40.7,56.5,82.7,62.1,63.3,77.2,41.4,5069.1,10549.8,16112.0,21689.0,36.4,5112.8,10620.6,16125.0,21783.0
641,42.1,76.5,18.5,35.8,26.5,132.5,108.2,81.2,123.8,19.7,34.1,5053.7,10366.3,15900.8,21420.4,77.3,5082.5,10551.2,15893.4,21524.9
642,24.9,55.4,-4.2,30.4,20.8,91.7,84.0,77.9,100.2,20.0,47.0,4989.6,10308.2,15753.7,21163.9,41.4,5039.1,10395.1,15738.6,21192.2
643,4.8,27.3,-29.0,24.5,16.0,38.5,54.5,72.3,67.8,26.4,62.0,4920.4,10263.4,15613.3,20908.7,-2.7,4994.3,10229.8,15592.0,20851.5
644,52.3,43.4,-1.0,1.1,64.3,18.2,60.7,98.4,31.4,77.5,52.8,4862.5,10075.7,15370.8,20644.1,12.6,4871.3,10102.3,15420.5,20559.4
645,111.7,67.2,36.1,-25.2,121.9,3.6,73.0,129.9,-5.6,136.4,39.3,4806.5,9862.9,15110.4,20377.9,38.4,4734.5,9981.4,15244.7,20275.9
646,127.9,47.4,50.7,-1.3,108.3,14.1,44.0,110.4,37.2,109.2,26.1,4719.5,9694.2,14791.7,20014.8,66.7,4706.3,9792.3,14958.3,19940.8
647,133.6,17.0,59.7,34.9,77.3,30.8,4.8,78.4,99.6,60.9,13.1,4624.9,9536.2,14458.8,19628.1,95.6,4704.7,9586.5,14645.0,19593.1
648,124.3,38.7,45.8,93.2,121.5,42.1,22.6,90.3,123.9,40.0,32.5,4544.6,9412.3,14252.6,19293.2,66.2,4633.4,9441.1,14380.3,19290.8
649,110.4,76.7,24.7,158.5,189.3,51.8,58.2,115.8,136.4,27.5,62.0,4468.7,9298.9,14086.0,18974.5,18.5,4540.3,9314.6,14130.8,19002.7
650,76.3,44.7,21.8,106.9,155.6,19.6,35.3,73.2,86.5,45.5,46.2,4383.8,9104.6,13782.4,18594.2,-5.5,4434.5,9117.1,13870.0,18603.0
651,34.6,-13.5,25.6,11.3,83.9,-28.3,-9.7,5.0,13.4,75.0,13.3,4295.5,8879.9,13427.3,18190.7,-20.6,4323.8,8893.0,13605.0,18161.3
652,24.3,-36.6,-6.9,-33.4,41.6,-43.6,-29.9,-25.8,-35.3,37.9,-20.2,4151.5,8651.4,13111.9,17812.8,-17.9,4203.5,8654.2,13270.9,17739.1
653,27.7,-44.5,-55.1,-56.1,12.0,-44.9,-39.6,-40.4,-73.3,-27.9,-54.1,3983.5,8421.3,12813.6,17445.8,-7.5,4079.1,8409.1,12907.1,17325.4
654,26.4,10.9,-13.7,-8.8,31.7,-18.4,-24.5,-29.1,-48.0,-42.2,-29.6,3918.8,8222.7,12556.7,17054.4,-17.6,4005.9,8279.2,12588.0,16949.1
655,22.8,96.7,70.7,71.9,75.0,21.6,2.3,-5.3,7.6,-31.7,23.0,3903.7,8039.1,12319.5,16651.1,-37.4,3957.3,8204.5,12290.4,16590.9
656,35.6,104.4,105.9,104.3,91.4,26.9,25.6,21.9,32.8,43.9,44.8,3842.9,7890.2,12072.4,16257.8,-10.5,3858.9,8035.6,12050.7,16266.4
657,57.0,72.0,115.8,111.6,93.9,14.5,47.1,50.8,42.4,153.0,50.7,3758.7,7759.3,11820.1,15869.6,40.5,3734.9,7818.3,11840.8,15959.3
658,60.4,53.1,104.4,123.3,89.4,23.7,53.9,42.1,32.7,133.2,41.9,3688.0,7603.4,11511.2,15490.3,70.5,3651.8,7604.8,11609.4,15595.8
659,54.1,41.5,81.7,137.3,81.2,44.5,52.8,13.3,12.5,43.9,25.0,3624.5,7434.0,11171.9,15115.8,89.2,3590.7,7393.4,11366.5,15201.7
660,55.9,35.5,65.5,155.3,94.9,56.1,39.8,1.2,2.4,12.9,14.5,3559.1,7245.9,10939.9,14764.1,61.5,3505.4,7276.7,11074.7,14806.1
661,62.0,32.4,53.0,175.3,120.6,62.7,20.4,-1.7,-2.4,13.8,7.3,3492.7,7047.5,10766.4,14424.8,8.4,3406.9,7211.8,10756.2,14409.7
662,87.6,29.8,67.6,168.0,116.1,64.8,16.3,27.5,27.3,61.9,16.9,3403.3,6875.8,10544.8,14103.7,16.6,3376.3,7038.4,10494.1,14040.2
663,123.6,27.5,96.7,146.0,95.5,64.5,20.5,74.1,75.6,135.5,35.6,3301.6,6718.6,10297.3,13792.3,58.0,3382.2,6806.4,10262.3,13685.1
664,91.0,12.1,85.3,120.2,90.5,50.8,17.8,43.8,40.3,95.0,21.4,3159.5,6563.8,10057.2,13515.2,50.1,3321.4,6659.7,10028.7,13445.2
665,22.8,-10.1,52.8,92.5,93.6,30.0,11.5,-26.3,-38.5,-4.7,-9.8,2996.5,6410.2,9820.9,13256.0,16.8,3226.1,6557.4,9794.2,13265.0
666,-2.4,-11.0,38.2,99.8,102.8,55.0,-1.1,-20.2,-49.9,-51.0,-9.0,2956.1,6315.3,9649.4,12968.2,5.4,3144.0,6464.7,9617.7,13032.1
667,-6.7,-1.7,32.2,124.1,115.0,102.0,-16.6,22.8,-28.8,-71.7,7.3,2975.0,6248.7,9509.3,12666.7,4.6,3068.2,6376.8,9469.2,12773.9
668,-5.8,14.4,33.9,128.4,106.5,54.5,-20.0,17.1,4.5,-43.0,28.7,2948.8,6196.5,9346.5,12499.9,37.6,3019.4,6230.1,9377.5,12514.4
669,-2.6,33.3,38.8,124.1,88.9,-34.3,-18.0,-9.8,43.1,7.2,52.3,2902.9,6150.8,9173.9,12391.8,85.3,2982.3,6057.8,9310.4,12254.3
670,10.1,-0.4,40.8,98.1,74.3,-41.4,-29.3,-11.4,46.0,12.8,54.3,2859.9,6078.5,9047.1,12244.0,56.7,2950.0,5979.1,9209.8,12134.0
671,26.3,-54.1,41.6,63.9,60.9,-17.4,-45.5,-3.3,35.4,1.3,48.1,2817.9,5996.2,8937.7,12081.2,-0.8,2919.5,5936.1,9096.4,12066.9
672,15.6,-7.5,44.2,77.6,101.7,36.1,-4.8,4.1,35.3,-5.8,44.7,2784.9,5882.3,8869.8,11934.0,-10.1,2843.6,5873.3,8913.2,11860.6
673,-3.6,70.8,47.3,106.5,159.8,98.9,54.0,11.5,38.7,-11.5,42.2,2754.7,5758.4,8815.0,11791.9,-4.1,2753.2,5804.2,8707.9,11610.2
674,7.4,51.8,34.0,76.1,137.7,44.0,39.3,-28.0,-13.6,-42.0,51.3,2672.1,5649.3,8641.8,11551.9,-50.3,2682.9,5684.9,8545.2,11479.1
675,26.0,8.6,16.6,30.8,95.6,-40.2,6.2,-79.1,-79.7,-78.7,63.4,2576.5,5543.9,8439.0,11287.5,-109.6,2617.6,5552.9,8393.1,11377.8
676,30.5,38.7,34.0,15.5,107.9,-23.9,29.1,-64.0,-79.6,-37.5,17.7,2586.1,5458.1,8183.4,11091.3,-118.3,2571.2,5434.0,8285.4,11148.5
677,32.4,82.1,57.7,5.6,130.1,10.5,62.0,-37.0,-67.6,17.7,-38.4,2614.6,5375.8,7918.3,10907.3,-117.9,2528.1,5317.4,8185.6,10896.1
678,10.4,91.5,51.8,16.3,104.2,38.2,52.7,55.7,-33.1,-19.8,-22.7,2548.1,5280.1,7847.0,10807.7,-18.6,2464.3,5274.3,8021.7,10628.5
679,-14.2,97.1,42.6,29.2,73.0,65.2,38.7,155.6,3.9,-67.5,0.9,2471.3,5182.8,7796.9,10717.4,91.6,2398.2,5239.3,7850.7,10359.1
680,-42.0,107.7,67.2,96.1,96.0,73.7,99.8,169.8,92.0,18.4,47.8,2437.8,5028.1,7661.7,10423.9,24.0,2423.9,5103.6,7626.4,10244.4
681,-66.6,118.1,91.4,161.5,120.1,80.8,159.2,178.6,177.0,106.6,93.5,2407.0,4872.8,7521.1,10123.4,-47.3,2451.2,4965.6,7402.9,10132.2
682,20.7,114.1,51.9,99.7,107.7,65.2,59.6,122.6,83.0,85.0,67.5,2409.0,4780.9,7308.6,9866.3,-0.3,2406.4,4888.3,7286.2,9889.6
683,101.0,110.0,18.9,45.8,97.7,51.2,-27.7,72.6,1.3,62.8,42.7,2399.5,4691.3,7098.9,9610.2,42.7,2359.1,4804.5,7170.0,9652.0
684,117.9,104.5,42.7,61.8,109.7,52.5,-5.1,76.2,28.3,35.7,27.9,2286.7,4623.2,6914.5,9362.1,50.9,2289.3,4662.0,7058.7,9457.8
685,125.6,99.1,58.3,85.2,118.6,58.3,15.6,77.0,56.5,16.0,18.0,2177.8,4548.2,6758.4,9133.6,54.4,2234.6,4541.0,6935.1,9271.1
686,91.3,94.0,36.6,142.2,112.7,84.6,27.3,64.7,90.3,30.0,30.0,2086.5,4441.5,6730.5,8994.0,36.7,2248.9,4517.8,6756.1,9118.0
687,62.1,90.9,31.6,174.3,112.7,105.6,39.5,71.4,98.9,56.7,38.3,2015.7,4339.4,6639.0,8856.9,34.7,2245.9,4473.6,6608.2,8955.6
688,47.0,93.7,72.8,138.0,129.2,111.6,52.9,130.8,38.0,118.0,36.2,2001.4,4250.1,6372.0,8726.4,76.2,2195.3,4371.6,6546.3,8767.8
689,38.1,80.2,85.9,102.8,122.3,114.7,51.7,137.5,5.9,150.2,32.7,1991.1,4165.6,6161.4,8570.9,86.2,2124.6,4235.9,6453.5,8564.4
690,40.5,37.6,48.6,69.9,73.7,112.4,24.5,49.6,25.5,130.2,26.8,1988.2,4089.7,6052.1,8370.3,39.7,2017.7,4039.6,6305.6,8333.2
691,31.7,32.4,28.4,52.2,47.5,89.8,7.5,2.4,31.8,86.5,15.2,1960.9,4010.7,5978.7,8144.6,7.3,1946.1,3921.8,6152.0,8123.0
692,9.4,71.6,28.5,52.4,48.0,43.2,2.5,3.3,22.3,14.8,-3.1,1904.4,3927.9,5947.8,7889.0,-8.4,1916.5,3897.1,5991.7,7937.8
693,24.2,79.0,71.4,62.3,69.5,4.0,23.1,10.7,70.1,15.0,11.5,1843.8,3840.8,5827.3,7689.4,20.5,1915.0,3824.8,5863.9,7747.7
694,68.0,61.6,147.6,79.7,107.4,-29.4,63.7,23.2,162.7,71.3,51.7,1780.1,3750.5,5636.8,7533.3,84.3,1935.3,3715.3,5761.5,7554.0
695,89.0,24.8,144.5,53.4,115.1,-2.1,50.4,50.9,170.4,81.7,29.1,1741.4,3653.5,5479.0,7368.9,55.9,1874.1,3645.3,5660.0,7456.4
696,99.1,-21.4,102.9,6.0,108.1,54.6,11.1,85.9,137.0,69.9,-24.1,1714.9,3553.2,5337.2,7200.4,-17.4,1773.3,3594.6,5558.8,7405.4
697,66.2,-45.8,35.3,2.9,53.1,32.6,-8.3,44.9,104.0,3.5,-3.3,1665.8,3441.8,5182.4,7034.3,2.1,1690.7,3455.4,5362.7,7174.8
698,21.9,-64.5,-39.2,11.4,-14.7,-10.0,-22.4,-16.2,71.2,-77.3,37.0,1610.6,3327.5,5024.2,6868.7,46.0,1612.8,3292.7,5141.5,6896.8
699,-60.5,-4.2,-19.3,36.5,27.1,-12.2,-34.5,27.1,84.9,15.2,47.6,1558.9,3225.2,4925.4,6664.2,-2.9,1587.9,3231.5,4992.1,6719.9
700,-135.7,62.1,12.4,63.0,78.0,-8.0,-43.3,79.2,101.2,121.6,56.2,1509.3,3126.2,4828.8,6457.2,-54.6,1569.4,3179.5,4854.6,6550.8
701,10.9,100.2,108.5,85.6,106.6,49.2,10.6,113.6,84.2,185.0,79.5,1496.8,3072.6,4663.7,6274.8,14.3,1582.9,3122.9,4826.1,6350.8
702,125.8,124.7,183.9,100.2,130.5,96.1,61.6,141.6,72.8,219.4,93.9,1478.9,3010.2,4499.1,6089.8,71.3,1580.0,3070.0,4772.3,6153.8
703,99.5,88.5,167.2,79.1,133.0,97.1,99.5,140.8,85.8,124.5,68.5,1437.3,2908.3,4336.7,5892.9,74.5,1503.6,3033.8,4606.2,5970.2
704,72.7,82.4,133.3,76.2,123.5,102.3,122.4,115.4,105.6,67.9,56.2,1386.5,2821.8,4202.9,5694.7,64.1,1458.4,2965.5,4434.5,5803.4
705,45.0,138.0,63.8,110.9,89.1,115.8,114.7,39.3,139.5,90.3,70.7,1316.7,2766.9,4127.8,5493.7,26.0,1477.6,2831.4,4251.2,5670.9
706,36.3,156.5,20.2,122.6,60.9,70.3,91.4,60.0,143.7,146.6,84.8,1263.4,2684.0,3983.4,5342.5,13.8,1435.0,2724.5,4083.2,5480.9
707,48.5,134.5,4.8,108.9,39.7,-39.8,51.0,187.0,115.6,239.9,98.3,1228.2,2570.4,3763.2,5245.8,29.9,1324.8,2647.3,3931.9,5227.8
708,41.0,73.2,-2.8,79.2,39.7,-38.1,15.5,195.1,93.8,210.4,82.0,1172.6,2458.1,3638.4,5064.8,19.1,1237.6,2552.0,3774.0,5027.8
709,22.0,-10.7,-5.9,40.2,52.0,28.2,-17.1,134.6,75.7,109.8,48.5,1105.0,2346.7,3568.8,4835.1,-7.2,1163.7,2446.3,3612.2,4858.5
710,32.3,9.8,15.4,73.9,43.2,41.8,26.6,143.7,108.8,119.2,9.7,1101.0,2276.1,3506.9,4643.2,-14.7,1125.2,2348.8,3522.9,4716.3
711,50.1,56.9,42.9,126.1,29.0,41.8,89.7,170.5,154.9,156.9,-30.6,1113.2,2216.0,3447.0,4461.0,-17.3,1095.9,2253.3,3452.1,4580.9
712,29.6,58.9,50.6,119.7,67.2,39.4,55.3,163.5,92.5,182.5,-12.7,1093.2,2119.1,3270.7,4307.7,39.9,1071.5,2196.8,3325.6,4367.5
713,6.1,54.7,52.5,102.3,97.2,50.6,23.4,140.8,32.8,191.8,5.6,1064.8,2031.3,3093.7,4152.1,81.2,1045.3,2128.4,3198.4,4164.6
714,-28.0,22.1,24.0,30.6,66.6,144.2,26.8,30.2,12.9,104.4,14.1,992.6,2006.2,2937.8,3976.8,12.6,1007.0,1979.6,3078.7,4041.3
715,-32.3,9.1,-1.1,2.5,48.8,195.0,38.5,-11.6,21.8,56.6,44.9,938.6,1953.4,2842.0,3836.4,-12.5,988.3,1886.8,2979.2,3938.9
716,25.3,36.9,-19.1,65.2,57.4,156.6,67.8,90.3,90.9,91.4,122.1,922.7,1842.4,2871.6,3769.2,53.1,1010.5,1911.2,2921.6,3879.9
717,46.9,28.6,7.6,69.8,56.9,84.5,44.9,126.0,137.2,116.5,105.8,873.4,1710.4,2770.2,3631.7,68.1,957.4,1892.7,2801.3,3726.3
718,34.3,-14.1,76.8,19.2,47.6,-19.5,-27.7,98.8,162.0,132.5,0.5,792.5,1558.4,2544.3,3427.5,35.2,832.6,1833.3,2621.3,3482.8
719,48.4,-50.7,93.8,9.4,58.7,-34.8,-14.4,112.7,139.6,142.8,7.7,776.7,1532.3,2389.3,3327.0,37.3,825.5,1757.7,2529.2,3367.7
720,73.6,-84.7,89.1,16.5,78.2,-13.4,34.4,143.5,97.7,150.7,61.5,787.8,1558.2,2263.6,3269.5,53.8,866.9,1675.5,2473.4,3305.8
721,-5.6,-77.1,19.1,16.5,20.5,15.3,83.5,43.9,88.0,11.7,-10.5,721.8,1488.5,2224.7,3086.3,-43.4,731.9,1574.3,2265.2,3186.6
722,-82.7,-62.4,-49.6,12.5,-36.0,39.5,119.9,-52.4,79.7,-110.5,-80.2,658.9,1401.9,2185.1,2893.3,-125.8,597.3,1469.3,2069.4,3061.1
723,-65.2,-25.4,-59.6,-16.0,-25.5,24.7,60.1,-25.2,56.9,4.4,-37.9,677.9,1259.2,2074.9,2719.8,-10.3,597.8,1350.7,2081.6,2931.9
724,-28.3,0.0,-56.6,6.3,-5.1,18.7,20.4,12.5,41.8,102.0,22.4,697.1,1198.7,1998.1,2619.0,73.1,621.8,1284.9,2082.8,2816.4
725,47.7,2.2,-27.4,130.8,35.1,30.4,21.5,71.6,42.5,164.8,119.3,716.8,1303.5,1988.9,2664.8,92.2,693.0,1325.8,2061.9,2728.5
726,89.2,28.4,-18.0,143.9,46.4,110.2,25.6,81.9,45.5,132.1,120.4,701.5,1328.1,1951.7,2638.2,84.7,707.7,1337.8,1970.7,2687.8
727,102.8,74.2,-24.9,66.7,34.3,245.1,32.1,52.7,50.5,22.0,44.0,658.0,1287.6,1891.7,2552.9,55.7,676.7,1326.4,1822.7,2685.2
728,11.9,42.7,-33.1,9.9,15.6,147.8,23.2,44.3,21.2,-10.5,36.4,534.3,1148.7,1790.4,2388.6,-29.3,562.9,1218.7,1742.6,2461.0
729,-106.3,-10.6,-42.4,-40.6,-4.8,-14.0,9.1,41.3,-17.3,-20.9,46.8,390.3,984.3,1677.2,2203.5,-127.8,429.0,1084.0,1682.7,2177.1
730,-61.4,-56.3,-107.5,-55.2,-11.5,-87.3,-71.3,11.9,-28.2,-13.6,-57.2,410.6,998.2,1554.4,2122.6,-46.6,532.9,971.4,1690.1,2113.1
731,-21.7,-91.8,-132.9,-54.4,-5.0,-121.2,-100.1,6.4,-15.7,0.7,-98.3,422.9,1001.4,1463.6,2060.0,36.0,593.8,893.7,1657.7,2074.6
732,2.7,-96.9,-41.2,-8.2,40.4,-38.8,23.3,71.3,65.7,35.5,45.5,411.1,972.9,1467.2,2050.8,122.4,527.5,919.4,1508.5,2111.0
733,26.8,-51.2,-10.9,55.5,72.9,-5.5,43.3,90.6,112.9,69.0,96.2,437.1,941.8,1487.2,1985.3,106.8,484.8,943.4,1437.5,2045.0
734,50.4,45.2,-41.9,136.6,92.5,-21.2,-40.1,64.3,125.9,101.4,53.6,500.9,907.9,1523.5,1863.3,-11.1,465.9,965.7,1444.9,1876.4
735,88.1,50.7,36.0,177.9,126.0,14.0,26.3,125.7,149.8,195.8,85.2,537.6,903.3,1497.9,1880.3,32.0,556.9,994.0,1481.3,1884.9
736,129.6,25.8,147.2,204.6,162.6,66.0,140.1,214.1,176.4,307.7,140.2,564.6,908.2,1451.1,1941.4,126.3,681.7,1022.7,1525.4,1950.3
737,95.5,-51.1,43.1,96.3,72.1,111.6,102.4,146.5,132.3,178.8,109.9,515.7,896.5,1325.4,1880.7,76.4,608.6,934.8,1430.2,1916.0
738,45.0,-80.3,-43.4,8.8,17.9,117.0,48.2,65.2,97.2,61.5,65.6,466.6,877.0,1235.2,1801.1,13.6,527.8,863.1,1322.2,1865.2
739,-47.8,14.3,-84.3,-24.2,58.0,17.9,-49.4,-51.7,85.4,-25.2,-15.3,416.6,837.0,1237.6,1672.8,-82.9,426.9,833.5,1180.7,1771.5
740,-88.9,11.8,-71.3,1.9,65.2,-18.3,-79.4,-37.7,48.8,28.9,-32.4,427.1,814.5,1233.9,1637.1,-97.1,409.8,820.8,1163.6,1753.6
741,-87.4,-70.2,-14.1,76.3,45.4,-2.7,-54.0,83.7,-8.2,198.7,2.6,487.1,806.4,1225.3,1677.4,-43.8,461.5,821.9,1248.4,1797.9
742,-48.8,-62.3,62.2,104.3,60.4,36.5,16.0,71.9,91.0,151.6,18.4,448.6,786.5,1229.0,1671.0,70.7,441.4,821.0,1288.9,1740.8
743,-7.6,-40.7,133.5,115.1,73.2,77.9,84.3,28.9,198.7,66.1,21.0,390.8,768.6,1235.8,1637.8,177.5,412.4,818.3,1307.3,1667.1
744,-6.6,-56.6,135.6,67.5,13.0,97.2,65.1,-42.5,117.4,33.4,-48.7,342.6,786.2,1247.2,1468.7,123.6,430.6,804.2,1223.8,1629.5
745,-51.6,-85.9,94.4,6.2,0.1,43.4,6.5,-97.8,74.4,-8.5,-113.0,307.9,721.7,1183.1,1383.2,77.4,386.2,754.9,1146.4,1590.3
746,-164.7,-134.8,-10.5,-75.1,56.7,-118.3,-110.5,-129.0,88.1,-64.2,-168.9,293.1,536.2,1007.6,1421.2,42.8,249.5,653.5,1078.2,1548.6
747,-174.9,-74.2,19.9,-22.2,30.8,-83.4,-56.8,-50.4,105.8,-29.0,-75.2,360.9,591.9,964.1,1466.6,-6.2,296.8,672.1,1125.1,1570.8
748,-141.1,33.2,107.2,87.4,-29.4,35.5,68.7,74.0,125.2,44.9,81.3,463.1,749.5,977.1,1515.0,-60.5,422.0,741.5,1220.8,1620.1
749,-86.4,174.7,56.6,110.4,92.8,194.9,54.5,31.1,162.9,109.7,56.9,429.4,760.5,1048.9,1540.0,35.7,442.3,768.9,1258.4,1645.4
750,-42.6,227.0,41.2,117.2,176.8,255.8,70.9,24.7,179.3,149.0,70.4,401.5,784.9,1099.9,1540.9,82.8,457.3,810.9,1282.1,1641.1
751,-22.5,85.8,102.1,88.9,178.0,102.9,153.5,97.3,149.0,133.1,165.9,386.0,838.3,1105.6,1489.7,23.4,460.6,884.4,1275.5,1572.9
752,26.0,85.5,108.3,34.7,139.8,22.2,89.9,129.5,95.8,136.6,105.1,374.3,793.0,1084.3,1499.7,-29.9,477.9,883.3,1317.6,1511.1
753,91.0,167.3,82.6,-34.7,78.6,-16.5,-58.9,138.1,29.2,151.3,-46.7,364.9,690.1,1047.2,1545.4,-79.6,503.4,838.7,1387.9,1453.1
754,104.2,157.5,-12.3,21.2,152.0,132.2,-8.1,227.0,136.9,78.4,54.8,401.3,843.1,1168.6,1506.2,10.9,456.0,838.3,1200.8,1591.1
755,108.2,133.8,-68.9,91.9,207.4,220.9,69.5,271.9,238.9,58.7,139.9,423.9,919.6,1235.4,1461.7,79.9,449.4,826.2,1085.8,1652.9
756,95.2,85.7,-20.9,185.4,201.5,135.9,190.9,196.3,305.6,183.8,153.7,406.0,772.3,1145.3,1414.0,77.4,554.8,779.2,1183.4,1498.6
757,105.8,35.7,14.9,123.0,110.4,24.3,124.7,127.3,202.8,215.5,90.7,343.3,696.0,989.1,1348.8,77.9,518.9,716.6,1198.6,1363.6
758,130.9,-15.5,43.2,-35.3,-33.0,-103.4,-56.8,62.6,-4.2,189.8,-19.4,253.1,663.4,792.3,1272.9,80.1,396.0,644.3,1163.1,1240.3
759,87.0,46.2,98.2,7.1,78.4,65.4,145.0,170.9,79.2,174.6,16.5,347.1,665.5,965.3,1219.8,107.8,390.4,655.2,1113.3,1249.0
760,39.8,94.1,109.3,33.9,129.8,163.1,249.8,228.7,121.7,140.7,50.7,422.7,647.1,1064.8,1180.1,117.6,376.7,637.5,1031.3,1258.4
761,-8.6,101.2,19.5,7.7,23.9,74.7,103.0,157.8,46.9,63.7,68.0,440.7,579.3,966.5,1168.2,84.8,334.4,548.1,878.6,1257.2
762,-7.4,81.3,0.3,85.1,47.5,35.0,67.3,203.3,30.8,137.2,52.8,364.2,606.3,856.4,1178.6,70.9,347.2,576.2,842.6,1207.9
763,20.7,48.3,18.2,210.3,135.5,21.3,87.9,302.3,45.8,283.5,21.9,241.6,678.5,745.6,1200.7,69.4,385.6,662.6,866.6,1139.6
764,113.9,41.4,90.3,142.9,167.1,55.2,104.7,175.2,104.6,282.5,18.8,187.5,636.0,855.2,1234.1,182.0,325.4,701.0,919.5,1295.9
765,135.1,24.3,130.1,110.2,176.9,72.3,82.9,35.8,72.4,210.4,40.6,179.8,592.6,921.0,1224.4,201.2,262.0,672.5,951.0,1336.2
766,43.8,-8.7,119.5,131.6,152.5,63.5,0.8,-122.6,-101.9,27.3,101.6,244.3,547.7,918.2,1147.6,74.9,193.6,539.9,948.8,1195.5
767,-30.4,-17.5,117.2,27.3,43.1,-1.7,-45.6,-75.5,-119.1,70.2,37.1,102.8,434.5,721.3,1034.4,-36.3,197.1,530.9,885.5,1071.5
768,-60.3,-12.6,125.2,-84.5,-55.3,-40.8,-63.1,33.5,-71.5,172.4,-41.8,-52.5,348.6,521.2,944.2,-104.6,226.7,550.9,819.7,989.6
769,143.7,29.7,180.4,-8.3,69.1,181.3,26.2,132.3,73.2,211.2,25.2,91.6,554.2,662.2,1059.3,56.3,279.4,514.8,852.4,1129.9
770,133.6,105.1,191.4,79.6,102.1,261.9,32.5,149.9,143.6,166.9,-20.9,167.3,607.4,779.9,1034.9,67.5,313.5,484.2,786.3,1155.8
771,-67.6,210.1,163.0,177.9,53.5,216.1,-35.5,95.1,147.7,48.6,-168.0,181.8,524.6,876.8,886.0,-55.0,331.0,458.4,632.0,1079.6
772,8.7,83.9,101.1,85.8,108.7,130.6,-26.3,172.6,177.5,211.3,-73.8,229.4,409.4,768.5,908.4,34.3,311.9,623.7,718.9,1111.9
773,81.4,-17.3,85.4,25.5,152.1,57.9,4.8,207.6,177.6,315.4,25.8,279.3,359.1,630.2,914.7,100.3,325.5,717.6,801.8,1092.7
774,94.4,-21.1,175.2,69.0,150.9,20.0,68.9,126.8,109.2,240.8,91.6,327.9,454.3,466.1,854.0,76.9,416.6,622.1,830.7,942.7
775,81.6,61.3,113.2,2.0,105.8,114.9,79.0,47.1,117.0,153.6,42.1,304.0,436.8,560.5,833.0,75.5,371.1,566.1,722.9,968.0
776,68.4,160.0,23.9,-66.4,62.3,233.9,68.2,-2.0,159.8,92.7,-28.5,263.2,386.2,718.4,825.8,83.4,292.6,531.1,599.5,1054.3
777,118.9,146.3,141.0,138.2,140.8,173.7,56.9,148.8,240.7,237.2,55.6,295.4,405.6,636.7,808.8,96.4,343.7,534.5,722.5,1096.1
778,163.5,120.3,185.2,244.9,174.2,142.1,105.3,252.6,263.1,358.1,172.7,403.3,480.2,586.1,946.1,151.2,435.4,585.0,828.6,1052.7
779,203.0,84.1,169.1,270.7,170.5,134.4,203.0,317.7,237.2,459.7,317.1,573.6,600.4,561.1,1210.7,240.6,560.6,674.3,920.6,938.9
780,156.0,51.3,146.3,155.2,61.1,113.0,119.1,182.3,156.5,106.9,107.5,326.5,493.8,651.6,1003.7,108.3,343.9,438.1,817.4,989.7
