360,-33.3,-49.2,22.7,-46.3,23.6,-3.9,-59.4,8.2,-20.6,47.3,-95.6,-35.2,-67.3,60.4,12.3,-40.9,44.5,72.1,109.3,81.8
361,-72.3,-36.5,21.4,-29.8,27.7,-26.5,-35.0,23.2,-16.7,14.3,-50.0,-32.4,-50.5,37.3,12.6,-21.1,18.4,58.4,100.5,95.7
362,-111.2,-23.9,20.1,-13.2,31.9,-49.0,-10.5,38.3,-12.8,-18.8,-4.4,-29.6,-33.7,14.3,12.8,-1.3,-7.7,44.7,91.6,109.5
363,-119.6,-22.3,8.1,0.9,34.1,-73.4,-10.0,37.5,-18.0,-41.2,18.2,-24.8,-23.8,-7.7,21.4,13.5,-18.2,38.7,88.7,119.0
364,-87.3,-35.4,-18.1,12.0,33.6,-100.3,-41.2,15.9,-35.3,-49.4,10.1,-17.2,-23.1,-28.3,41.2,21.4,-7.8,42.7,93.8,122.8
365,-55.0,-48.5,-44.4,23.1,33.2,-127.1,-72.4,-5.8,-52.6,-57.6,2.0,-9.7,-22.4,-48.8,60.9,29.4,2.6,46.7,98.9,126.6
366,-53.6,-47.5,-23.9,22.0,25.3,-112.4,-52.3,-10.0,-38.6,-24.6,-11.2,-6.0,-23.3,-22.2,66.8,11.7,4.1,46.3,87.4,128.7
367,-60.8,-42.6,9.8,17.5,15.3,-85.9,-17.8,-9.3,-15.9,20.1,-25.9,-3.5,-24.5,17.7,68.9,-13.1,3.1,44.7,71.3,130.2
368,-66.4,-36.9,38.4,14.7,7.5,-61.6,10.7,-8.0,6.0,54.8,-32.8,-1.8,-26.5,51.7,69.3,-35.2,2.3,43.1,57.8,131.8
369,-61.9,-26.5,34.3,23.1,14.4,-51.1,0.7,-3.4,21.8,25.9,9.6,-5.5,-32.9,47.4,59.6,-39.5,2.4,41.8,61.0,133.6
370,-57.3,-16.0,30.1,31.5,21.4,-40.7,-9.2,1.2,37.6,-3.0,52.1,-9.3,-39.4,43.1,49.8,-43.7,2.6,40.4,64.2,135.5
371,-60.6,-10.0,25.6,29.8,33.3,-31.8,-9.3,13.8,30.1,-11.4,55.5,-2.2,-27.5,32.0,42.1,-45.4,6.6,50.7,78.9,144.7
372,-72.0,-8.5,20.9,17.7,50.3,-24.4,0.7,34.4,-1.6,1.3,18.7,16.0,3.3,14.1,36.5,-44.3,14.6,72.8,105.5,161.5
373,-83.5,-7.1,16.2,5.6,67.4,-17.0,10.7,55.0,-33.2,14.0,-18.0,34.3,34.1,-3.9,30.9,-43.3,22.6,94.9,132.0,178.4
374,-70.7,-2.7,29.1,8.0,77.7,-11.5,16.4,41.1,-17.8,31.8,-28.8,22.8,18.7,14.4,51.0,-33.1,36.3,87.3,137.6,174.3
375,-53.8,2.3,45.1,13.0,86.8,-6.2,21.3,21.4,5.5,50.5,-35.2,6.2,-4.6,38.8,75.4,-21.3,50.9,74.5,139.7,166.6
376,-41.1,7.7,60.2,18.0,90.2,-0.8,20.0,4.4,20.5,60.3,-37.5,-7.0,-19.0,56.0,91.5,-10.1,56.4,65.9,142.1,156.3
377,-43.1,14.5,72.3,23.0,73.4,5.2,-3.2,-2.8,5.8,38.3,-25.2,-8.6,-2.1,47.6,78.2,-1.0,30.1,72.0,145.6,136.3
378,-45.2,21.3,84.4,28.1,56.7,11.2,-26.4,-10.0,-8.9,16.4,-13.0,-10.2,14.9,39.1,64.9,8.1,3.7,78.0,149.2,116.4
379,-25.2,11.6,66.8,30.3,49.1,-2.4,-35.8,-15.3,-19.5,-2.9,-12.4,4.2,22.8,25.5,51.1,-4.7,-1.5,72.6,134.2,132.8
380,10.1,-9.7,28.5,30.6,47.9,-29.7,-35.6,-19.2,-27.3,-20.3,-19.9,29.8,24.5,8.2,36.8,-32.6,8.2,59.2,106.3,174.6
381,45.3,-31.0,-9.8,30.9,46.7,-57.1,-35.5,-23.2,-35.2,-37.7,-27.4,55.4,26.2,-9.1,22.5,-60.5,17.8,45.8,78.5,216.3
382,17.9,-20.3,2.1,28.9,49.9,-54.4,-25.5,17.3,-5.7,28.0,-20.4,39.9,44.4,-13.7,31.3,-35.5,33.6,43.6,96.7,197.2
383,-11.9,-8.4,16.0,26.9,53.3,-50.6,-15.2,59.5,25.2,97.0,-12.9,22.7,63.3,-17.9,41.1,-8.5,49.8,41.8,116.7,175.8
384,-37.4,0.1,15.9,24.1,43.4,-41.2,-11.3,84.6,43.2,126.5,-8.2,3.5,62.3,-10.0,39.1,3.2,54.6,42.3,116.5,156.2
385,-54.3,1.5,-11.5,19.9,7.4,-20.8,-19.9,76.2,35.9,79.3,-9.1,-19.9,22.9,21.2,14.2,-15.2,37.2,47.5,76.8,140.6
386,-71.2,3.0,-38.9,15.7,-28.5,-0.4,-28.5,67.9,28.6,32.0,-10.0,-43.2,-16.6,52.4,-10.8,-33.5,19.9,52.6,37.0,124.9
387,-73.3,-0.1,-44.9,14.4,-22.0,-17.9,-41.8,41.2,15.7,12.9,-19.8,-28.3,-20.2,35.8,-21.0,-46.1,6.0,47.0,41.0,102.3
388,-69.5,-4.9,-42.6,14.3,1.0,-50.3,-56.8,7.4,0.6,4.8,-32.9,1.6,-10.0,0.4,-25.6,-56.5,-6.5,37.2,62.1,76.9
389,-65.4,-11.3,-39.1,17.8,22.8,-79.1,-69.5,-20.6,-12.7,1.3,-45.8,26.6,0.5,-29.4,-27.0,-64.3,-16.3,28.1,82.3,58.0
390,-57.4,-31.9,-25.9,53.7,33.6,-77.4,-62.3,1.9,-10.8,37.7,-56.6,9.8,13.1,-11.7,-1.5,-48.9,-3.3,25.8,95.2,95.4
391,-49.5,-52.6,-12.7,89.6,44.4,-75.7,-55.1,24.3,-8.9,74.0,-67.4,-7.0,25.7,6.0,23.9,-33.6,9.7,23.4,108.0,132.8
392,-38.0,-56.0,13.8,92.1,51.1,-49.2,-51.1,24.7,0.5,82.9,-64.4,-6.1,22.6,23.5,35.8,-17.6,19.9,37.1,109.8,153.5
393,-22.9,-41.8,53.9,60.3,53.3,3.0,-50.5,2.1,17.7,63.4,-47.2,13.0,3.3,40.7,33.7,-0.8,27.2,67.5,100.0,157.0
394,-7.7,-27.5,94.1,28.4,55.6,55.2,-49.9,-20.5,34.8,43.8,-30.0,32.2,-16.0,58.0,31.6,15.9,34.5,97.8,90.2,160.5
395,-2.1,-15.9,64.0,32.0,44.8,30.8,-44.8,-15.6,26.3,18.4,-1.3,14.8,-9.0,51.7,35.0,2.0,17.8,79.9,105.0,160.9
396,2.3,-4.7,24.7,40.2,32.4,-3.6,-39.1,-7.2,14.5,-7.7,29.1,-7.3,1.5,42.4,39.0,-15.9,-2.1,55.7,123.0,160.8
397,1.7,0.3,0.3,48.0,32.4,-28.6,-29.6,-3.0,3.4,-24.8,43.3,-18.2,9.9,29.8,40.5,-25.8,-16.2,42.0,131.9,166.0
398,-12.0,-10.3,14.1,54.5,64.4,-29.3,-10.3,-10.0,-5.7,-18.7,16.2,-0.1,13.1,9.0,35.3,-14.8,-15.3,55.2,117.3,184.8
399,-25.7,-20.9,28.0,60.9,96.4,-30.0,8.9,-17.0,-14.9,-12.6,-10.8,18.1,16.4,-11.9,30.0,-3.8,-14.3,68.3,102.6,203.5
400,-48.1,-28.9,20.4,56.7,89.0,-48.7,-13.0,-42.1,-19.0,-4.6,-37.3,-1.4,-2.7,-25.3,11.3,-9.8,-14.0,68.8,98.2,187.3
401,-74.6,-35.6,2.6,47.3,63.0,-75.8,-54.5,-75.8,-20.7,4.2,-63.5,-38.4,-32.3,-35.3,-13.8,-23.8,-14.0,63.3,98.5,154.7
402,-97.8,-40.3,-14.3,36.7,39.3,-99.1,-91.4,-104.2,-22.7,10.4,-85.6,-71.1,-58.3,-42.0,-37.4,-37.2,-13.3,56.7,97.6,127.1
403,-84.5,-23.5,-21.7,12.1,40.3,-81.4,-79.6,-74.4,-26.4,-11.1,-63.5,-55.3,-44.7,-13.7,-44.5,-44.7,-5.0,38.0,84.4,154.9
404,-71.2,-6.7,-29.1,-12.4,41.3,-63.6,-67.8,-44.7,-30.1,-32.6,-41.4,-39.5,-31.1,14.7,-51.6,-52.1,3.3,19.3,71.1,182.8
405,-51.7,11.3,-29.8,-5.3,54.8,-45.5,-47.6,-19.4,-25.0,-33.5,-25.6,-18.7,-15.5,21.1,-37.5,-48.4,10.9,28.4,83.9,204.4
406,-25.9,30.7,-23.6,34.7,81.2,-27.2,-18.8,1.5,-10.9,-13.1,-16.1,7.5,2.3,4.9,-1.4,-33.2,17.9,66.3,123.8,219.7
407,-0.1,50.0,-17.4,74.7,107.6,-8.9,9.9,22.3,3.3,7.3,-6.7,33.6,20.1,-11.4,34.6,-18.0,24.9,104.1,163.6,235.0
408,10.4,36.8,36.9,95.1,108.2,-21.3,3.6,14.9,5.4,20.2,-16.2,21.6,9.0,1.6,60.7,-12.4,30.5,120.1,175.0,235.7
409,19.3,20.0,96.3,113.4,106.0,-37.1,-6.4,4.5,6.2,32.3,-27.6,5.5,-5.1,17.7,85.6,-7.8,36.0,133.8,183.2,234.9
410,24.7,15.8,132.6,128.1,117.1,-46.0,-9.8,-0.8,11.2,37.7,-30.3,-1.2,-9.6,31.3,96.4,-2.4,41.1,143.7,190.1,243.8
411,22.5,38.2,119.6,135.1,156.8,-40.2,0.8,4.7,24.9,28.7,-14.2,12.3,6.4,39.5,76.7,4.8,45.4,145.6,194.0,273.5
412,20.3,60.6,106.5,142.1,196.5,-34.5,11.4,10.2,38.6,19.8,1.9,25.7,22.5,47.7,57.0,12.1,49.7,147.6,197.8,303.2
413,-9.3,48.0,88.6,150.4,207.3,-48.3,3.8,-7.1,17.5,-6.3,-15.4,-1.0,19.5,19.8,24.6,-7.7,40.6,141.3,206.0,314.0
414,-48.6,23.1,68.8,159.3,207.8,-69.0,-10.0,-32.4,-15.9,-38.3,-44.5,-41.9,9.8,-20.8,-12.3,-37.0,26.7,132.1,215.7,318.2
415,-74.5,9.9,63.9,174.0,219.9,-80.3,-16.8,-46.2,-36.9,-55.7,-65.5,-69.8,2.8,-48.2,-32.6,-57.6,27.1,133.7,237.2,335.6
416,-31.6,57.1,134.6,218.6,291.0,-43.2,12.6,-1.2,5.7,2.0,-45.5,-31.5,9.4,-7.4,32.2,-33.5,100.3,190.4,318.8,420.6
417,11.3,104.3,205.3,263.3,362.2,-6.1,42.1,43.8,48.3,59.6,-25.6,6.8,15.9,33.5,96.9,-9.4,173.6,247.0,400.3,505.5
418,16.4,132.1,244.0,309.9,420.4,9.4,39.1,45.8,57.7,74.4,-18.5,22.5,18.0,55.1,107.2,7.0,188.0,273.0,452.8,569.7
419,-4.6,146.6,260.7,358.0,469.7,10.0,13.6,18.2,44.4,59.6,-20.4,22.5,16.8,63.6,79.9,18.0,162.0,277.8,485.2,619.4
420,-25.3,160.9,277.9,406.4,521.1,10.1,-11.2,-8.9,30.8,44.7,-22.1,22.1,15.6,71.0,53.1,28.2,137.6,284.0,518.9,671.1
421,-32.9,164.5,317.6,472.6,656.7,-11.5,-6.6,-11.5,7.2,22.6,-18.2,2.9,7.5,30.4,45.7,2.1,175.4,349.3,600.6,798.5
422,-40.5,168.0,357.2,538.7,792.3,-33.0,-1.9,-14.1,-16.5,0.6,-14.3,-16.3,-0.6,-10.2,38.3,-23.9,213.2,414.6,682.2,925.9
423,-38.4,191.6,418.5,633.4,934.1,-44.8,2.7,-4.6,-17.3,2.7,-13.4,-14.6,2.9,-16.4,35.6,-34.2,251.5,498.9,786.8,1075.6
424,-24.9,238.5,505.0,761.3,1083.2,-45.0,7.5,19.1,8.6,33.2,-16.3,11.3,20.0,17.9,38.4,-26.0,290.3,605.5,918.3,1251.5
425,-11.3,285.3,591.6,889.3,1232.2,-45.2,12.3,42.9,34.5,63.7,-19.2,37.3,37.1,52.1,41.1,-17.8,329.1,712.0,1049.7,1427.4
426,-8.4,360.1,730.7,1103.4,1519.1,-27.1,5.3,28.1,38.8,59.9,-28.2,24.4,14.4,54.8,47.8,-11.5,401.2,851.5,1270.8,1710.5
427,-6.7,437.9,875.5,1326.8,1821.1,-7.0,-2.9,9.2,40.7,52.4,-37.8,7.2,-12.5,54.0,54.9,-5.5,476.9,994.5,1501.7,2005.2
428,-5.9,513.4,1036.8,1564.8,2143.7,1.1,-7.7,5.7,37.3,46.0,-36.1,1.1,-18.2,58.6,67.6,-4.5,549.8,1162.9,1755.1,2340.2
429,-6.9,584.5,1229.2,1830.4,2505.1,-13.4,-6.1,31.3,24.2,41.8,-13.0,15.9,16.2,73.2,90.6,-13.2,617.5,1379.1,2050.8,2751.4
430,-7.8,655.5,1421.7,2095.9,2866.5,-27.9,-4.6,56.9,11.0,37.7,10.1,30.6,50.6,87.9,113.7,-22.0,685.2,1595.3,2346.5,3162.5
431,6.3,796.2,1717.9,2519.5,3460.7,-17.4,-1.9,56.0,14.8,52.1,6.7,33.7,59.7,85.7,131.7,-23.5,838.2,1903.8,2790.6,3826.9
432,24.4,954.7,2040.6,2983.4,4114.5,-0.5,1.0,48.4,22.9,71.2,-3.5,33.8,62.4,79.3,148.4,-23.2,1013.0,2235.9,3272.7,4556.2
433,31.7,1128.5,2409.5,3512.4,4853.5,9.2,2.0,37.4,30.3,85.0,-17.2,27.8,61.8,80.8,160.7,-24.5,1206.8,2612.5,3820.7,5347.6
434,6.7,1348.5,2917.0,4236.5,5848.3,-2.7,-2.5,16.7,35.2,82.8,-41.0,3.6,51.4,106.4,159.7,-30.7,1457.5,3122.7,4566.6,6325.1
435,-18.3,1568.4,3424.4,4960.6,6843.1,-14.6,-7.1,-4.1,40.2,80.5,-64.8,-20.7,40.9,131.9,158.8,-36.9,1708.2,3632.8,5312.6,7302.7
436,-22.3,1876.9,3985.4,5793.8,7967.1,-9.3,-0.1,0.1,53.2,70.1,-55.7,10.5,64.2,155.1,183.1,-19.6,1981.4,4217.7,6198.5,8462.4
437,-17.7,2221.9,4568.5,6672.0,9144.3,3.2,11.8,14.6,69.5,56.4,-33.0,64.5,101.4,177.3,217.9,7.4,2264.0,4833.4,7142.1,9697.1
438,-14.3,2568.8,5185.5,7607.8,10401.6,11.5,22.4,26.4,80.7,48.4,-14.7,107.4,133.7,190.8,250.2,27.4,2569.4,5489.1,8135.5,11013.4
439,-17.2,2924.9,5967.1,8824.0,12049.2,-0.5,26.9,25.4,67.2,68.6,-18.2,96.2,142.5,162.1,270.3,12.9,2986.1,6339.7,9371.0,12727.1
440,-20.1,3281.0,6748.7,10040.2,13696.8,-12.6,31.5,24.4,53.8,88.7,-21.6,85.1,151.3,133.4,290.5,-1.5,3402.8,7190.3,10606.5,14440.7
441,-6.5,3751.0,7782.0,11542.8,15759.8,2.6,37.3,34.6,55.2,98.8,-17.3,77.0,157.2,161.3,324.7,-2.0,3923.0,8260.8,12213.7,16617.3
442,16.5,4285.8,8958.5,13208.5,18059.3,33.3,43.7,51.3,65.1,103.1,-8.6,70.7,161.4,221.4,366.8,5.5,4502.1,9456.5,14032.4,19057.5
443,37.9,4835.4,10165.7,14924.5,20428.2,60.4,50.6,67.3,76.9,108.5,4.8,67.7,168.5,279.6,409.1,14.5,5092.7,10684.0,15888.4,21555.3
444,47.0,5506.3,11625.4,17055.5,23367.3,57.1,62.0,77.7,104.8,122.9,57.4,92.3,199.5,323.0,452.4,36.3,5777.9,12172.9,18051.1,24525.8
445,56.1,6177.1,13085.0,19186.4,26306.5,53.8,73.3,88.1,132.8,137.3,110.0,116.9,230.5,366.3,495.8,58.2,6463.1,13661.7,20213.7,27496.3
446,58.8,6819.4,14379.2,21108.2,28856.0,51.7,72.5,88.7,143.6,137.7,113.3,129.2,246.3,398.7,532.7,54.2,7100.9,14996.5,22183.0,30170.0
447,56.9,7441.3,15555.6,22881.0,31128.2,50.5,63.0,82.4,142.2,128.2,81.6,132.7,251.1,423.4,564.9,32.0,7705.0,16221.5,24014.8,32632.6
448,55.1,8049.6,16708.5,24613.4,33353.4,48.9,56.1,76.1,140.9,121.1,51.6,135.9,256.5,448.1,598.7,12.0,8298.9,17421.2,25807.1,35047.0
449,53.6,8461.0,17519.7,25756.5,34895.8,41.6,86.8,69.7,141.0,150.8,48.8,135.1,270.3,473.6,655.0,26.2,8744.1,18252.4,27026.7,36760.9
450,52.2,8872.3,18330.9,26899.6,36438.1,34.4,117.4,63.2,141.0,180.5,45.9,134.3,284.1,499.1,711.2,40.4,9189.2,19083.6,28246.3,38474.8
451,58.2,9131.6,18842.3,27564.5,37351.1,46.2,123.2,68.5,156.8,187.9,56.5,143.1,297.0,512.4,727.7,56.4,9419.6,19591.4,28944.5,39446.4
452,70.5,9266.0,19107.4,27836.3,37747.1,73.6,108.6,83.5,185.4,177.0,78.2,159.7,309.3,515.6,711.6,73.9,9473.6,19833.6,29214.5,39808.2
453,81.7,9376.9,19327.9,28045.7,38061.9,99.1,94.3,98.2,211.8,165.9,98.6,175.3,320.7,517.0,694.6,89.6,9507.2,20029.6,29421.8,40084.4
454,65.3,8896.9,18423.8,26681.0,36330.0,75.6,89.4,107.4,180.7,152.8,83.4,163.2,313.7,472.7,656.0,60.3,9029.0,19064.4,28051.1,38203.4
455,48.8,8416.9,17519.6,25316.3,34598.2,52.0,84.5,116.5,149.5,139.6,68.2,151.1,306.8,428.5,617.4,31.0,8550.9,18099.1,26680.4,36322.4
456,30.7,7914.9,16550.8,23915.9,32678.2,35.4,76.2,109.1,134.9,141.3,46.5,130.0,277.1,385.0,576.5,14.2,8067.6,17073.2,25223.7,34328.7
457,11.2,7393.5,15525.2,22484.0,30592.7,24.8,64.9,87.2,134.6,156.2,19.2,101.0,227.4,342.2,533.6,8.4,7579.7,15993.8,23691.5,32235.9
458,-7.7,6871.8,14494.8,21043.7,28501.8,14.7,54.4,66.2,135.3,171.1,-6.1,73.8,179.1,301.1,491.2,3.8,7089.5,14911.3,22153.7,30135.1
459,-2.2,6338.4,13309.7,19334.2,26236.7,21.0,68.8,75.5,163.0,189.5,32.8,100.7,177.4,312.4,464.9,36.2,6521.8,13727.2,20440.5,27782.1
460,3.2,5805.0,12124.6,17624.7,23971.6,27.2,83.3,84.8,190.7,207.8,71.7,127.6,175.6,323.6,438.5,68.7,5954.2,12543.0,18727.3,25429.1
461,26.9,5335.8,11106.0,16133.8,21991.0,32.2,89.0,93.9,199.6,212.6,80.3,122.5,176.5,307.7,407.6,63.8,5475.7,11529.0,17201.7,23397.2
462,66.6,4922.7,10233.2,14834.1,20259.5,36.3,87.0,102.7,192.1,205.3,62.2,89.3,179.6,268.1,372.7,26.3,5075.2,10663.8,15840.3,21646.3
463,103.2,4512.8,9368.5,13548.3,18543.3,40.1,86.0,112.6,185.9,201.0,44.2,57.5,182.1,229.4,338.2,-9.4,4677.7,9805.7,14493.5,19909.0
464,63.4,4177.4,8693.5,12587.0,17187.9,36.0,108.7,147.3,213.4,264.2,28.7,59.2,167.9,213.4,311.8,-3.0,4352.5,9116.6,13489.9,18489.3
465,23.7,3841.9,8018.5,11625.7,15832.4,31.9,131.4,182.1,240.9,327.4,13.2,60.9,153.8,197.5,285.3,3.4,4027.3,8427.4,12486.4,17069.7
466,-6.4,3521.4,7407.2,10698.7,14564.6,25.5,139.9,207.3,278.0,390.7,1.3,54.5,132.9,188.9,267.2,1.5,3730.7,7806.3,11556.7,15791.2
467,-28.7,3213.0,6847.5,9799.5,13367.5,17.3,136.7,224.9,322.7,454.1,-7.8,41.5,106.5,186.4,255.7,-7.1,3457.2,7240.2,10686.9,14626.8
468,-47.4,2912.1,6291.6,8915.7,12189.9,10.7,135.1,244.4,369.1,518.7,-15.1,29.7,82.2,184.0,244.7,-14.0,3187.9,6681.4,9835.6,13480.6
469,-18.6,2708.8,5786.8,8236.3,11269.8,26.6,153.9,288.9,437.1,600.8,1.2,34.1,86.2,182.0,239.6,0.9,2975.5,6218.1,9231.4,12576.1
470,10.1,2505.5,5282.1,7556.9,10349.7,42.5,172.8,333.4,505.0,682.9,17.5,38.5,90.3,180.0,234.5,15.9,2763.0,5754.8,8627.2,11671.5
471,14.8,2292.2,4794.1,6910.2,9460.7,32.5,203.8,375.8,583.5,785.1,13.6,39.0,91.8,171.6,223.0,16.6,2562.1,5358.3,8022.9,10854.2
472,2.8,2072.0,4317.7,6286.2,8593.2,4.5,243.3,416.8,669.4,901.4,-4.2,36.8,91.7,158.9,207.3,7.5,2369.3,5007.8,7418.7,10097.2
473,-6.5,1859.9,3854.6,5671.8,7742.9,-19.9,279.2,461.8,755.9,1021.8,-22.1,35.5,90.4,149.0,196.3,-0.4,2182.1,4659.2,6833.4,9355.2
474,4.1,1708.3,3491.8,5130.3,7020.8,-18.2,288.0,537.9,846.8,1173.8,-40.4,41.5,80.4,161.0,220.4,-0.0,2037.6,4323.9,6389.8,8725.7
475,14.7,1556.7,3129.0,4588.7,6298.7,-16.5,296.8,613.9,937.7,1325.8,-58.7,47.5,70.5,173.0,244.5,0.4,1893.2,3988.7,5946.2,8096.2
476,18.4,1408.7,2824.3,4142.1,5667.2,-14.6,324.1,674.9,1025.3,1437.2,-43.7,54.8,85.7,180.9,243.8,8.5,1764.4,3716.0,5543.2,7570.0
477,18.3,1262.6,2551.1,3746.8,5084.7,-12.4,361.4,727.8,1111.2,1526.6,-10.7,62.9,114.6,186.5,229.6,20.7,1644.0,3477.0,5162.2,7099.6
478,14.4,1120.5,2292.2,3365.0,4535.3,-12.1,393.6,775.3,1190.4,1616.3,12.9,68.1,133.5,183.7,215.4,25.4,1527.6,3254.2,4811.9,6654.7
479,-6.3,995.3,2096.5,3043.2,4132.1,-19.8,403.6,798.6,1240.3,1707.2,-4.6,60.4,108.6,143.8,200.8,-3.1,1428.6,3103.2,4596.7,6321.5
480,-27.1,870.2,1900.8,2721.3,3728.8,-27.5,413.6,821.8,1290.2,1798.1,-22.1,52.7,83.7,103.9,186.2,-31.7,1329.5,2952.1,4381.5,5988.4
481,-32.3,791.5,1731.5,2505.1,3421.7,-27.4,443.9,883.7,1365.2,1906.2,-28.6,36.8,85.1,104.6,201.8,-37.8,1296.0,2842.9,4216.9,5746.1
482,-31.6,730.3,1572.1,2328.7,3150.9,-24.5,481.7,960.1,1449.6,2020.8,-30.9,18.0,96.5,120.6,228.9,-35.4,1287.3,2749.5,4071.5,5538.2
483,-34.0,673.2,1427.4,2146.9,2887.0,-25.5,505.2,1010.2,1519.5,2107.8,-31.8,7.7,98.1,130.9,241.7,-30.9,1262.0,2650.0,3920.2,5335.9
484,-44.5,627.3,1322.3,1950.4,2641.7,-37.1,490.1,989.7,1550.5,2120.6,-29.3,20.6,73.8,125.9,216.6,-20.6,1192.4,2534.1,3753.3,5148.7
485,-55.0,581.4,1217.1,1753.9,2396.3,-48.7,474.9,969.3,1581.5,2133.4,-26.7,33.5,49.6,120.9,191.5,-10.2,1122.8,2418.1,3586.4,4961.5
486,-36.1,526.8,1112.4,1601.5,2223.1,-43.4,475.7,976.1,1598.3,2165.1,-15.4,43.7,74.7,120.7,180.1,-9.6,1085.7,2354.9,3464.9,4796.9
487,-10.9,470.3,1007.8,1458.6,2065.4,-34.4,479.9,988.8,1612.0,2200.9,-2.2,53.2,110.5,121.6,171.7,-11.1,1055.7,2303.0,3353.1,4637.2
488,3.1,435.8,932.2,1362.4,1925.4,-21.6,502.0,1030.7,1649.7,2270.5,6.8,62.4,131.7,129.7,176.5,-3.3,1047.4,2274.6,3294.2,4544.1
489,-1.6,437.5,904.5,1343.1,1814.6,-2.3,553.6,1120.6,1726.9,2396.1,9.0,71.1,128.6,149.8,202.9,19.9,1074.9,2285.1,3322.3,4561.0
490,-6.2,439.1,876.8,1323.7,1703.8,16.9,605.1,1210.5,1804.1,2521.7,11.2,79.8,125.5,170.0,229.4,43.2,1102.3,2295.5,3350.3,4577.8
491,-28.8,420.0,833.8,1247.4,1622.9,8.9,599.7,1236.8,1886.5,2592.1,-5.1,72.1,107.2,185.7,227.1,21.1,1091.1,2293.3,3339.8,4596.8
492,-52.5,399.5,789.9,1167.3,1543.9,-1.0,590.6,1258.9,1969.1,2658.9,-22.5,63.4,87.8,201.1,222.8,-4.0,1077.3,2290.4,3326.7,4616.0
493,-49.8,384.4,763.9,1129.4,1512.5,15.2,626.2,1321.0,2087.9,2793.4,-21.8,66.5,94.1,202.8,234.0,-18.8,1102.7,2344.6,3405.0,4743.9
494,-21.0,374.8,755.8,1132.9,1527.8,57.1,706.1,1422.6,2242.3,2994.6,-3.4,81.4,125.8,190.9,260.4,-23.6,1166.8,2455.2,3573.4,4979.3
495,5.1,365.4,748.5,1135.7,1541.7,92.5,784.7,1527.0,2401.5,3204.8,12.8,93.7,154.6,180.5,285.5,-28.1,1230.4,2568.8,3750.4,5221.4
496,-3.8,360.1,751.0,1129.0,1537.4,47.1,847.3,1667.2,2619.7,3527.9,0.2,73.0,146.8,190.0,295.5,-28.2,1287.8,2721.0,4035.6,5548.3
497,-12.7,354.8,753.5,1122.3,1533.0,1.7,909.9,1807.4,2837.9,3851.0,-12.3,52.4,139.1,199.4,305.5,-28.3,1345.1,2873.2,4320.8,5875.3
498,-19.2,367.8,766.8,1139.9,1548.6,-2.4,990.3,1995.1,3137.6,4266.3,-22.1,64.6,150.8,237.6,331.2,-20.4,1451.2,3101.8,4669.6,6331.2
499,-24.4,390.5,785.9,1170.7,1575.1,15.9,1080.2,2208.3,3481.4,4731.3,-30.4,94.5,173.1,291.4,365.3,-8.1,1583.5,3371.8,5052.6,6856.8
500,-24.8,411.9,814.5,1202.1,1617.0,29.5,1182.9,2431.4,3834.5,5205.2,-25.6,123.5,197.8,338.6,396.8,3.6,1718.9,3658.5,5460.1,7406.7
501,-9.4,428.8,874.9,1236.0,1710.9,27.8,1328.5,2687.2,4219.0,5709.2,23.0,149.1,230.9,363.7,419.2,13.5,1865.0,4001.5,5949.7,8037.8
502,6.1,445.6,935.3,1270.0,1804.8,26.1,1474.1,2943.0,4603.5,6213.3,71.6,174.8,264.0,388.7,441.6,23.4,2011.0,4344.4,6439.3,8668.9
503,-9.9,450.8,943.9,1320.7,1856.8,-3.3,1643.5,3297.3,5120.3,6960.3,51.9,159.2,278.2,388.7,491.0,5.8,2220.2,4748.0,7053.1,9572.0
504,-33.0,453.2,940.9,1375.4,1899.1,-39.1,1818.3,3674.0,5667.3,7762.6,16.7,134.4,288.2,383.1,546.5,-18.1,2443.7,5165.2,7695.2,10537.0
505,-46.0,460.1,952.6,1433.3,1956.0,-54.3,2011.6,4080.3,6298.7,8614.4,-6.2,121.0,297.8,401.9,611.9,-30.7,2688.4,5638.8,8421.4,11563.8
506,-44.2,473.6,985.9,1496.0,2033.9,-39.5,2232.0,4530.4,7054.0,9539.0,-11.1,124.5,307.0,456.7,691.8,-26.7,2964.4,6195.0,9271.0,12681.2
507,-42.4,487.0,1019.3,1558.8,2111.9,-24.7,2452.6,4980.5,7809.4,10463.7,-16.0,128.0,316.3,511.5,771.7,-22.7,3240.3,6751.4,10120.7,13798.8
508,-28.0,496.0,1063.5,1613.4,2204.2,-25.6,2717.5,5524.0,8636.9,11534.0,-5.7,148.2,380.7,602.7,829.1,-11.8,3513.8,7408.5,11065.5,15067.9
509,-13.7,505.0,1107.8,1668.0,2296.5,-26.5,2982.5,6067.5,9464.5,12604.4,4.7,168.3,445.0,693.9,886.6,-1.0,3787.2,8065.6,12010.3,16337.0
510,1.8,530.9,1138.6,1705.1,2351.0,-15.1,3257.6,6568.9,10231.7,13660.1,12.1,197.6,502.3,740.4,974.6,10.7,4060.4,8645.8,12879.8,17540.2
511,18.0,567.9,1160.4,1730.7,2380.6,4.4,3539.5,7042.3,10959.1,14706.2,17.6,232.9,554.9,757.4,1082.8,22.8,4333.4,9175.0,13699.5,18699.7
512,34.4,598.7,1182.2,1751.6,2402.5,16.8,3804.1,7514.9,11692.6,15747.9,19.8,261.4,595.6,781.9,1177.7,32.9,4604.1,9709.5,14516.7,19841.7
513,51.6,605.8,1204.0,1755.1,2394.8,1.8,4002.9,7984.0,12449.7,16773.4,9.1,263.7,591.0,835.5,1221.6,35.2,4866.0,10264.0,15323.9,20916.8
514,68.9,613.0,1225.7,1758.5,2387.1,-13.2,4201.8,8453.1,13206.8,17798.8,-1.6,266.0,586.4,889.1,1265.6,37.5,5127.9,10818.4,16131.2,21992.0
515,57.0,597.8,1221.1,1762.8,2384.8,-9.6,4420.7,8972.0,13934.2,18804.1,18.1,270.4,607.5,956.6,1322.1,41.9,5358.2,11361.2,16910.8,23112.0
516,38.5,577.7,1210.6,1767.2,2383.6,-1.7,4644.1,9502.0,14655.0,19805.0,44.4,275.2,634.2,1027.2,1381.4,46.7,5581.6,11901.4,17684.3,24242.0
517,28.4,557.3,1185.0,1747.2,2339.7,8.3,4867.8,9951.5,15360.2,20745.5,45.1,304.4,665.5,1074.5,1432.5,43.9,5789.2,12386.5,18424.7,25269.2
518,29.2,536.5,1139.7,1695.6,2240.2,21.1,5092.1,10296.5,16045.2,21607.5,12.3,365.3,702.6,1091.5,1472.9,31.1,5976.3,12799.9,19122.0,26163.0
519,30.5,517.3,1097.0,1645.4,2144.8,33.0,5312.8,10639.0,16718.1,22460.3,-18.2,421.6,738.2,1110.9,1515.2,19.4,6162.5,13207.9,19804.3,27038.8
520,39.8,526.6,1099.4,1619.8,2117.3,29.9,5475.3,10939.3,17188.7,23158.2,-8.9,400.4,748.3,1169.2,1588.9,25.2,6332.8,13524.4,20233.9,27614.0
521,49.2,535.9,1101.7,1594.2,2089.8,26.8,5637.9,11239.7,17659.3,23856.1,0.3,379.3,758.5,1227.5,1662.5,30.9,6503.0,13840.9,20663.4,28189.3
522,46.5,527.4,1067.0,1535.4,2025.4,48.6,5750.5,11495.8,18076.2,24406.9,20.8,387.6,767.0,1244.8,1679.4,39.2,6635.8,14117.6,21038.5,28720.8
523,38.1,510.7,1015.3,1461.2,1944.0,82.0,5840.0,11731.3,18468.1,24889.3,46.4,409.5,774.7,1242.9,1670.0,48.8,6751.2,14375.8,21388.4,29232.1
524,31.2,485.2,959.4,1392.6,1869.8,94.4,5925.6,11943.1,18800.3,25315.7,59.4,422.1,790.8,1244.6,1669.0,47.7,6848.7,14585.7,21685.3,29644.7
525,27.5,440.9,894.5,1336.5,1811.6,60.9,6002.7,12103.2,19002.7,25620.5,44.9,414.1,825.2,1254.0,1686.4,23.4,6907.4,14690.4,21867.3,29842.9
526,23.7,396.6,829.6,1280.3,1753.4,27.4,6079.8,12263.3,19205.2,25925.2,30.3,406.2,859.6,1263.3,1703.8,-0.8,6966.2,14795.1,22049.2,30041.1
527,18.6,382.9,787.9,1219.7,1655.1,27.2,6069.2,12227.0,19131.4,25861.6,29.5,419.5,835.6,1253.1,1712.3,0.9,6958.8,14679.7,21944.2,29912.6
528,13.5,370.8,747.3,1159.0,1554.8,28.7,6054.2,12181.0,19043.8,25779.6,29.3,433.9,808.8,1241.8,1720.4,4.0,6948.1,14553.3,21824.8,29767.8
529,10.5,341.1,706.3,1080.2,1448.7,28.8,6016.1,12146.1,18949.6,25681.1,23.5,417.6,805.1,1258.2,1705.2,16.1,6886.9,14433.9,21641.3,29557.1
530,9.0,299.5,665.2,989.1,1338.5,27.9,5962.2,12119.0,18850.9,25571.2,13.8,380.3,817.1,1293.5,1674.1,34.3,6791.2,14319.1,21414.1,29301.5
531,9.6,265.1,622.4,905.4,1235.1,26.2,5907.0,12064.8,18738.3,25413.2,10.1,359.2,829.7,1311.3,1652.8,44.0,6691.8,14188.0,21174.9,29020.3
532,16.8,252.8,574.7,845.0,1152.9,21.6,5847.5,11926.7,18581.9,25105.0,24.7,387.9,844.3,1274.5,1662.1,27.2,6580.8,14006.4,20898.3,28659.1
533,24.0,240.5,527.0,784.6,1070.8,17.0,5788.1,11788.7,18425.4,24796.8,39.3,416.7,859.0,1237.8,1671.5,10.4,6469.9,13824.8,20621.6,28297.8
534,1.2,210.9,476.9,725.3,989.1,-6.3,5717.9,11547.9,18138.2,24477.2,17.5,389.1,828.0,1182.5,1658.7,17.1,6355.1,13564.1,20276.6,27768.2
535,-25.2,179.3,426.4,666.0,907.4,-31.7,5646.3,11295.2,17835.8,24156.3,-8.6,354.9,791.9,1125.0,1643.4,26.5,6239.8,13294.3,19923.7,27219.1
536,-24.8,158.7,394.6,611.3,836.9,-34.6,5525.1,11018.0,17423.6,23615.7,-24.9,335.9,758.6,1100.9,1595.1,26.4,6099.1,12964.6,19419.9,26543.5
537,-3.1,147.0,377.7,560.2,775.3,-19.6,5363.9,10721.3,16923.3,22899.0,-33.3,329.1,727.7,1103.6,1520.2,18.6,5937.9,12586.9,18795.1,25766.6
538,8.2,139.1,358.8,509.8,713.5,-7.7,5207.4,10437.6,16431.9,22217.9,-29.1,327.1,703.1,1102.7,1455.3,14.7,5773.4,12225.1,18201.6,25015.7
539,-17.7,145.0,332.8,461.7,651.1,-6.5,5067.9,10200.5,15972.0,21663.7,20.5,342.3,700.5,1089.0,1425.8,24.8,5597.1,11919.9,17720.0,24357.2
540,-43.6,150.9,306.7,413.7,588.7,-5.4,4928.4,9963.5,15512.2,21109.4,70.0,357.6,698.0,1075.3,1396.4,35.0,5420.9,11614.7,17238.3,23698.8
541,-28.9,125.4,270.8,385.5,520.6,-10.1,4780.6,9605.2,14998.9,20435.5,23.5,333.8,676.5,1030.9,1369.2,33.9,5207.4,11200.5,16633.6,22869.0
542,-9.1,96.0,233.8,359.8,451.8,-15.5,4631.8,9231.7,14478.8,19746.7,-35.0,305.1,652.7,982.7,1342.3,31.4,4989.2,10772.7,16013.6,22017.8
543,10.8,92.3,226.4,337.7,421.3,1.7,4476.8,8864.4,13941.2,18969.5,-46.7,282.6,619.8,952.2,1304.3,35.4,4780.4,10337.4,15397.9,21150.1
544,30.7,108.5,242.0,318.4,420.4,36.3,4317.1,8501.8,13389.9,18124.1,-22.2,265.0,580.0,935.2,1257.8,44.6,4578.7,9896.2,14785.7,20269.5
545,40.7,123.3,244.3,295.6,407.3,59.8,4138.1,8138.1,12840.3,17286.8,-0.3,252.4,553.7,909.3,1210.5,48.9,4381.4,9450.3,14166.4,19379.7
546,19.4,133.9,205.4,261.8,356.0,48.8,3899.1,7770.5,12296.2,16474.6,13.4,255.7,569.4,855.9,1161.2,38.5,4197.8,8990.1,13525.5,18461.1
547,-1.8,144.5,166.6,228.1,304.7,37.8,3660.1,7403.0,11752.1,15662.5,27.0,259.0,585.1,802.5,1111.9,28.1,4014.1,8529.9,12884.5,17542.4
548,4.2,111.3,139.5,211.2,284.2,28.9,3513.4,7039.3,11151.3,14939.5,23.0,271.0,551.2,759.5,1082.7,35.2,3837.7,8147.7,12259.7,16735.0
549,12.2,74.7,113.3,195.6,266.0,20.1,3373.7,6676.0,10546.3,14223.1,17.7,283.6,513.5,717.2,1055.0,43.6,3661.8,7771.3,11636.1,15936.0
550,3.5,54.9,112.3,179.6,239.3,20.8,3230.8,6353.2,10012.3,13546.6,13.8,260.5,476.4,692.7,1008.4,40.2,3496.0,7384.7,11033.6,15119.0
551,-15.4,45.2,126.5,163.3,207.4,27.2,3086.0,6055.2,9521.5,12894.3,10.8,215.6,439.7,679.2,950.1,29.6,3336.3,6991.9,10443.8,14291.1
552,-21.0,39.4,139.1,149.3,180.2,29.5,2920.7,5740.8,9014.2,12208.5,9.6,188.9,404.9,668.9,895.4,29.9,3158.4,6598.6,9863.1,13474.0
553,2.0,41.8,148.4,140.0,163.0,23.2,2711.6,5391.4,8471.5,11451.2,12.3,201.3,374.6,665.5,848.3,53.4,2941.4,6204.4,9301.6,12679.7
554,24.1,43.8,156.3,130.7,145.8,16.6,2503.7,5042.3,7929.6,10695.5,14.4,212.7,344.6,660.4,801.4,75.6,2724.8,5811.5,8740.3,11887.2
555,9.9,22.7,96.8,115.0,122.8,-3.9,2353.8,4707.2,7422.7,10018.1,-12.4,183.3,330.7,576.4,767.2,36.0,2525.7,5476.3,8188.1,11178.9
556,-4.3,1.7,37.4,99.3,99.9,-24.4,2203.9,4372.2,6915.8,9340.7,-39.2,153.8,316.9,492.3,732.9,-3.7,2326.5,5141.0,7635.9,10470.6
557,-12.4,-17.1,0.5,82.5,71.2,-46.0,2046.9,4059.3,6449.1,8753.0,-57.0,128.4,295.2,449.2,679.5,-25.6,2169.5,4789.8,7092.6,9765.4
558,-18.2,-35.0,-28.0,65.4,40.3,-68.0,1887.3,3754.6,5997.3,8198.5,-71.4,104.5,270.5,421.2,619.1,-41.0,2028.1,4432.7,6552.6,9061.3
559,-4.6,-34.8,-20.8,54.6,33.5,-63.7,1734.8,3477.5,5560.6,7634.2,-65.9,99.2,265.4,415.8,581.4,-34.6,1895.7,4101.3,6072.4,8398.1
560,33.5,-12.1,31.3,51.9,57.0,-26.3,1591.4,3235.0,5142.6,7057.4,-35.5,117.4,285.1,438.9,572.1,-1.0,1774.6,3802.5,5667.2,7786.0
561,63.9,13.2,73.4,49.8,78.5,9.0,1456.7,3001.3,4741.1,6498.7,-7.2,132.9,298.5,452.2,560.0,27.4,1653.3,3517.5,5268.5,7192.9
562,54.8,51.6,64.2,51.3,89.7,33.4,1366.6,2812.3,4423.9,6032.5,9.3,134.1,279.9,415.4,532.4,28.3,1530.8,3304.3,4902.8,6697.1
563,45.7,90.0,54.9,52.7,100.8,57.8,1276.5,2623.4,4106.6,5566.3,25.8,135.3,261.3,378.5,504.8,29.2,1408.3,3091.2,4537.2,6201.2
564,21.8,49.9,27.5,31.7,75.8,11.0,1163.5,2372.4,3768.7,5113.9,1.2,106.7,228.3,333.4,459.4,8.8,1289.0,2864.7,4206.6,5720.3
565,-4.1,-0.3,-2.1,7.9,46.1,-44.8,1047.7,2113.6,3428.1,4663.3,-28.6,74.2,193.5,287.2,411.7,-14.4,1170.0,2636.6,3880.4,5241.3
566,-25.6,-25.0,2.3,-0.9,27.0,-40.9,952.6,1931.8,3142.1,4292.8,-41.9,66.6,174.3,281.2,397.6,-8.2,1080.7,2423.2,3580.7,4844.2
567,-44.6,-34.0,27.6,-0.6,14.5,-0.2,870.5,1797.6,2889.8,3971.8,-45.2,74.3,164.6,300.1,404.3,16.0,1009.5,2218.8,3297.4,4497.6
568,-40.7,-35.4,39.5,-6.1,8.3,19.9,802.0,1664.3,2645.3,3649.5,-38.0,86.7,161.9,314.7,405.2,27.2,938.0,2037.0,3026.5,4155.0
569,4.8,-22.8,26.7,-22.3,14.0,2.4,758.5,1532.8,2415.1,3325.0,-12.0,107.5,172.1,321.6,395.4,14.7,865.7,1896.0,2778.3,3819.8
570,41.3,-12.3,13.0,-36.4,19.7,-15.5,714.1,1403.4,2187.9,3005.6,9.5,127.2,180.7,325.1,387.5,1.5,794.2,1756.2,2538.4,3495.0
571,-4.8,-21.8,-9.0,-32.4,25.9,-36.6,661.9,1294.2,1987.6,2734.6,-12.0,136.3,176.0,296.3,396.7,-17.6,730.2,1627.6,2376.6,3268.0
572,-51.0,-31.4,-31.0,-28.3,32.2,-57.6,609.6,1185.1,1787.2,2463.6,-33.5,145.4,171.2,267.5,406.0,-36.7,666.2,1499.1,2214.8,3041.0
573,-49.4,-40.2,-23.5,-31.7,26.5,-43.6,558.3,1070.7,1636.9,2228.6,-26.2,112.4,186.9,306.4,444.8,-38.0,636.5,1384.5,2040.2,2817.8
574,-39.0,-49.0,-10.6,-36.6,18.5,-23.2,507.1,955.4,1495.8,2000.3,-13.5,71.7,206.3,357.8,489.0,-36.0,613.1,1272.4,1863.4,2595.3
575,-31.9,-24.5,8.3,-30.6,35.2,1.0,447.4,861.7,1363.6,1792.7,2.9,76.8,239.3,396.1,532.9,-23.2,570.8,1185.9,1737.7,2409.4
576,-27.0,22.3,31.2,-17.3,68.5,27.7,382.1,782.3,1237.4,1599.1,21.8,112.8,281.4,425.7,576.6,-3.1,515.9,1116.4,1646.3,2248.1
577,-20.0,43.8,31.8,-1.3,78.7,38.2,340.8,697.2,1111.4,1420.1,31.7,161.1,315.9,451.1,624.9,9.1,471.8,1053.8,1562.6,2118.6
578,-9.3,19.7,-7.7,19.6,47.6,19.6,342.7,601.6,986.0,1267.4,25.3,231.8,336.7,469.0,681.6,7.4,446.9,1003.6,1492.4,2045.9
579,-2.7,-4.9,-41.0,35.6,21.6,1.1,336.7,513.4,863.2,1119.3,14.8,288.8,356.2,491.9,738.3,6.2,420.4,953.1,1425.1,1970.5
580,-25.1,-33.7,-30.1,16.6,31.3,-16.8,274.2,477.3,759.4,1005.4,-25.1,248.2,365.9,550.1,795.5,9.3,383.3,900.7,1378.4,1875.9
581,-47.4,-62.5,-19.3,-2.5,41.0,-34.7,211.7,441.1,655.6,891.4,-64.9,207.6,375.6,608.2,852.7,12.3,346.2,848.2,1331.8,1781.4
582,-43.4,-29.1,-23.3,1.4,1.8,-35.5,176.7,376.2,609.4,771.4,-29.6,223.6,429.8,678.4,929.7,23.8,356.2,840.3,1320.6,1780.2
583,-36.3,11.8,-29.0,8.0,-43.3,-34.3,145.0,307.8,570.0,650.8,14.6,246.3,489.3,750.1,1009.2,36.2,371.8,837.8,1313.6,1790.1
584,-42.8,15.1,-32.3,17.4,-50.2,-31.2,127.4,267.3,489.7,556.7,21.2,282.8,568.2,844.9,1154.7,31.8,385.1,862.8,1334.4,1832.0
585,-55.9,-0.1,-34.4,28.3,-38.4,-27.1,116.6,240.5,389.3,475.8,9.4,326.1,656.6,951.2,1332.7,18.9,397.1,901.2,1368.9,1889.7
586,-60.0,0.7,-37.0,28.8,-24.2,-17.4,110.7,212.2,330.6,428.1,-8.8,365.9,732.6,1067.4,1501.6,20.5,431.8,956.0,1432.1,1971.9
587,-53.2,20.8,-40.1,16.7,-7.0,-0.8,110.4,182.1,322.1,420.5,-34.7,401.5,793.5,1195.7,1659.3,39.2,493.7,1030.3,1529.9,2083.7
588,-47.7,28.7,-36.3,7.7,-0.9,13.5,97.4,155.0,304.7,395.6,-52.0,434.3,859.8,1326.8,1816.6,59.1,541.3,1097.8,1623.3,2198.2
589,-46.5,-1.2,-10.3,8.7,-30.1,20.8,44.2,137.7,259.1,316.5,-42.1,458.4,943.4,1466.6,1972.5,82.4,543.9,1144.1,1702.7,2321.0
590,-45.5,-30.0,13.2,9.2,-57.4,27.3,-6.2,120.1,213.3,238.1,-32.0,484.5,1028.7,1607.5,2132.3,102.4,548.4,1194.8,1785.3,2447.9
591,-51.1,-30.8,-28.6,-2.9,-38.7,10.6,19.0,96.8,161.7,181.8,-16.0,562.8,1160.7,1779.0,2395.1,33.4,604.0,1363.0,1951.9,2683.8
592,-56.7,-31.5,-70.4,-14.9,-20.0,-6.1,44.2,73.4,110.1,125.5,0.1,641.2,1292.8,1950.5,2657.8,-35.7,659.6,1531.2,2118.5,2919.7
593,-57.1,-43.8,-69.2,-15.2,-33.3,-18.5,34.8,65.4,102.9,111.4,2.9,688.1,1403.5,2136.9,2940.6,-33.2,733.1,1629.1,2313.3,3173.4
594,-56.4,-58.3,-59.6,-13.1,-53.0,-30.1,18.6,60.3,104.4,105.6,3.1,728.8,1510.0,2326.2,3227.4,-16.8,810.0,1713.1,2513.5,3430.7
595,-46.5,-62.8,-52.0,-31.7,-61.3,-32.7,-0.4,29.1,93.1,90.4,-11.6,780.9,1629.8,2558.7,3535.2,-6.4,876.1,1826.0,2706.1,3710.5
596,-31.5,-61.7,-45.6,-61.7,-63.4,-30.2,-21.1,-16.5,74.6,70.0,-34.6,839.2,1756.9,2815.3,3854.9,0.7,936.2,1954.8,2894.4,4002.8
597,-21.4,-56.0,-34.1,-67.0,-64.6,-29.8,-23.5,-32.2,54.5,54.9,-39.0,941.4,1941.3,3095.5,4231.8,2.7,1013.3,2134.9,3147.8,4362.5
598,-17.3,-44.7,-16.6,-42.5,-64.7,-31.6,-3.9,-12.1,32.5,46.4,-20.9,1096.3,2194.6,3404.1,4677.5,-1.2,1110.8,2376.4,3479.2,4803.1
599,-7.1,-33.5,-7.1,-18.6,-53.6,-28.1,15.4,7.6,22.4,50.4,-6.9,1263.8,2476.5,3783.6,5202.3,5.5,1229.2,2654.9,3876.7,5330.9
600,19.5,-22.6,-18.7,3.7,-12.8,-10.3,33.9,26.1,43.8,88.1,-3.9,1465.2,2834.9,4352.2,5938.4,40.8,1403.3,3032.4,4450.4,6091.7
601,40.7,-10.0,-26.6,22.0,22.8,3.3,48.6,41.0,61.4,122.3,-2.6,1675.4,3219.4,4965.4,6736.9,68.4,1593.8,3439.7,5067.1,6909.7
602,10.8,17.1,0.7,2.1,8.6,-23.2,26.5,22.5,43.3,124.5,-17.0,1967.8,3849.2,5995.6,8119.7,23.3,1936.5,4127.0,6086.0,8263.4
603,-19.1,44.2,28.1,-17.8,-5.6,-49.6,4.3,3.9,25.3,126.6,-31.5,2260.2,4478.9,7025.8,9502.4,-21.8,2279.3,4814.2,7104.8,9617.0
604,-11.5,62.7,25.8,-18.2,18.3,-8.0,24.3,43.5,73.9,91.5,2.4,2662.0,5306.9,8203.9,11100.2,12.5,2636.1,5538.5,8256.8,11326.1
605,-0.8,80.5,21.0,-17.0,45.2,39.1,47.6,87.8,127.9,53.3,40.2,3072.5,6150.5,9393.6,12715.1,53.0,2994.0,6265.8,9419.2,13063.4
606,-10.4,49.6,-13.7,-22.1,51.2,28.8,25.6,63.9,86.1,36.3,38.9,3668.2,7398.7,11265.8,15269.8,13.3,3610.8,7506.7,11344.9,15618.2
607,-26.3,3.5,-57.8,-29.2,50.7,0.6,-10.4,18.7,14.5,25.8,25.5,4321.7,8772.9,13350.7,18117.5,-51.4,4308.4,8907.7,13508.4,18427.8
608,-25.5,-14.8,-50.1,-2.3,27.1,-22.0,-8.2,13.5,9.5,44.6,3.3,4925.2,9933.2,15162.6,20618.0,-44.3,4912.5,10191.1,15376.0,20993.1
609,-13.7,-14.8,-8.4,46.9,-11.8,-40.9,19.1,34.5,48.0,82.5,-24.6,5496.1,10953.2,16795.6,22891.2,9.8,5455.4,11397.6,17049.9,23398.4
610,-19.8,-8.0,7.1,59.3,-26.5,-48.9,26.3,47.6,53.7,87.3,-30.1,5849.3,11528.9,17735.9,24255.0,36.3,5737.2,12087.2,18029.5,24810.0
611,-47.3,7.3,-9.0,27.1,-12.1,-43.7,9.1,51.2,19.7,52.0,-8.6,5938.9,11566.4,17837.2,24517.7,29.6,5702.9,12150.8,18168.2,25018.2
612,-53.3,20.3,-14.9,5.8,1.4,-30.5,-1.0,42.7,-4.2,23.2,3.3,5954.1,11501.7,17760.0,24512.0,17.0,5644.0,12118.5,18124.6,24963.0
613,-10.5,28.2,2.3,9.1,12.9,0.8,5.2,6.8,-5.4,9.1,-6.6,5800.6,11205.4,17278.3,23898.7,-8.9,5529.4,11868.9,17668.2,24311.1
614,23.3,34.2,18.6,12.6,20.0,26.3,22.5,-18.9,2.9,9.3,-11.6,5638.2,10888.2,16782.1,23258.1,-25.7,5401.1,11592.6,17183.7,23636.3
615,12.2,30.3,30.2,17.6,4.6,22.5,96.2,6.9,58.8,80.3,8.0,5431.5,10466.2,16213.0,22480.8,3.6,5204.4,11182.6,16559.0,22846.6
616,1.8,26.7,41.3,22.3,-9.9,18.9,164.7,31.5,111.9,147.8,26.2,5217.0,10032.8,15619.9,21668.8,32.1,5000.6,10754.7,15911.1,22020.4
617,18.0,29.6,35.0,19.5,5.2,17.6,80.0,18.5,83.3,107.8,2.4,4769.2,9260.8,14309.3,19820.8,37.9,4585.3,9796.6,14569.6,20107.2
618,34.2,32.6,28.7,16.8,20.3,16.3,-4.7,5.4,54.7,67.7,-21.5,4321.3,8488.8,12998.7,17972.8,43.7,4170.0,8838.5,13228.0,18194.0
619,8.9,2.3,7.6,0.1,1.0,7.5,-23.1,18.3,-3.9,12.8,-45.6,4245.9,8350.6,12824.3,17630.7,3.0,4081.3,8708.2,13020.6,17876.6
620,-20.8,-31.5,-14.9,-18.0,-21.8,-1.9,-34.6,34.0,-65.6,-43.7,-69.7,4209.7,8279.2,12769.8,17447.4,-42.6,4027.1,8665.2,12932.6,17727.3
621,-47.1,-53.9,-30.3,-11.5,-20.9,-45.6,-31.4,14.5,-61.1,-47.7,-87.8,4558.7,9088.4,13916.9,19031.5,-60.9,4420.2,9443.9,14116.6,19315.8
622,-72.6,-73.3,-43.7,1.8,-13.3,-98.7,-24.1,-14.8,-38.3,-37.0,-104.2,5014.5,10141.9,15397.2,21105.5,-71.7,4937.3,10450.4,15653.2,21386.0
623,-44.9,-42.7,-29.3,17.0,-5.5,-69.0,-0.5,-3.8,-18.1,-3.6,-75.8,6150.2,12455.2,19047.8,25917.6,-21.4,6115.9,12845.7,19213.1,26190.1
624,9.2,12.8,-1.0,33.2,2.3,2.0,31.3,27.1,1.0,41.2,-25.0,7624.9,15396.6,23780.1,32094.5,59.1,7624.3,15933.2,23781.5,32356.9
625,30.5,13.3,3.9,44.3,25.4,28.1,40.7,33.0,5.4,35.8,9.4,9204.3,18473.4,28573.3,38500.0,61.1,9147.3,19177.0,28556.3,38790.5
626,25.8,-29.9,-9.7,51.3,60.6,18.6,32.5,19.1,-1.6,-9.3,30.8,10866.8,21657.6,33414.5,45086.8,0.9,10682.0,22544.5,33494.4,45435.6
627,32.3,-17.1,8.0,62.5,94.4,15.7,41.4,31.2,20.1,-8.0,42.0,12206.7,24201.5,37188.7,50359.8,-14.6,11940.4,25271.6,37498.8,50746.5
628,52.5,62.8,63.2,78.9,126.7,20.7,70.9,74.5,76.5,49.2,41.0,13159.7,25977.4,39682.8,54056.9,23.5,12867.4,27230.7,40382.9,54457.0
629,63.7,111.8,105.8,94.2,142.8,26.2,84.3,102.6,113.3,115.0,39.0,14008.1,27558.2,41999.7,57327.7,55.5,13679.7,28947.3,42915.8,57824.7
630,58.8,105.3,125.6,107.7,129.8,32.5,68.7,103.4,115.2,196.2,35.3,14668.7,28788.1,43998.1,59832.4,76.2,14285.6,30228.0,44817.2,60576.3
631,56.7,97.6,132.9,107.8,113.7,45.9,52.5,93.3,106.5,225.9,39.2,14982.1,29318.9,44902.2,60966.6,79.9,14517.8,30809.1,45666.3,61929.0
632,62.3,86.4,105.7,71.2,89.0,78.9,34.5,53.5,69.0,113.9,64.4,14339.6,27925.5,42794.1,58328.6,36.3,13721.2,29464.7,43618.7,59431.4
633,65.4,73.2,82.6,46.9,71.6,100.3,20.8,25.8,44.0,27.7,77.6,13457.6,26105.9,40027.7,54780.1,6.1,12748.0,27630.1,40891.9,55954.1
634,57.7,51.6,77.9,78.5,87.0,69.3,26.4,52.5,75.7,57.7,36.6,11496.8,22366.3,34294.5,47129.8,36.4,10979.3,23587.3,35105.2,48063.1
635,48.2,32.3,76.3,104.7,105.0,44.2,33.0,76.8,103.2,90.0,-2.1,9588.5,18707.9,28684.2,39625.2,60.4,9250.2,19651.5,29432.1,40337.5
636,23.3,33.0,101.5,83.2,146.6,69.0,49.1,79.7,94.4,142.7,-20.3,8137.5,15756.2,24143.2,33388.6,30.4,7866.6,16648.0,24747.1,34051.1
637,-2.2,34.0,123.8,62.0,183.6,91.3,63.9,81.2,85.0,190.6,-37.7,6689.9,12816.4,19621.2,27174.0,1.1,6482.6,13650.5,20082.8,27786.2
638,-47.2,46.8,54.5,47.2,76.8,35.2,40.4,38.7,55.1,85.6,-30.2,5351.0,10251.3,15700.9,21653.9,-4.4,5089.1,10839.4,16071.1,22205.9
639,-92.2,59.6,-14.9,32.4,-30.0,-20.8,16.9,-3.7,25.3,-19.3,-22.7,4012.1,7686.3,11780.7,16133.7,-9.9,3695.6,8028.3,12059.4,16625.6
640,-61.3,31.6,2.6,5.3,-29.0,-13.9,22.3,1.1,28.2,-3.0,-10.8,3339.2,6453.1,9870.0,13492.4,-28.2,3114.4,6749.1,10057.1,13871.0
641,-27.5,2.1,23.4,-22.3,-24.1,-4.7,28.7,7.6,32.3,17.8,1.3,2690.8,5269.1,8033.4,10957.4,-47.0,2563.1,5526.6,8128.9,11220.8
642,-38.0,-26.2,-16.2,6.3,-34.0,-33.8,16.9,15.0,-3.6,38.6,-38.8,2572.9,5081.0,7784.8,10747.2,-47.4,2514.1,5391.9,7897.2,10876.5
643,-53.1,-54.3,-62.2,40.9,-45.5,-67.0,3.2,22.5,-43.7,59.4,-84.3,2511.0,4998.0,7704.0,10782.7,-45.9,2518.1,5372.3,7844.8,10775.8
644,-67.7,5.1,-28.9,9.0,-8.3,-37.5,-3.0,-2.9,-13.8,31.5,-65.0,2514.1,4942.3,7660.4,10606.2,-20.4,2470.3,5273.3,7722.1,10678.1
645,-82.3,79.9,18.3,-34.7,37.4,3.0,-7.8,-34.0,28.4,-5.0,-34.3,2528.6,4891.3,7623.3,10392.4,9.3,2413.4,5160.3,7586.9,10580.8
646,-54.9,72.0,25.6,-33.1,59.2,18.8,-8.9,-36.8,7.9,-24.0,16.2,2506.3,4820.2,7394.5,10151.5,0.3,2330.0,5058.6,7463.1,10360.1
647,-17.3,43.8,23.0,-20.3,75.1,28.6,-9.0,-32.7,-27.8,-38.6,71.7,2475.0,4744.1,7118.8,9904.0,-18.2,2240.2,4959.7,7341.9,10109.2
648,-15.2,11.8,-1.5,35.6,50.2,23.0,24.7,-21.7,4.7,-6.3,48.8,2347.9,4525.6,6818.0,9485.6,-24.4,2145.8,4763.6,7075.7,9737.8
649,-24.1,-21.4,-32.9,105.1,12.4,12.7,69.1,-8.5,58.5,40.6,1.5,2190.8,4262.6,6509.4,9013.9,-26.8,2050.0,4537.2,6764.2,9328.9
650,-51.1,-45.2,-52.9,63.5,-15.4,14.5,31.3,-22.3,38.9,28.5,-24.9,1910.6,3720.6,5702.8,7917.5,-27.4,1808.0,3948.6,5931.7,8187.7
651,-84.8,-65.5,-68.6,-19.9,-39.6,20.9,-37.2,-46.3,-8.4,-5.9,-43.4,1584.3,3073.8,4709.2,6586.6,-27.4,1511.2,3224.1,4903.6,6771.5
652,-91.7,-97.6,-84.8,-83.8,-78.4,-22.0,-87.4,-77.8,-65.0,-81.5,-76.0,1285.5,2502.7,3868.9,5422.4,-59.6,1224.2,2624.6,4011.8,5552.7
653,-87.0,-134.7,-101.2,-139.3,-123.6,-86.2,-129.6,-112.6,-125.6,-175.0,-114.5,998.6,1964.4,3094.9,4330.1,-105.7,941.6,2079.1,3179.0,4419.1
654,-87.9,-93.7,-100.6,-109.5,-120.2,-99.3,-109.8,-98.3,-93.2,-171.7,-109.1,818.1,1667.1,2618.9,3663.7,-66.3,786.4,1805.1,2710.6,3745.8
655,-91.4,-15.2,-91.8,-39.0,-93.5,-88.0,-60.2,-60.6,-16.2,-122.0,-82.5,688.7,1485.5,2285.8,3201.4,14.1,692.3,1661.2,2416.8,3293.1
656,-68.8,37.0,-37.8,-2.6,-70.5,-50.9,-49.9,-24.3,7.8,-69.2,-60.8,592.7,1312.7,2021.9,2830.8,24.5,606.9,1456.9,2162.6,2927.1
657,-32.7,75.7,39.5,16.1,-49.4,-0.6,-59.8,11.4,4.5,-14.7,-41.5,513.9,1144.6,1793.8,2507.4,-1.0,526.2,1221.5,1928.8,2605.9
658,-40.9,60.4,38.9,1.9,-41.2,10.8,-46.9,3.4,2.2,-4.7,-8.3,448.5,1042.3,1571.9,2212.9,-21.0,461.9,1053.1,1684.0,2295.2
659,-73.0,16.0,-3.7,-30.0,-39.9,1.2,-21.7,-28.1,0.3,-18.7,32.2,390.5,975.3,1353.5,1933.8,-37.8,406.6,920.9,1433.1,1990.1
660,-75.9,-7.2,-16.4,-32.8,-33.1,-31.0,-12.5,-40.9,-4.3,-19.1,21.6,355.7,856.6,1197.1,1713.0,-36.2,358.1,838.0,1241.3,1776.0
661,-62.8,-19.0,-12.7,-19.6,-23.4,-75.4,-12.1,-43.6,-10.3,-12.1,-17.0,333.6,709.7,1074.6,1524.0,-24.4,313.3,782.2,1081.6,1611.8
662,-29.3,-41.4,9.8,-3.3,-12.2,-58.2,-3.1,-21.0,-10.6,11.7,-31.2,312.7,634.5,1037.2,1420.7,-0.2,311.2,722.7,1022.3,1499.6
663,15.1,-69.5,42.4,14.9,-0.2,-7.5,10.6,15.3,-7.6,44.4,-32.1,292.4,598.0,1045.9,1363.6,30.6,332.2,661.3,1017.1,1415.5
664,20.4,-59.1,27.3,-23.8,2.0,-5.1,-23.9,-25.6,-13.3,1.4,-38.4,270.3,567.9,989.3,1322.8,9.4,299.1,587.8,935.9,1339.4
665,5.5,-28.8,-12.4,-91.8,-0.8,-27.6,-83.4,-106.4,-23.3,-80.8,-47.5,247.3,541.2,898.9,1290.4,-38.7,238.0,507.9,815.4,1267.5
666,-15.0,-23.1,-51.6,-102.9,-6.8,-61.9,-71.4,-118.5,-60.6,-86.9,-74.7,251.1,529.5,833.8,1222.1,-68.8,218.8,530.8,799.3,1223.2
667,-38.3,-29.4,-90.7,-86.4,-14.4,-102.0,-24.8,-97.5,-111.0,-56.3,-110.8,267.9,525.2,781.0,1136.4,-90.1,219.8,603.4,833.6,1192.4
668,-35.4,-47.6,-93.4,-72.5,-39.0,-74.4,-18.1,-94.0,-68.2,-43.8,-88.2,283.9,504.9,774.4,1107.4,-71.8,208.2,589.9,788.6,1153.8
669,-21.0,-71.0,-80.3,-59.7,-71.1,-17.2,-28.8,-98.0,15.4,-39.1,-40.0,299.6,477.8,788.0,1103.3,-36.2,191.0,539.0,708.9,1112.0
670,-49.6,-52.9,-65.9,-46.2,-57.6,-27.3,-65.9,-110.0,3.9,-51.7,28.6,241.6,466.5,766.0,1051.4,-38.0,171.9,496.5,704.7,1086.0
671,-94.6,-18.9,-51.0,-32.4,-26.6,-62.9,-113.0,-125.0,-43.9,-70.8,104.9,155.6,461.2,730.5,981.3,-54.1,152.1,457.2,729.3,1066.2
672,-62.1,-8.9,-44.7,-2.5,6.6,-37.2,-89.5,-99.1,-48.6,-71.5,55.6,189.5,413.6,648.7,943.1,-41.8,158.6,473.2,719.5,971.2
673,-5.0,-6.4,-41.1,32.5,40.7,8.0,-43.5,-60.2,-39.6,-66.4,-33.5,261.4,352.6,552.3,915.1,-20.5,173.4,506.8,698.8,852.5
674,-25.1,-56.0,-51.5,-14.1,-32.2,-1.0,-36.7,-55.4,-89.3,-59.0,-87.2,194.7,291.5,481.9,778.3,-47.8,167.8,403.9,587.6,736.1
675,-64.5,-118.6,-65.4,-81.0,-131.9,-23.6,-39.7,-59.1,-153.6,-51.0,-132.1,93.4,230.4,417.9,614.5,-87.2,157.1,267.0,453.7,620.3
676,-71.3,-96.3,-24.5,-102.0,-103.5,-38.7,-54.4,-74.1,-132.2,-44.0,-104.2,82.0,195.8,401.7,512.1,-72.7,136.1,218.1,430.4,572.1
677,-72.2,-58.7,26.4,-114.7,-52.0,-52.5,-71.2,-91.2,-95.3,-37.2,-63.1,86.9,166.0,394.1,420.8,-48.4,113.4,185.1,427.2,536.1
678,-37.5,-62.1,-8.6,-63.1,-36.9,-67.7,-66.6,-25.9,-65.1,-82.1,-46.8,71.1,150.6,313.3,435.0,-45.2,87.5,224.8,376.1,499.4
679,1.1,-70.1,-52.9,-4.4,-25.7,-83.0,-59.5,48.3,-35.5,-132.6,-33.1,53.0,136.6,224.5,460.8,-44.4,61.3,272.5,319.9,462.6
680,23.9,-43.1,-54.8,34.8,-31.9,-48.0,-30.7,14.6,18.8,-24.8,-26.4,105.9,175.4,241.6,421.9,-17.8,75.4,259.2,320.3,483.4
681,44.1,-15.3,-52.9,70.9,-38.4,-11.6,-2.8,-23.3,71.6,85.2,-21.3,159.7,213.2,263.7,380.7,10.1,90.5,243.5,323.1,503.4
682,-1.2,-7.9,22.5,21.3,-34.1,3.7,-33.9,-55.5,36.9,52.4,-64.0,151.9,145.6,309.3,351.2,49.0,83.4,227.1,326.7,412.2
683,-45.3,-6.0,87.3,-23.6,-29.9,19.9,-58.9,-81.0,-0.0,19.1,-98.1,135.8,89.6,343.4,321.2,75.6,73.1,203.6,320.2,330.2
684,-78.5,-53.2,57.6,-27.7,-27.5,43.9,-29.2,-47.2,-56.4,-19.7,-56.5,46.3,137.9,273.6,286.5,-7.1,34.6,116.5,224.4,329.8
685,-96.9,-91.9,26.0,-23.7,-25.5,48.2,-7.3,-25.3,-88.1,-48.3,-25.2,-16.1,172.9,214.8,261.0,-74.5,7.9,57.0,146.8,330.9
686,-47.9,-91.6,-14.7,16.9,-25.1,-37.4,-21.3,-57.3,-7.9,-30.2,-40.7,44.3,147.5,205.4,277.8,-72.3,35.0,122.7,152.5,338.3
687,-20.0,-91.7,-29.9,34.3,-29.8,-83.3,-25.3,-70.7,48.5,-1.3,-45.0,82.2,134.7,194.8,291.8,-58.4,56.8,164.0,160.9,335.9
688,-50.0,-92.6,25.1,-12.0,-48.2,-19.7,-1.5,-32.6,38.7,57.5,-18.0,57.9,157.1,180.6,298.4,-12.3,64.0,137.6,176.9,306.8
689,-55.1,-71.8,42.4,-40.5,-49.9,8.1,5.1,-5.9,25.8,61.2,7.2,43.2,157.1,187.2,312.6,1.1,66.7,108.2,178.9,272.1
690,-15.7,-12.2,-7.8,-37.0,-21.6,-28.4,-18.9,0.1,7.6,-33.8,29.2,45.4,117.2,231.2,340.5,-44.3,61.0,73.3,156.2,227.5
691,8.3,22.5,-45.1,-25.8,-8.3,-44.8,-33.1,-13.1,-10.6,-98.1,24.8,48.3,91.2,208.4,322.0,-57.5,48.9,89.1,156.0,225.8
692,13.9,27.6,-67.1,-5.4,-12.7,-37.3,-35.4,-49.2,-28.6,-125.7,-11.0,52.2,81.9,106.3,248.5,-32.4,29.1,165.2,182.8,275.2
693,-3.0,20.0,-61.9,17.0,-17.2,-40.6,-25.3,-58.9,3.0,-86.1,-27.5,29.8,68.7,115.9,231.3,0.1,52.9,174.5,203.4,258.8
694,-37.5,2.5,-35.7,41.1,-21.6,-52.4,-5.4,-48.0,73.1,6.1,-29.0,-13.1,52.6,212.7,257.9,38.3,110.9,131.7,219.3,191.1
695,-56.1,25.6,-44.3,33.5,-49.6,-55.1,-39.6,-45.2,79.3,-12.5,-20.5,-18.4,60.6,212.1,225.5,38.6,84.3,87.2,193.3,159.5
696,-67.1,68.4,-69.8,10.5,-88.9,-53.4,-100.2,-46.4,54.4,-84.9,-7.0,-5.6,80.3,164.3,164.3,20.4,16.7,41.8,147.1,145.5
697,-84.6,-11.5,-97.6,-23.0,-113.7,-24.7,-140.7,-65.9,-40.2,-145.4,-54.4,0.2,110.7,71.2,153.4,-53.1,-10.5,57.3,124.4,129.9
698,-103.9,-123.7,-126.0,-59.4,-134.7,11.1,-175.9,-90.3,-153.3,-202.7,-117.9,4.2,143.9,-33.9,155.8,-141.2,-26.9,89.0,107.9,113.9
699,-108.5,-96.4,-141.0,-44.2,-49.1,-41.2,-98.2,-121.8,-103.7,-106.6,-111.9,-36.2,43.0,3.4,156.9,-127.4,23.7,79.5,103.5,119.9
700,-110.0,-53.2,-150.9,-26.1,42.8,-96.2,-14.6,-148.6,-40.0,-2.3,-96.3,-76.1,-60.3,53.8,160.0,-101.1,76.7,68.2,102.3,129.4
701,-75.7,54.8,-79.6,-45.2,64.1,-39.7,-23.4,-63.7,7.0,-19.1,-13.1,-21.9,40.8,102.0,208.5,-9.1,49.4,97.3,142.4,172.1
702,-46.1,128.5,-23.7,-43.5,77.8,2.4,-26.7,13.2,35.8,-42.6,52.3,28.9,126.2,137.6,243.9,61.1,24.4,122.8,174.5,209.7
703,-37.8,49.2,-36.2,50.5,58.1,-19.1,-5.4,53.8,-16.4,-95.6,38.1,64.2,141.6,117.3,220.6,34.0,10.1,132.1,171.4,224.8
704,-42.2,-20.9,-43.9,113.5,35.9,-46.7,-2.1,62.9,-32.4,-88.1,5.2,71.2,119.9,89.1,186.7,3.9,10.0,127.6,166.6,223.2
705,-72.5,-72.1,-41.7,112.6,8.7,-86.8,-35.8,7.3,26.2,43.8,-66.2,19.7,21.7,44.5,131.1,-32.4,39.4,95.0,158.1,187.1
706,-90.7,-85.8,-26.3,80.7,-15.6,-86.3,-36.9,-33.1,47.1,75.1,-81.2,3.6,-18.7,58.6,92.9,-40.1,43.4,97.0,125.9,146.9
707,-95.6,-58.3,3.6,14.7,-36.5,-41.2,-2.4,-57.0,26.7,-4.0,-34.3,26.2,4.2,137.2,74.1,-16.5,19.4,137.1,67.7,102.1
708,-88.2,-59.4,-62.8,-30.1,-40.2,-48.5,-13.3,-77.9,-15.4,-84.8,8.3,42.5,15.4,154.5,59.6,-58.5,-7.3,98.2,32.2,105.4
709,-73.6,-77.2,-185.1,-62.7,-33.8,-86.0,-50.6,-97.1,-70.0,-166.7,48.3,55.2,19.8,136.4,47.8,-138.4,-35.6,13.7,9.8,136.5
710,-96.0,-97.1,-148.2,-26.1,-45.0,-115.7,-0.4,-97.3,-57.9,-136.4,15.8,-3.5,19.5,96.5,78.8,-87.8,-8.5,58.6,37.5,150.6
711,-127.7,-117.5,-70.6,28.2,-60.6,-143.5,72.1,-92.6,-28.8,-77.4,-35.2,-80.6,17.9,51.0,120.8,-3.8,32.7,136.6,78.0,160.3
712,-66.7,-48.3,-26.4,-6.9,-13.4,-72.4,-16.4,-61.9,30.5,-12.7,-36.0,-68.0,41.0,112.8,122.1,-14.0,57.4,120.7,63.6,125.3
713,-8.4,11.2,2.8,-42.7,21.0,-12.5,-89.7,-39.2,71.3,28.6,-33.1,-54.4,53.5,159.4,120.3,-30.8,71.5,94.4,46.5,96.6
714,13.8,-7.8,-51.3,-64.4,-35.1,-41.1,-36.1,-70.0,-5.6,-74.0,-18.0,-54.4,-3.5,91.6,107.8,-67.6,25.0,25.4,24.6,116.1
715,13.8,-20.3,-91.0,-66.8,-59.4,-64.4,12.0,-70.0,-55.6,-128.4,-13.2,-36.6,-21.5,64.7,117.8,-72.6,-15.6,-1.2,34.2,146.5
716,-32.3,-19.3,-100.5,-28.8,-16.9,-76.5,48.3,-5.9,-49.5,-82.6,-29.8,18.6,42.2,123.4,174.8,-11.1,-43.9,60.7,109.7,199.5
717,-29.3,-15.1,-80.3,-20.4,-39.6,-107.0,7.8,3.8,-54.7,-45.6,-53.8,19.5,49.1,107.2,165.6,-1.8,-55.7,41.4,108.3,184.1
718,20.5,-7.9,-32.0,-40.1,-124.4,-154.8,-105.7,-38.3,-70.8,-17.0,-85.0,-31.4,2.1,19.8,93.4,-42.1,-51.8,-54.9,33.6,103.8
719,1.0,-38.8,3.2,-58.8,-87.2,-99.2,-111.4,-57.0,-105.6,-35.8,-25.1,-26.1,50.5,56.2,83.9,-64.7,-33.0,-41.7,23.2,115.7
720,-47.2,-85.5,33.0,-77.1,0.2,-0.7,-72.4,-65.9,-148.3,-74.2,72.4,2.3,138.2,143.7,100.3,-80.0,-8.0,16.8,39.4,165.8
721,-80.5,-99.2,-47.8,-69.6,-24.3,-69.9,-115.4,-116.2,-192.7,-114.8,-46.2,-73.6,24.5,79.9,62.4,-136.7,-43.5,-0.6,-0.5,115.1
722,-110.7,-102.6,-123.1,-57.7,-59.1,-152.0,-154.1,-162.1,-225.7,-140.3,-169.5,-142.5,-99.7,10.5,28.7,-184.1,-70.4,-22.4,-38.7,65.0
723,-128.1,-53.8,-73.8,-31.1,-85.9,-205.9,-98.4,-142.5,-172.1,-50.2,-165.4,-80.9,-151.5,12.2,68.4,-129.2,13.5,-19.9,-22.4,95.1
724,-113.5,13.7,-32.9,-26.0,-85.3,-208.5,-64.4,-96.9,-99.7,-1.3,-108.9,-33.1,-122.2,38.0,97.5,-71.5,70.1,-14.0,25.4,117.6
725,-34.7,119.0,-8.7,-64.3,-29.4,-107.7,-73.8,1.5,10.6,-35.5,53.4,-13.0,70.5,112.2,105.2,-7.9,71.4,-1.3,136.5,124.8
726,-5.0,104.8,-7.8,-51.3,1.1,-72.0,-90.2,10.0,32.8,-72.4,85.9,9.1,147.2,116.0,94.0,-32.3,72.7,34.7,229.4,141.6
727,-15.1,-6.4,-25.8,3.4,11.0,-89.2,-112.3,-54.3,-16.3,-111.5,13.0,32.8,129.9,62.9,67.3,-128.0,73.9,89.6,307.7,166.3
728,-45.0,-98.6,-97.9,-35.6,-57.2,-125.0,-111.3,-119.4,-87.6,-95.9,-81.0,-28.9,30.4,-7.3,20.4,-115.1,119.7,62.2,178.4,111.2
729,-81.1,-182.6,-183.2,-100.5,-146.8,-165.1,-104.9,-183.4,-163.5,-65.8,-178.7,-114.0,-90.8,-80.8,-31.1,-72.9,175.4,12.0,-7.3,34.0
730,-158.2,-64.2,-108.6,-121.5,-188.0,-129.5,-166.8,-151.7,-118.3,-101.6,-107.7,-148.5,-91.1,-43.8,1.5,-126.9,27.1,-3.1,-15.2,-6.7
731,-195.8,20.2,-60.4,-139.1,-179.9,-89.3,-196.5,-121.9,-89.9,-115.4,-55.7,-151.3,-68.3,-10.8,27.1,-162.1,-72.8,-13.0,-19.1,-16.8
732,-117.0,4.0,-90.5,-146.8,-26.0,-36.1,-131.0,-98.0,-111.2,-63.9,-59.6,-60.8,23.0,10.5,32.0,-141.7,-29.5,-7.8,-11.1,63.6
733,-65.8,-47.3,-116.6,-125.9,27.1,0.4,-67.7,-53.0,-104.4,-25.0,-83.9,-42.9,48.4,5.9,51.2,-108.5,-15.5,4.0,12.9,75.0
734,-42.4,-133.8,-138.9,-76.4,-20.6,20.1,-6.8,12.9,-69.4,1.4,-128.7,-97.5,7.9,-24.5,84.5,-62.4,-30.6,22.3,53.0,17.5
735,-49.4,-59.2,-52.0,-31.0,9.7,51.2,11.6,25.7,27.6,16.8,18.6,-25.8,61.7,114.5,121.0,-26.6,70.2,45.7,71.6,89.0
736,-65.0,66.5,68.7,12.4,64.6,85.4,15.6,20.6,142.0,27.8,224.9,86.1,145.5,305.2,157.5,4.9,206.5,69.8,82.6,201.2
737,30.6,29.2,21.3,4.9,38.2,59.2,-22.3,-26.5,6.5,-40.3,88.2,87.7,139.8,173.1,111.8,-42.4,133.3,12.5,49.9,174.3
738,50.1,-14.6,-41.4,-13.2,8.4,-2.2,-65.8,-78.7,-129.5,-83.6,-25.6,53.8,99.3,54.6,69.0,-68.9,42.5,-27.2,-1.3,135.0
739,-128.1,-75.6,-144.2,-58.9,-30.2,-155.4,-123.6,-143.9,-267.0,-62.7,-79.9,-72.1,-31.8,-28.2,33.6,-41.3,-93.9,-21.0,-101.1,63.4
740,-169.8,-60.5,-131.0,-92.8,-40.0,-147.7,-143.1,-113.9,-250.6,20.9,-117.3,-85.6,-54.7,25.9,68.5,-38.1,-114.7,-11.3,-59.7,39.6
741,-99.6,17.1,-22.8,-117.1,-26.1,-8.1,-131.2,-5.7,-108.2,156.0,-140.9,-6.9,11.2,192.3,160.8,-55.0,-40.6,1.2,97.2,54.9
742,-18.9,-12.2,-8.1,-55.5,1.1,10.5,-68.7,4.8,-82.4,56.7,-25.2,-19.2,63.1,174.9,178.6,-32.2,10.9,4.0,122.5,109.2
743,45.8,-66.9,-20.5,13.0,15.7,-2.8,-2.5,-5.6,-83.7,-85.7,82.6,-46.4,103.9,108.6,169.5,-18.7,43.2,3.7,118.0,156.6
744,-31.8,-146.2,-92.9,-3.9,-90.2,-69.4,9.3,-20.8,-107.5,-184.7,-99.6,-41.8,80.2,-43.3,70.6,-142.6,-38.4,-5.2,95.3,86.6
745,-124.0,-230.5,-136.9,-52.3,-191.2,-162.4,-39.8,-83.5,-139.3,-233.5,-231.8,-98.0,7.2,-73.3,-10.9,-222.1,-92.5,-31.3,16.6,9.9
746,-238.0,-322.2,-139.1,-147.3,-285.2,-294.2,-178.8,-216.1,-182.9,-208.4,-290.1,-244.0,-138.7,76.6,-66.5,-236.1,-106.1,-82.8,-144.4,-76.7
747,-198.8,-196.2,-100.9,-105.0,-214.5,-227.4,-169.9,-181.3,-110.3,-128.4,-193.9,-164.9,-120.2,123.5,-17.2,-139.8,-93.9,-33.0,-98.5,-12.2
748,-94.4,21.0,-45.6,-4.9,-74.1,-76.8,-98.0,-76.0,11.1,-25.6,-32.8,9.1,-32.0,126.4,76.6,2.1,-70.8,60.0,35.3,115.9
749,-33.4,-18.2,-20.9,-5.9,2.8,-84.6,-34.8,-99.2,-16.5,-34.4,-50.7,23.1,15.6,61.0,102.3,-128.8,-46.0,185.4,158.0,108.8
750,-2.7,-24.8,-15.2,-2.0,27.8,-62.8,12.0,-102.4,-7.3,-18.2,-57.4,42.6,59.7,24.3,152.6,-176.9,-15.3,250.2,209.8,108.6
751,-38.0,39.6,-50.8,12.7,-60.1,23.0,23.2,-62.5,82.0,52.5,-39.9,74.2,96.0,50.1,256.0,-45.5,28.3,183.3,107.8,123.3
752,-59.2,55.5,-7.0,15.7,-27.2,-5.2,-10.9,-22.8,62.3,46.1,34.2,24.1,68.3,53.4,241.1,-8.5,63.1,92.0,36.6,120.9
753,-72.3,43.2,83.1,11.8,76.0,-99.7,-71.5,16.7,-20.8,-5.1,141.3,-73.5,3.4,43.6,157.3,-26.6,92.8,-13.3,-16.6,108.6
754,-46.6,-0.6,31.0,69.0,63.1,-26.0,-14.9,21.1,-36.4,-84.1,116.6,15.2,51.8,28.9,140.1,20.1,105.7,25.7,59.4,119.6
755,-25.6,-21.0,-11.0,104.2,36.9,26.3,44.4,43.1,-14.9,-106.1,62.2,68.9,69.3,35.3,135.1,57.7,113.8,59.1,125.1,154.1
756,-21.4,21.1,-10.1,76.5,-9.3,4.6,96.8,113.9,92.5,18.9,-51.8,12.2,-4.5,95.7,152.7,65.1,111.5,61.0,149.2,245.5
757,-55.3,4.7,-35.3,-10.6,-46.0,0.6,2.9,53.1,86.4,-2.3,-57.2,-41.0,-27.5,114.6,107.2,67.4,52.5,70.9,115.4,122.5
758,-112.6,-47.7,-76.4,-134.4,-76.8,7.4,-180.9,-88.7,10.6,-113.4,3.9,-92.2,-19.4,108.0,22.9,66.6,-41.3,85.6,45.8,-132.2
759,-81.4,-30.2,-34.0,-31.7,-43.1,30.9,-33.0,-26.9,-16.2,-109.9,49.4,-23.2,-10.5,60.4,62.1,3.3,42.5,52.0,51.7,12.7
760,-74.8,-38.4,-29.4,58.3,-10.8,40.4,32.7,21.2,-29.3,-88.9,40.1,3.8,-23.1,-12.6,90.2,-23.7,78.4,8.4,43.3,118.6
761,-131.5,-110.2,-116.7,99.6,13.0,17.5,-115.0,19.9,-16.3,-38.9,-90.1,-74.2,-83.7,-138.9,82.3,35.8,-8.9,-53.0,-3.7,101.2
762,-156.9,-128.3,-74.4,56.7,11.6,-25.8,-104.7,-26.3,64.8,9.2,-103.4,-71.8,-82.1,-55.9,120.7,12.9,2.3,-30.9,35.0,99.3
763,-163.6,-117.4,30.9,-27.1,-1.3,-75.6,-16.9,-90.9,174.8,54.8,-56.1,-27.3,-49.1,129.9,180.9,-50.0,60.5,31.1,114.0,106.8
764,-60.9,-34.3,30.6,-33.8,31.1,37.0,-40.0,16.3,56.6,35.8,40.1,64.0,-18.5,170.5,167.8,-37.6,2.6,-5.3,63.7,179.0
765,-19.4,-6.8,-6.0,-40.5,47.7,45.6,-72.3,62.1,-24.8,-8.6,38.8,75.9,11.9,119.1,134.3,-55.1,-51.7,-16.7,58.7,165.6
766,-73.7,-66.1,-99.4,-47.3,39.9,-107.9,-118.9,12.2,-48.6,-92.6,-114.8,-36.2,42.0,-75.9,68.8,-119.1,-100.4,10.8,124.2,18.7
767,-191.6,-145.2,-78.9,-82.5,-49.1,-189.6,-232.3,-88.5,-33.8,-86.4,-142.7,-132.4,-44.0,-78.9,18.5,-133.3,-121.8,18.9,17.5,-16.9
768,-283.7,-195.3,-39.2,-118.4,-138.0,-229.4,-322.2,-180.7,-18.0,-66.5,-122.7,-199.5,-134.3,-9.5,-17.5,-109.8,-119.7,20.8,-105.1,-4.2
769,-102.3,-34.7,-96.7,-105.3,-75.7,-150.9,-146.7,-127.1,-67.5,-131.6,-48.0,-122.0,-34.2,137.3,4.7,47.7,-27.6,21.5,-2.4,92.3
770,-32.8,-36.6,-157.7,-72.5,-22.8,-148.9,-65.7,-70.0,-115.0,-151.5,-87.0,-86.6,-6.3,98.7,54.6,60.6,6.5,-2.8,71.5,125.5
771,-63.4,-183.6,-221.9,-22.2,21.6,-215.0,-69.0,-9.6,-160.6,-130.9,-227.4,-89.0,-43.0,-105.6,129.2,-55.5,-11.2,-49.4,119.7,102.1
772,-125.4,-113.0,-45.1,76.7,7.8,-158.1,-89.8,5.8,-45.3,-38.5,-189.9,-59.4,-105.2,56.8,226.7,-59.4,46.3,-44.4,112.7,97.6
773,-160.2,-19.6,74.1,109.2,-19.4,-87.7,-99.4,-1.8,40.2,-3.5,-113.3,-15.5,-141.7,150.9,226.3,-25.6,80.0,-30.2,90.2,123.0
774,-130.7,82.3,24.1,-10.2,-64.7,-11.6,-81.2,-50.3,31.3,-105.4,14.2,53.2,-117.8,29.4,10.9,68.2,48.8,-6.1,44.8,209.2
775,-186.0,-4.9,-73.3,-78.7,-92.3,-60.9,-44.7,-171.6,-52.7,-178.7,46.7,27.9,-83.8,-55.1,-41.3,0.4,-25.0,43.2,-34.3,154.7
776,-246.0,-143.0,-165.6,-104.1,-95.3,-129.2,-3.2,-266.7,-137.6,-210.7,34.2,-28.6,-38.9,-100.2,-7.6,-94.7,-83.7,124.9,-102.1,60.7
777,-121.1,-135.7,-104.0,25.8,18.7,-3.3,23.6,-3.5,-36.4,-43.7,-33.1,-51.0,51.7,19.5,177.6,41.0,66.1,356.3,-9.5,64.5
778,-47.4,-34.2,29.4,55.0,89.9,69.4,-0.4,152.8,47.6,57.6,-35.3,7.9,105.3,174.1,291.4,134.6,179.5,339.6,110.6,143.7
779,-16.0,145.0,222.1,0.9,125.7,98.4,-66.5,220.7,117.3,104.7,16.1,133.9,128.4,357.4,346.3,193.4,262.7,118.0,253.5,285.1
780,38.8,30.6,67.8,-18.7,-57.4,-88.7,-90.4,28.3,52.3,-89.7,72.4,50.8,101.5,133.8,217.8,-3.8,-11.6,153.6,177.2,132.1
